qid,question,answer,context
0,"Xin chào, cho em xin thông tin tổng quát về tuyển sinh như bao nhiêu chỉ tiêu, bao nhiêu ngành, bao nhiêu chuyên ngành và tổng công có bao nhiêu chương trình đào tạo Chính quy năm 2025 của Trường ĐH Bách khoa (mã QSB) được không?","40 NGÀNH \- HƠN 60 CHUYÊN NGÀNH \- TỔNG CHỈ TIÊU: 5.550 SINH VIÊN

- Chương trình Tiêu chuẩn
- Chương trình Tài năng
- Chương trình Tiên tiến
- Chương trình PFIEV
- Chương trình Dạy và học bằng tiếng Anh
- Chương trình Định hướng Nhật bản
- Chương trình Chuyển tiếp Quốc tế (Úc, Mỹ, New Zealand)
- Chương trình Chuyển tiếp Quốc tế (Nhật Bản)
- Chương trình Liên kết Cử nhân Kỹ thuật Quốc tế","THÔNG TIN TUYỂN SINH ĐẠI HỌC CHÍNH QUY
TRƯỜNG ĐẠI HỌC BÁCH KHOA NĂM 2025
MÃ TRƯỜNG: QSB
40 NGÀNH - HƠN 60 CHUYÊN NGÀNH - TỔNG CHỈ TIÊU: 5.550 SINH VIÊN

1. CHƯƠNG TRÌNH ĐÀO TẠO
Chương trình Tiêu chuẩn
Đào tạo 40 ngành/ chuyên ngành (các ngành tuyển sinh theo nhóm ngành sẽ phân ngành từ năm thứ 2 theo kết quả học tập), giảng dạy bằng tiếng Việt, học phí khoảng 15 triệu đồng/HK, kế hoạch đào tạo 4 năm, địa điểm học tại Cơ sở Dĩ An

Chương trình Tài năng
Đào tạo 15 nhóm ngành/ ngành, dạy bằng tiếng Việt (dựa trên chương trình Tiêu chuẩn với các môn cốt lõi dành cho chương trình Tài năng), học phí khoảng 15 triệu đồng/HK, xét tuyển sinh viên Giỏi từ năm thứ 2, kế hoạch đào tạo 4 năm."
1,"Em muốn biết Chương trình Tiêu chuẩn của trường đào tạo như thế nào, có bao nhiêu ngành, học phí ra sao và học ở đâu?","Đào tạo 40 ngành/ chuyên ngành (các ngành tuyển sinh theo nhóm ngành sẽ phân ngành từ năm thứ 2 theo kết quả học tập), giảng dạy bằng tiếng Việt, học phí **khoảng 15 triệu đồng/HK**, kế hoạch đào tạo 4 năm, địa điểm học tại Cơ sở Dĩ An","1. CHƯƠNG TRÌNH ĐÀO TẠO
Chương trình Tiêu chuẩn
Đào tạo 40 ngành/ chuyên ngành (các ngành tuyển sinh theo nhóm ngành sẽ phân ngành từ năm thứ 2 theo kết quả học tập), giảng dạy bằng tiếng Việt, học phí khoảng 15 triệu đồng/HK, kế hoạch đào tạo 4 năm, địa điểm học tại Cơ sở Dĩ An"
2,"Em học lực Giỏi, muốn tham gia Chương trình Tài năng có điều kiện gì không ạ? Ngoài ra cho em hỏi chương trình đào tạo bao nhiêu nhóm ngành, bằng ngôn ngữ gì, học phí bao nhiêu và thời gian bao lâu?","Đào tạo 15 nhóm ngành/ ngành, dạy bằng tiếng Việt (dựa trên chương trình Tiêu chuẩn với các môn cốt lõi dành cho chương trình Tài năng), học phí **khoảng 15 triệu đồng/HK**, xét tuyển sinh viên Giỏi từ năm thứ 2, kế hoạch đào tạo 4 năm.","Chương trình Tài năng
Đào tạo 15 nhóm ngành/ ngành, dạy bằng tiếng Việt (dựa trên chương trình Tiêu chuẩn với các môn cốt lõi dành cho chương trình Tài năng), học phí khoảng 15 triệu đồng/HK, xét tuyển sinh viên Giỏi từ năm thứ 2, kế hoạch đào tạo 4 năm."
3,"Em đang có IELTS 6.5, cho em hỏi Chương trình Tiên tiến yêu cầu tiếng Anh đầu vào ra sao?",**Chuẩn tiếng Anh đầu vào đạt IELTS (Academic) ≥ 6.0**/ TOEFL iBT ≥ 79/ TOEIC Nghe \- Đọc ≥ 730 & Nói \- Viết ≥ 280\,"Chương trình Tiên tiến
Đào tạo 1 ngành, dạy hoàn toàn bằng tiếng Anh, giáo trình chuyển giao từ ĐH Illinois Urbana Champaign, được cải tiến qua các năm để phù hợp với thực tiễn, học phí khoảng 40 triệu đồng/HK, kế hoạch đào tạo 4 năm, địa điểm học tại Cơ sở Lý Thường Kiệt. Chuẩn tiếng Anh đầu vào đạt IELTS (Academic) ≥ 6.0/ TOEFL iBT ≥ 79/ TOEIC Nghe - Đọc ≥ 730 & Nói - Viết ≥ 280. Bằng tốt nghiệp do Trường ĐH Bách khoa cấp."
4,"Con tôi quan tâm PFIEV – Kỹ sư Việt–Pháp, cho tôi biết chi tiết về ngành, học phí, địa điểm học và bằng cấp đươc cấp ra sao?","Đào tạo 8 chuyên ngành kỹ sư hợp tác với 8 trường kỹ sư danh tiếng tại Pháp, học tập bằng tiếng Việt, học phí **khoảng 15 triệu đồng/HK**, xét tuyển tân sinh viên đã trúng tuyển (không phân biệt mã ngành), kế hoạch đào tạo 5 năm, địa điểm học tại Cơ sở Lý Thường Kiệt. Bằng kỹ sư \- thạc sĩ do trường ĐH Bách khoa cấp (được công nhận tương đương bậc thạc sĩ Châu Âu), phụ lục bằng kỹ sư với trường đối tác Pháp.","Chương trình Kỹ sư Chất lượng cao Việt-Pháp (PFIEV)
Đào tạo 8 chuyên ngành kỹ sư hợp tác với 8 trường kỹ sư danh tiếng tại Pháp, học tập bằng tiếng Việt, học phí khoảng 15 triệu đồng/HK, xét tuyển tân sinh viên đã trúng tuyển (không phân biệt mã ngành), kế hoạch đào tạo 5 năm, địa điểm học tại Cơ sở Lý Thường Kiệt. Bằng kỹ sư - thạc sĩ do trường ĐH Bách khoa cấp (được công nhận tương đương bậc thạc sĩ Châu Âu), phụ lục bằng kỹ sư với trường đối tác Pháp."
5,"Em muốn học hoàn toàn bằng tiếng Anh, chương trình nào phù hợp, hãy cho em thông tin chi tiết của từng chương trình như số ngành, thời gian, học phí, bằng cấp như thế nào,..?","**Chương trình Dạy và học bằng tiếng Anh**

Đào tạo 27 ngành/ chuyên ngành (gồm 05 ngành/ chuyên ngành dự kiến), dạy hoàn toàn bằng tiếng Anh, học phí **khoảng 40 triệu đồng/HK**, kế hoạch đào tạo 4 năm, địa điểm học tại Cơ sở Lý Thường Kiệt. **Chuẩn tiếng Anh đầu vào đạt IELTS (Academic) ≥ 6.0**/ TOEFL iBT ≥ 79/ TOEIC Nghe \- Đọc ≥ 730 & Nói \- Viết ≥ 280\. Bằng tốt nghiệp do Trường ĐH Bách khoa cấp.","Chương trình Dạy và học bằng tiếng Anh
Đào tạo 27 ngành/ chuyên ngành (gồm 05 ngành/ chuyên ngành dự kiến), dạy hoàn toàn bằng tiếng Anh, học phí khoảng 40 triệu đồng/HK, kế hoạch đào tạo 4 năm, địa điểm học tại Cơ sở Lý Thường Kiệt. Chuẩn tiếng Anh đầu vào đạt IELTS (Academic) ≥ 6.0/ TOEFL iBT ≥ 79/ TOEIC Nghe - Đọc ≥ 730 & Nói - Viết ≥ 280. Bằng tốt nghiệp do Trường ĐH Bách khoa cấp."
6,"Học phí của Chương trình Định hướng Nhật Bản là bao nhiêu, và học ở cơ sở nào? Bằng tốt nghiệp chương trình này do ai cấp và cơ hội nghề nghiệp ra sao?","Đào tạo 2 ngành, dạy chuyên môn theo chương trình Tiêu chuẩn kết hợp đào tạo tiếng Nhật giao tiếp \- chuyên ngành (1.200 giờ) và văn hóa Nhật, một số môn chuyên ngành ở năm thứ 3 và 4 do các giáo sư Nhật dạy bằng tiếng Nhật, học phí **khoảng 30 triệu đồng/HK**, kế hoạch đào tạo 4 năm, địa điểm học tại Cơ sở Lý Thường Kiệt. Bằng tốt nghiệp do Trường ĐH Bách khoa cấp, có triển vọng làm việc lâu dài tại các tập đoàn Nhật, đãi ngộ như kỹ sư Nhật.","Chương trình Định hướng Nhật Bản
Đào tạo 2 ngành, dạy chuyên môn theo chương trình Tiêu chuẩn kết hợp đào tạo tiếng Nhật giao tiếp - chuyên ngành (1.200 giờ) và văn hóa Nhật, một số môn chuyên ngành ở năm thứ 3 và 4 do các giáo sư Nhật dạy bằng tiếng Nhật, học phí khoảng 30 triệu đồng/HK, kế hoạch đào tạo 4 năm, địa điểm học tại Cơ sở Lý Thường Kiệt. Bằng tốt nghiệp do Trường ĐH Bách khoa cấp, có triển vọng làm việc lâu dài tại các tập đoàn Nhật, đãi ngộ như kỹ sư Nhật."
7,"Chương trình Chuyển tiếp Quốc tế (Úc, Mỹ, NZ) có cơ chế học và học phí ra sao?","Đào tạo 15 ngành/ chuyên ngành, dạy hoàn toàn bằng tiếng Anh; 2-2,5 năm đầu \- địa điểm học tại Cơ sở Lý Thường Kiệt, học phí **khoảng 40 triệu đồng/HK**; 2-2,5 năm cuối \- chuyển tiếp sang ĐH đối tác, học phí **khoảng 560 \- 900 triệu đồng/năm**. **Chuẩn tiếng Anh đầu vào đạt IELTS (Academic) ≥ 6.0/ TOEFL iBT ≥ 79/ TOEIC Nghe \- Đọc ≥ 730 & Nói \- Viết ≥ 280, chuẩn tiếng Anh chuyển tiếp đạt IELTS (Academic) ≥ 6.0-6.5**/ TOEFL iBT ≥ 79-83. Bằng tốt nghiệp do Đại học đối tác cấp.","Chương trình Chuyển tiếp Quốc tế (Úc, Mỹ, New Zealand)
Đào tạo 15 ngành/ chuyên ngành, dạy hoàn toàn bằng tiếng Anh; 2-2,5 năm đầu - địa điểm học tại Cơ sở Lý Thường Kiệt, học phí khoảng 40 triệu đồng/HK; 2-2,5 năm cuối - chuyển tiếp sang ĐH đối tác, học phí khoảng 560 - 900 triệu đồng/năm. Chuẩn tiếng Anh đầu vào đạt IELTS (Academic) ≥ 6.0/ TOEFL iBT ≥ 79/ TOEIC Nghe - Đọc ≥ 730 & Nói - Viết ≥ 280, chuẩn tiếng Anh chuyển tiếp đạt IELTS (Academic) ≥ 6.0-6.5/ TOEFL iBT ≥ 79-83. Bằng tốt nghiệp do Đại học đối tác cấp."
8,"Chương trình Liên kết Cử nhân Kỹ thuật Quốc tế về thời gian đào tạo, nơi đào tạo, ngôn ngữ giảng dạy, học phí và bằng cấp như thế nào?","Đào tạo 2 ngành, dạy hoàn toàn bằng tiếng Anh, theo chương trình đào tạo của ĐH đối tác, giảng viên ĐH đối tác và trường Đại học Bách khoa cùng giảng dạy. Học phí khoảng 128 triệu đồng/HK, kế hoạch đào tạo 3 năm, địa điểm học tại Cơ sở Lý Thường Kiệt. Chuẩn tiếng Anh đầu vào đạt **IELTS (Academic)** **≥ 6.5** hoặc tương đương. Bằng tốt nghiệp do ĐH đối tác cấp.","Chương trình Liên kết Cử nhân Kỹ thuật Quốc tế
Đào tạo 2 ngành, dạy hoàn toàn bằng tiếng Anh, theo chương trình đào tạo của ĐH đối tác, giảng viên ĐH đối tác và trường Đại học Bách khoa cùng giảng dạy. Học phí khoảng 128 triệu đồng/HK, kế hoạch đào tạo 3 năm, địa điểm học tại Cơ sở Lý Thường Kiệt. Chuẩn tiếng Anh đầu vào đạt IELTS (Academic) ≥ 6.5 hoặc tương đương. Bằng tốt nghiệp do ĐH đối tác cấp."
9,"Cho em hỏi mã ngành, chỉ tiêu ngành, và các chuyên ngành của Khoa học Máy tính Tiêu chuẩn?","Mã ngành: 106, Chỉ tiêu: 240, Các chuyên ngành: Chuyên ngành: Khoa học Máy tính, Công nghệ Dữ liệu và Dữ liệu lớn, An ninh Hệ thống và Mạng, Trí tuệ Nhân tạo, Công nghệ Phần mềm","2. NGÀNH TUYỂN SINH

3. PHƯƠNG THỨC TUYỂN SINH (DỰ KIẾN)
Xét tuyển thẳng (theo quy chế tuyển sinh của Bộ GD&ĐT), chỉ tiêu: 1% ~ 5% tổng chỉ tiêu.
Xét tuyển tổng hợp, chỉ tiêu: 95% ~ 99% tổng chỉ tiêu.
• Đối tượng 1: Trường hợp thí sinh có kết quả thi Đánh giá Năng lực ĐHQG-HCM năm 2025
• Đối tượng 2: Trường hợp thí sinh không có kết quả thi Đánh giá Năng lực ĐHQG-HCM năm 2025
• Đối tượng 3: Trường hợp thí sinh tốt nghiệp chương trình THPT nước ngoài
• Đối tượng 4: Trường hợp thí sinh dùng Chứng chỉ tuyển sinh Quốc tế
• Đối tượng 5: Trường hợp xét tuyển các thí sinh vào chương trình Chuyển tiếp Quốc tế Úc/ Mỹ/ New Zealand của Trường.
Đối tượng: 
Theo Quy chế tuyển sinh hiện hành của Bộ GD&ĐT, Đại học Quốc Gia TP.HCM và Trường Đại học Bách khoa - ĐHQG-HCM.
Ngoại trừ các thí sinh đã từng là sinh viên trường Đại học Bách khoa - ĐHQG-HCM đã bị kỷ luật buộc thôi học trong thời gian 05 năm (kể từ ngày đăng ký xét tuyển sinh năm 2025) hoặc đã bị kỷ luật buộc thôi học do thi hộ hoặc dùng các loại bằng cấp, chứng chỉ, giấy tờ giả mạo."
11,"Em có IELTS 6.5, nếu muốn học chương trình dạy bằng tiếng Anh thì chọn những ngành nào và yêu cầu đầu vào ra sao ạ?","Yêu cầu tiếng Anh: IELTS (Academic) ≥ 6.0**/ TOEFL iBT ≥ 79/ TOEIC Nghe \- Đọc ≥ 730 & Nói \- Viết ≥ 280\.
Có các ngành như: Khoa học máy tính, Kỹ thuật máy tính, Thiết kế vi mạch, Năng lượng tái tạo, Kỹ thuật cơ khí, Kỹ thuật Cơ Điện tử,...","Chương trình Dạy và học bằng tiếng Anh Đào tạo 27 ngành/ chuyên ngành (gồm 05 ngành/ chuyên ngành dự kiến), dạy hoàn toàn bằng tiếng Anh, học phí khoảng 40 triệu đồng/HK, kế hoạch đào tạo 4 năm, địa điểm học tại Cơ sở Lý Thường Kiệt. Chuẩn tiếng Anh đầu vào đạt IELTS (Academic) ≥ 6.0/ TOEFL iBT ≥ 79/ TOEIC Nghe - Đọc ≥ 730 & Nói - Viết ≥ 280. Bằng tốt nghiệp do Trường ĐH Bách khoa cấp."
13,Cho em hỏi chương trình tiên tiến (giảng dạy bằng tiếng anh) gồm ngành nào ạ?,1 ngành duy nhất: Kỹ thuật Điện \- Điện tử,"Chương trình Tiên tiến
Đào tạo 1 ngành, dạy hoàn toàn bằng tiếng Anh, giáo trình chuyển giao từ ĐH Illinois Urbana Champaign, được cải tiến qua các năm để phù hợp với thực tiễn, học phí khoảng 40 triệu đồng/HK, kế hoạch đào tạo 4 năm, địa điểm học tại Cơ sở Lý Thường Kiệt. Chuẩn tiếng Anh đầu vào đạt IELTS (Academic) ≥ 6.0/ TOEFL iBT ≥ 79/ TOEIC Nghe - Đọc ≥ 730 & Nói - Viết ≥ 280. Bằng tốt nghiệp do Trường ĐH Bách khoa cấp."
15,Ngành Logistics và Hệ thống Công nghiệp chương trình tiêu chuẩn học những gì và chỉ tiêu bao nhiêu vậy ạ?,"Mã ngành 128, chỉ tiêu 70, có các nhóm ngành Logistics và Quản lý Chuỗi Cung ứng; Kỹ thuật Hệ thống Công nghiệp","2. NGÀNH TUYỂN SINH

3. PHƯƠNG THỨC TUYỂN SINH (DỰ KIẾN)
Xét tuyển thẳng (theo quy chế tuyển sinh của Bộ GD&ĐT), chỉ tiêu: 1% ~ 5% tổng chỉ tiêu.
Xét tuyển tổng hợp, chỉ tiêu: 95% ~ 99% tổng chỉ tiêu.
• Đối tượng 1: Trường hợp thí sinh có kết quả thi Đánh giá Năng lực ĐHQG-HCM năm 2025
• Đối tượng 2: Trường hợp thí sinh không có kết quả thi Đánh giá Năng lực ĐHQG-HCM năm 2025
• Đối tượng 3: Trường hợp thí sinh tốt nghiệp chương trình THPT nước ngoài
• Đối tượng 4: Trường hợp thí sinh dùng Chứng chỉ tuyển sinh Quốc tế
• Đối tượng 5: Trường hợp xét tuyển các thí sinh vào chương trình Chuyển tiếp Quốc tế Úc/ Mỹ/ New Zealand của Trường.
Đối tượng: 
Theo Quy chế tuyển sinh hiện hành của Bộ GD&ĐT, Đại học Quốc Gia TP.HCM và Trường Đại học Bách khoa - ĐHQG-HCM.
Ngoại trừ các thí sinh đã từng là sinh viên trường Đại học Bách khoa - ĐHQG-HCM đã bị kỷ luật buộc thôi học trong thời gian 05 năm (kể từ ngày đăng ký xét tuyển sinh năm 2025) hoặc đã bị kỷ luật buộc thôi học do thi hộ hoặc dùng các loại bằng cấp, chứng chỉ, giấy tờ giả mạo."
16,Em muốn học ngành Kỹ thuật Ô tô chương trình tiêu chuẩn thì mã ngành là gì và chỉ tiêu bao nhiêu ạ?,"Mã ngành 142, chỉ tiêu 90","2. NGÀNH TUYỂN SINH

3. PHƯƠNG THỨC TUYỂN SINH (DỰ KIẾN)
Xét tuyển thẳng (theo quy chế tuyển sinh của Bộ GD&ĐT), chỉ tiêu: 1% ~ 5% tổng chỉ tiêu.
Xét tuyển tổng hợp, chỉ tiêu: 95% ~ 99% tổng chỉ tiêu.
• Đối tượng 1: Trường hợp thí sinh có kết quả thi Đánh giá Năng lực ĐHQG-HCM năm 2025
• Đối tượng 2: Trường hợp thí sinh không có kết quả thi Đánh giá Năng lực ĐHQG-HCM năm 2025
• Đối tượng 3: Trường hợp thí sinh tốt nghiệp chương trình THPT nước ngoài
• Đối tượng 4: Trường hợp thí sinh dùng Chứng chỉ tuyển sinh Quốc tế
• Đối tượng 5: Trường hợp xét tuyển các thí sinh vào chương trình Chuyển tiếp Quốc tế Úc/ Mỹ/ New Zealand của Trường.
Đối tượng: 
Theo Quy chế tuyển sinh hiện hành của Bộ GD&ĐT, Đại học Quốc Gia TP.HCM và Trường Đại học Bách khoa - ĐHQG-HCM.
Ngoại trừ các thí sinh đã từng là sinh viên trường Đại học Bách khoa - ĐHQG-HCM đã bị kỷ luật buộc thôi học trong thời gian 05 năm (kể từ ngày đăng ký xét tuyển sinh năm 2025) hoặc đã bị kỷ luật buộc thôi học do thi hộ hoặc dùng các loại bằng cấp, chứng chỉ, giấy tờ giả mạo.
LƯU Ý:
Thí sinh có chứng chỉ IELTS ≥ 5.0/ TOEFL iBT ≥ 46/ TOEIC nghe - đọc ≥ 460 & nói - viết ≥ 200 sẽ được quy đổi sang điểm môn tiếng Anh trong điểm thi tốt nghiệp THPT và học lực THPT đối với các tổ hợp xét tuyển có dùng môn tiếng Anh.
Đối với TOEIC, để quy đổi ngang hàng thì cặp điểm thành phần nghe – đọc và nói – viết phải đạt đồng thời điểm CCTA theo yêu cầu. Nếu không đạt đồng thời thì điểm quy đổi môn Tiếng Anh sẽ lấy theo cặp điểm thành phần nào thấp hơn.
Thí sinh có thể tham gia xét tuyển bằng một hay nhiều đối tượng khác nhau và sẽ được dùng điểm xét tuyển cao nhất trong các đối tượng này để xét tuyển.
Đối với ngành Kiến trúc: thí sinh đã trúng tuyển và nhập học sẽ tham dự một buổi kiểm tra năng lực kiến trúc để lấy điểm xếp lớp.
Chỉ tiêu tuyển sinh của từng phương thức xét tuyển có thể được điều chỉnh theo tình hình tuyển sinh thực tế."
17,Cho em hỏi ngành nào có chỉ tiêu cao nhất và ngành nào thấp nhất của chương trình tiêu chuẩn vậy ạ?,"Ngành Điện - Điện tử - Viễn Thông - Tự động hoá - Thiết kế Vi mạch là nhiều nhất với 670 chỉ tiêu, còn thấp nhất là ngành Khoa học dữ liệu với 30 chỉ tiêu","2. NGÀNH TUYỂN SINH

3. PHƯƠNG THỨC TUYỂN SINH (DỰ KIẾN)
Xét tuyển thẳng (theo quy chế tuyển sinh của Bộ GD&ĐT), chỉ tiêu: 1% ~ 5% tổng chỉ tiêu.
Xét tuyển tổng hợp, chỉ tiêu: 95% ~ 99% tổng chỉ tiêu.
• Đối tượng 1: Trường hợp thí sinh có kết quả thi Đánh giá Năng lực ĐHQG-HCM năm 2025
• Đối tượng 2: Trường hợp thí sinh không có kết quả thi Đánh giá Năng lực ĐHQG-HCM năm 2025
• Đối tượng 3: Trường hợp thí sinh tốt nghiệp chương trình THPT nước ngoài
• Đối tượng 4: Trường hợp thí sinh dùng Chứng chỉ tuyển sinh Quốc tế
• Đối tượng 5: Trường hợp xét tuyển các thí sinh vào chương trình Chuyển tiếp Quốc tế Úc/ Mỹ/ New Zealand của Trường.
Đối tượng: 
Theo Quy chế tuyển sinh hiện hành của Bộ GD&ĐT, Đại học Quốc Gia TP.HCM và Trường Đại học Bách khoa - ĐHQG-HCM.
Ngoại trừ các thí sinh đã từng là sinh viên trường Đại học Bách khoa - ĐHQG-HCM đã bị kỷ luật buộc thôi học trong thời gian 05 năm (kể từ ngày đăng ký xét tuyển sinh năm 2025) hoặc đã bị kỷ luật buộc thôi học do thi hộ hoặc dùng các loại bằng cấp, chứng chỉ, giấy tờ giả mạo.
LƯU Ý:
Thí sinh có chứng chỉ IELTS ≥ 5.0/ TOEFL iBT ≥ 46/ TOEIC nghe - đọc ≥ 460 & nói - viết ≥ 200 sẽ được quy đổi sang điểm môn tiếng Anh trong điểm thi tốt nghiệp THPT và học lực THPT đối với các tổ hợp xét tuyển có dùng môn tiếng Anh.
Đối với TOEIC, để quy đổi ngang hàng thì cặp điểm thành phần nghe – đọc và nói – viết phải đạt đồng thời điểm CCTA theo yêu cầu. Nếu không đạt đồng thời thì điểm quy đổi môn Tiếng Anh sẽ lấy theo cặp điểm thành phần nào thấp hơn.
Thí sinh có thể tham gia xét tuyển bằng một hay nhiều đối tượng khác nhau và sẽ được dùng điểm xét tuyển cao nhất trong các đối tượng này để xét tuyển.
Đối với ngành Kiến trúc: thí sinh đã trúng tuyển và nhập học sẽ tham dự một buổi kiểm tra năng lực kiến trúc để lấy điểm xếp lớp.
Chỉ tiêu tuyển sinh của từng phương thức xét tuyển có thể được điều chỉnh theo tình hình tuyển sinh thực tế."
19,Em muốn học về mảng kinh tế ở trường mình thì có ngành nào không ạ?,"Kinh tế tuần hoàn, Kinh tế xây dựng","2. NGÀNH TUYỂN SINH

3. PHƯƠNG THỨC TUYỂN SINH (DỰ KIẾN)
Xét tuyển thẳng (theo quy chế tuyển sinh của Bộ GD&ĐT), chỉ tiêu: 1% ~ 5% tổng chỉ tiêu.
Xét tuyển tổng hợp, chỉ tiêu: 95% ~ 99% tổng chỉ tiêu.
• Đối tượng 1: Trường hợp thí sinh có kết quả thi Đánh giá Năng lực ĐHQG-HCM năm 2025
• Đối tượng 2: Trường hợp thí sinh không có kết quả thi Đánh giá Năng lực ĐHQG-HCM năm 2025
• Đối tượng 3: Trường hợp thí sinh tốt nghiệp chương trình THPT nước ngoài
• Đối tượng 4: Trường hợp thí sinh dùng Chứng chỉ tuyển sinh Quốc tế
• Đối tượng 5: Trường hợp xét tuyển các thí sinh vào chương trình Chuyển tiếp Quốc tế Úc/ Mỹ/ New Zealand của Trường.
Đối tượng: 
Theo Quy chế tuyển sinh hiện hành của Bộ GD&ĐT, Đại học Quốc Gia TP.HCM và Trường Đại học Bách khoa - ĐHQG-HCM.
Ngoại trừ các thí sinh đã từng là sinh viên trường Đại học Bách khoa - ĐHQG-HCM đã bị kỷ luật buộc thôi học trong thời gian 05 năm (kể từ ngày đăng ký xét tuyển sinh năm 2025) hoặc đã bị kỷ luật buộc thôi học do thi hộ hoặc dùng các loại bằng cấp, chứng chỉ, giấy tờ giả mạo."
20,Cho em hỏi Kỹ thuật Robot là chuyên ngành của ngành nào ạ?,"Kỹ thuật Cơ Điện tử, mã ngành 211","2. NGÀNH TUYỂN SINH

3. PHƯƠNG THỨC TUYỂN SINH (DỰ KIẾN)
Xét tuyển thẳng (theo quy chế tuyển sinh của Bộ GD&ĐT), chỉ tiêu: 1% ~ 5% tổng chỉ tiêu.
Xét tuyển tổng hợp, chỉ tiêu: 95% ~ 99% tổng chỉ tiêu.
• Đối tượng 1: Trường hợp thí sinh có kết quả thi Đánh giá Năng lực ĐHQG-HCM năm 2025
• Đối tượng 2: Trường hợp thí sinh không có kết quả thi Đánh giá Năng lực ĐHQG-HCM năm 2025
• Đối tượng 3: Trường hợp thí sinh tốt nghiệp chương trình THPT nước ngoài
• Đối tượng 4: Trường hợp thí sinh dùng Chứng chỉ tuyển sinh Quốc tế
• Đối tượng 5: Trường hợp xét tuyển các thí sinh vào chương trình Chuyển tiếp Quốc tế Úc/ Mỹ/ New Zealand của Trường.
Đối tượng: 
Theo Quy chế tuyển sinh hiện hành của Bộ GD&ĐT, Đại học Quốc Gia TP.HCM và Trường Đại học Bách khoa - ĐHQG-HCM.
Ngoại trừ các thí sinh đã từng là sinh viên trường Đại học Bách khoa - ĐHQG-HCM đã bị kỷ luật buộc thôi học trong thời gian 05 năm (kể từ ngày đăng ký xét tuyển sinh năm 2025) hoặc đã bị kỷ luật buộc thôi học do thi hộ hoặc dùng các loại bằng cấp, chứng chỉ, giấy tờ giả mạo."
21,"Thưa anh/chị, cho em hỏi là năm nay (Song ngành) Tàu thủy - Hàng có những ngành nào và chỉ tiêu bao nhiêu vậy ạ?","Dạ, theo Thông tin tuyển sinh Đại học Bách khoa - ĐHQG TP.HCM năm 2025, ngành (Song ngành) Tàu thủy - Hàng không:

Tên ngành: (Song ngành) Tàu thủy - Hàng không

Mã tuyển sinh: 145

Chỉ tiêu dự kiến: 60 sinh viên

Ngành đào tạo gồm:

Kỹ thuật Tàu thủy

Kỹ thuật Hàng không

Ngành này thuộc chương trình Tiêu chuẩn, giảng dạy bằng tiếng Việt, học tại cơ sở Dĩ An, học phí khoảng 15 triệu đồng/học kỳ, đào tạo trong 4 năm.

Nếu bạn cần thêm thông tin về tổ hợp xét tuyển, phương thức xét tuyển hay môi trường học của ngành này, mình có thể hỗ trợ tiếp nhé!","2. NGÀNH TUYỂN SINH

3. PHƯƠNG THỨC TUYỂN SINH (DỰ KIẾN)
Xét tuyển thẳng (theo quy chế tuyển sinh của Bộ GD&ĐT), chỉ tiêu: 1% ~ 5% tổng chỉ tiêu.
Xét tuyển tổng hợp, chỉ tiêu: 95% ~ 99% tổng chỉ tiêu.
• Đối tượng 1: Trường hợp thí sinh có kết quả thi Đánh giá Năng lực ĐHQG-HCM năm 2025
• Đối tượng 2: Trường hợp thí sinh không có kết quả thi Đánh giá Năng lực ĐHQG-HCM năm 2025
• Đối tượng 3: Trường hợp thí sinh tốt nghiệp chương trình THPT nước ngoài
• Đối tượng 4: Trường hợp thí sinh dùng Chứng chỉ tuyển sinh Quốc tế
• Đối tượng 5: Trường hợp xét tuyển các thí sinh vào chương trình Chuyển tiếp Quốc tế Úc/ Mỹ/ New Zealand của Trường.
Đối tượng: 
Theo Quy chế tuyển sinh hiện hành của Bộ GD&ĐT, Đại học Quốc Gia TP.HCM và Trường Đại học Bách khoa - ĐHQG-HCM.
Ngoại trừ các thí sinh đã từng là sinh viên trường Đại học Bách khoa - ĐHQG-HCM đã bị kỷ luật buộc thôi học trong thời gian 05 năm (kể từ ngày đăng ký xét tuyển sinh năm 2025) hoặc đã bị kỷ luật buộc thôi học do thi hộ hoặc dùng các loại bằng cấp, chứng chỉ, giấy tờ giả mạo."
22,"Thưa thầy cô, chỉ tiêu kỹ thuật máy tính chương trình dạy và học bằng tiếng Anh ở  trường mình là bao nhiêu ạ?","Tên chương trình: Kỹ thuật máy tính (dạy hoàn toàn bằng tiếng Anh)

Mã ngành: 207

Chỉ tiêu: 80","Chương trình Dạy và học bằng tiếng Anh Đào tạo 27 ngành/ chuyên ngành (gồm 05 ngành/ chuyên ngành dự kiến), dạy hoàn toàn bằng tiếng Anh, học phí khoảng 40 triệu đồng/HK, kế hoạch đào tạo 4 năm, địa điểm học tại Cơ sở Lý Thường Kiệt. Chuẩn tiếng Anh đầu vào đạt IELTS (Academic) ≥ 6.0/ TOEFL iBT ≥ 79/ TOEIC Nghe - Đọc ≥ 730 & Nói - Viết ≥ 280. Bằng tốt nghiệp do Trường ĐH Bách khoa cấp."
23,Cho em hỏi ngành kỹ thuật máy tính được phân ngành như thế nào?,"Kỹ thuật Máy tính
(Kiến thức nền tảng về phần cứng và phần mềm máy tính, hệ điều hành, vi điều khiển…)

Hệ thống Tính toán Nâng cao
(Tập trung vào xử lý song song, tính toán hiệu năng cao, siêu máy tính…)

Internet Vạn vật (IoT)
(Học về các hệ thống nhúng kết nối internet, cảm biến, hệ thống thu thập và phân tích dữ liệu…)

Thiết kế Vi mạch số
(Tập trung vào thiết kế phần cứng, chip số, FPGA, ASIC…)","1. CHƯƠNG TRÌNH ĐÀO TẠO
Chương trình Tiêu chuẩn
Đào tạo 40 ngành/ chuyên ngành (các ngành tuyển sinh theo nhóm ngành sẽ phân ngành từ năm thứ 2 theo kết quả học tập), giảng dạy bằng tiếng Việt, học phí khoảng 15 triệu đồng/HK, kế hoạch đào tạo 4 năm, địa điểm học tại Cơ sở Dĩ An

Chương trình Tài năng
Đào tạo 15 nhóm ngành/ ngành, dạy bằng tiếng Việt (dựa trên chương trình Tiêu chuẩn với các môn cốt lõi dành cho chương trình Tài năng), học phí khoảng 15 triệu đồng/HK, xét tuyển sinh viên Giỏi từ năm thứ 2, kế hoạch đào tạo 4 năm.

Chương trình Tiên tiến
Đào tạo 1 ngành, dạy hoàn toàn bằng tiếng Anh, giáo trình chuyển giao từ ĐH Illinois Urbana Champaign, được cải tiến qua các năm để phù hợp với thực tiễn, học phí khoảng 40 triệu đồng/HK, kế hoạch đào tạo 4 năm, địa điểm học tại Cơ sở Lý Thường Kiệt. Chuẩn tiếng Anh đầu vào đạt IELTS (Academic) ≥ 6.0/ TOEFL iBT ≥ 79/ TOEIC Nghe - Đọc ≥ 730 & Nói - Viết ≥ 280. Bằng tốt nghiệp do Trường ĐH Bách khoa cấp."
24,Thưa thầy/cô ngành cơ điện tử chất lượng cao trường mình năm nay lấy bao nhiêu chỉ tiêu ạ?,"Mã ngành: 210

Tổ hợp xét tuyển: A00, A01

Chỉ tiêu năm 2025: 55 chỉ tiêu","2. NGÀNH TUYỂN SINH

3. PHƯƠNG THỨC TUYỂN SINH (DỰ KIẾN)
Xét tuyển thẳng (theo quy chế tuyển sinh của Bộ GD&ĐT), chỉ tiêu: 1% ~ 5% tổng chỉ tiêu.
Xét tuyển tổng hợp, chỉ tiêu: 95% ~ 99% tổng chỉ tiêu.
• Đối tượng 1: Trường hợp thí sinh có kết quả thi Đánh giá Năng lực ĐHQG-HCM năm 2025
• Đối tượng 2: Trường hợp thí sinh không có kết quả thi Đánh giá Năng lực ĐHQG-HCM năm 2025
• Đối tượng 3: Trường hợp thí sinh tốt nghiệp chương trình THPT nước ngoài
• Đối tượng 4: Trường hợp thí sinh dùng Chứng chỉ tuyển sinh Quốc tế
• Đối tượng 5: Trường hợp xét tuyển các thí sinh vào chương trình Chuyển tiếp Quốc tế Úc/ Mỹ/ New Zealand của Trường.
Đối tượng: 
Theo Quy chế tuyển sinh hiện hành của Bộ GD&ĐT, Đại học Quốc Gia TP.HCM và Trường Đại học Bách khoa - ĐHQG-HCM.
Ngoại trừ các thí sinh đã từng là sinh viên trường Đại học Bách khoa - ĐHQG-HCM đã bị kỷ luật buộc thôi học trong thời gian 05 năm (kể từ ngày đăng ký xét tuyển sinh năm 2025) hoặc đã bị kỷ luật buộc thôi học do thi hộ hoặc dùng các loại bằng cấp, chứng chỉ, giấy tờ giả mạo.
LƯU Ý:
Thí sinh có chứng chỉ IELTS ≥ 5.0/ TOEFL iBT ≥ 46/ TOEIC nghe - đọc ≥ 460 & nói - viết ≥ 200 sẽ được quy đổi sang điểm môn tiếng Anh trong điểm thi tốt nghiệp THPT và học lực THPT đối với các tổ hợp xét tuyển có dùng môn tiếng Anh.
Đối với TOEIC, để quy đổi ngang hàng thì cặp điểm thành phần nghe – đọc và nói – viết phải đạt đồng thời điểm CCTA theo yêu cầu. Nếu không đạt đồng thời thì điểm quy đổi môn Tiếng Anh sẽ lấy theo cặp điểm thành phần nào thấp hơn.
Thí sinh có thể tham gia xét tuyển bằng một hay nhiều đối tượng khác nhau và sẽ được dùng điểm xét tuyển cao nhất trong các đối tượng này để xét tuyển.
Đối với ngành Kiến trúc: thí sinh đã trúng tuyển và nhập học sẽ tham dự một buổi kiểm tra năng lực kiến trúc để lấy điểm xếp lớp.
Chỉ tiêu tuyển sinh của từng phương thức xét tuyển có thể được điều chỉnh theo tình hình tuyển sinh thực tế."
25,Cho em hỏi năm nay chương trình dạy và học bằng Tiếng Anh có tuyển sinh thêm các ngành nào mới vậy ạ?,"Thiết kế Vi mạch (Dự kiến TS2025) – mã ngành 258

Năng lượng Tái tạo (Dự kiến TS2025) – mã ngành 257

Công nghệ Sinh học số (Dự kiến TS2025) – thuộc ngành Công nghệ Sinh học – mã ngành 254

Kinh doanh số (Dự kiến TS2025) – thuộc ngành Quản trị Kinh doanh – mã ngành 253

Kinh tế Tuần hoàn (Dự kiến TS2025) – thuộc ngành Kinh tế Tài nguyên Thiên nhiên – mã ngành 255","Chương trình Dạy và học bằng tiếng Anh
Đào tạo 27 ngành/ chuyên ngành (gồm 05 ngành/ chuyên ngành dự kiến), dạy hoàn toàn bằng tiếng Anh, học phí khoảng 40 triệu đồng/HK, kế hoạch đào tạo 4 năm, địa điểm học tại Cơ sở Lý Thường Kiệt. Chuẩn tiếng Anh đầu vào đạt IELTS (Academic) ≥ 6.0/ TOEFL iBT ≥ 79/ TOEIC Nghe - Đọc ≥ 730 & Nói - Viết ≥ 280. Bằng tốt nghiệp do Trường ĐH Bách khoa cấp."
26,Cho em hỏi ngành Quản lý công nghiệp chương trình tiếng Anh bao gồm các phân ngành nào ạ?,"Quản lý Công nghiệp

Quản trị Kinh doanh

Quản lý Chuỗi Cung ứng & Vận hành","Chương trình Dạy và học bằng tiếng Anh
Đào tạo 27 ngành/ chuyên ngành (gồm 05 ngành/ chuyên ngành dự kiến), dạy hoàn toàn bằng tiếng Anh, học phí khoảng 40 triệu đồng/HK, kế hoạch đào tạo 4 năm, địa điểm học tại Cơ sở Lý Thường Kiệt. Chuẩn tiếng Anh đầu vào đạt IELTS (Academic) ≥ 6.0/ TOEFL iBT ≥ 79/ TOEIC Nghe - Đọc ≥ 730 & Nói - Viết ≥ 280. Bằng tốt nghiệp do Trường ĐH Bách khoa cấp."
27,Em đang tìm hiểu ngành Logistic chương trình tiếng Anh thì cho em hỏi là ngành này gồm các phân ngành nào ạ?,"Gồm 2 chuyên ngành:

Logistics và Quản lý Chuỗi Cung ứng

Kỹ thuật Hệ thống Công nghiệp","Chương trình Dạy và học bằng tiếng Anh
Đào tạo 27 ngành/ chuyên ngành (gồm 05 ngành/ chuyên ngành dự kiến), dạy hoàn toàn bằng tiếng Anh, học phí khoảng 40 triệu đồng/HK, kế hoạch đào tạo 4 năm, địa điểm học tại Cơ sở Lý Thường Kiệt. Chuẩn tiếng Anh đầu vào đạt IELTS (Academic) ≥ 6.0/ TOEFL iBT ≥ 79/ TOEIC Nghe - Đọc ≥ 730 & Nói - Viết ≥ 280. Bằng tốt nghiệp do Trường ĐH Bách khoa cấp."
28,Cho em hỏi năm nay ngành thiết kế vi mạch chương trình tiếng Anh trường mình năm nay lấy chỉ tiêu bao nhiêu ạ?,"Dựa trên thông tin từ bảng dữ liệu cung cấp, tôi không tìm thấy số liệu cụ thể về chỉ tiêu tuyển sinh cho ngành","THÔNG TIN TUYỂN SINH ĐẠI HỌC CHÍNH QUY
TRƯỜNG ĐẠI HỌC BÁCH KHOA NĂM 2025
MÃ TRƯỜNG: QSB
40 NGÀNH - HƠN 60 CHUYÊN NGÀNH - TỔNG CHỈ TIÊU: 5.550 SINH VIÊN

1. CHƯƠNG TRÌNH ĐÀO TẠO
Chương trình Tiêu chuẩn
Đào tạo 40 ngành/ chuyên ngành (các ngành tuyển sinh theo nhóm ngành sẽ phân ngành từ năm thứ 2 theo kết quả học tập), giảng dạy bằng tiếng Việt, học phí khoảng 15 triệu đồng/HK, kế hoạch đào tạo 4 năm, địa điểm học tại Cơ sở Dĩ An

Chương trình Tài năng
Đào tạo 15 nhóm ngành/ ngành, dạy bằng tiếng Việt (dựa trên chương trình Tiêu chuẩn với các môn cốt lõi dành cho chương trình Tài năng), học phí khoảng 15 triệu đồng/HK, xét tuyển sinh viên Giỏi từ năm thứ 2, kế hoạch đào tạo 4 năm.

Chương trình Tiên tiến
Đào tạo 1 ngành, dạy hoàn toàn bằng tiếng Anh, giáo trình chuyển giao từ ĐH Illinois Urbana Champaign, được cải tiến qua các năm để phù hợp với thực tiễn, học phí khoảng 40 triệu đồng/HK, kế hoạch đào tạo 4 năm, địa điểm học tại Cơ sở Lý Thường Kiệt. Chuẩn tiếng Anh đầu vào đạt IELTS (Academic) ≥ 6.0/ TOEFL iBT ≥ 79/ TOEIC Nghe - Đọc ≥ 730 & Nói - Viết ≥ 280. Bằng tốt nghiệp do Trường ĐH Bách khoa cấp."
29,Cho em hỏi em muốn học về môi trường bằng tiếng Anh thì em nên học về ngành nào ạ?,"Để học về môi trường bằng tiếng Anh, bạn có thể cân nhắc một số ngành sau:1. **Kỹ thuật Môi trường (Environmental Engineering)**:   - **Đặc điểm**: Ngành này tập trung vào việc thiết kế và thực hiện các giải pháp kỹ thuật để bảo vệ môi trường. Bạn sẽ học về xử lý nước thải, khí thải, chất thải rắn, quản lý nước, và các hệ thống kiểm soát ô nhiễm.   - **Chương trình**: Chương trình tiếng Anh cho ngành Kỹ thuật Môi trường thường bao gồm các môn học như xử lý nước thải, xử lý khí thải, công nghệ xử lý chất thải rắn, và quản lý nước.   - **Tiêu chuẩn**: Cần có chứng chỉ tiếng Anh IELTS ≥ 6.0 hoặc TOEIC ≥ 600 để đảm bảo khả năng giao tiếp và hiểu biết trong môi trường học tập toàn tiếng Anh.2. **Khoa học và Công nghệ Môi trường (Environmental Science and Technology)**:   - **Đặc điểm**: Ngành này tập trung vào nghiên cứu khoa học môi trường và ứng dụng công nghệ để giải quyết các vấn đề môi trường. Bạn sẽ học về các quy trình tự nhiên, hóa học và sinh học liên quan đến môi trường.   - **Chương trình**: Chương trình tiếng Anh cho ngành Khoa học và Công nghệ Môi trường thường bao gồm các môn học như hóa học môi trường, sinh thái học, và quản lý môi trường.   - **Tiêu chuẩn**: Yêu cầu tương tự như ngành Kỹ thuật Môi trường, cần chứng chỉ tiếng Anh IELTS ≥ 6.0 hoặc TOEIC ≥ 600.3. **Quản lý Tài nguyên và Môi trường (Natural Resource Management and Environmental Management)**:   - **Đặc điểm**: Ngành này tập trung vào việc quản lý và bảo vệ tài nguyên thiên nhiên và môi trường. Bạn sẽ học về các chiến lược quản lý tài nguyên, đánh giá tác động môi trường, và các chính sách bảo vệ môi trường.   - **Chương trình**: Chương trình tiếng Anh cho ngành Quản lý Tài nguyên và Môi trường thường bao gồm các môn học như đánh giá tác động môi trường, quản lý tài nguyên nước, và chính sách bảo vệ môi trường.   - **Tiêu chuẩn**: Cần chứng chỉ tiếng","Chương trình Dạy và học bằng tiếng Anh
Đào tạo 27 ngành/ chuyên ngành (gồm 05 ngành/ chuyên ngành dự kiến), dạy hoàn toàn bằng tiếng Anh, học phí khoảng 40 triệu đồng/HK, kế hoạch đào tạo 4 năm, địa điểm học tại Cơ sở Lý Thường Kiệt. Chuẩn tiếng Anh đầu vào đạt IELTS (Academic) ≥ 6.0/ TOEFL iBT ≥ 79/ TOEIC Nghe - Đọc ≥ 730 & Nói - Viết ≥ 280. Bằng tốt nghiệp do Trường ĐH Bách khoa cấp."
30,Em muốn sau này làm việc ở ngành hàng không ở nước ngoài thì em nên chọn ngành nào ở trường mình ạ?,"Để sau này làm việc ở ngành hàng không ở nước ngoài, bạn nên cân nhắc chọn một trong hai ngành sau tại Trường Đại học Bách khoa TP.HCM:1. **Kỹ sư ngành Hàng không (Khoa Kỹ thuật Giao thông):**   - **Đặc điểm:**      - Chương trình đào tạo chuyên sâu về kỹ thuật hàng không.     - Bao gồm các môn học như Khí động lực học, Cơ học bay và điều khiển, Kết cấu và vật liệu hàng không, Hệ thống lực đẩy, Thiết kế máy bay.     - Có chương trình Kỹ sư Chất lượng cao Việt-Pháp (PFIEV), giúp sinh viên có cơ hội học tập và thực tập tại các trường đối tác ở Pháp.   - **Học bổng:**      - Học bổng Eiffel của chính phủ Pháp cho sinh viên giỏi vào cuối năm 4.     - Cơ hội thực tập và thực hiện luận văn tốt nghiệp tại các trung tâm nghiên cứu liên kết với trường ISAE-ENSMA (Pháp).   - **Việc làm:**      - Kỹ sư bảo dưỡng máy bay     - Kỹ sư An toàn và Khai thác bay     - Kỹ sư mô phỏng số CFD     - Kỹ sư quản lý sản xuất     - Kỹ sư ứng dụng     - Kỹ sư thiết kế cơ khí CAE   - **Cơ hội quốc tế:**      - Có chương trình chuyển tiếp quốc tế với các trường hàng không hàng đầu như ISAE-ENSMA (Pháp).2. **Kỹ thuật Ô tô và Kỹ thuật Hàng không (Khoa Kỹ thuật Giao thông):**   - **Đặc điểm:**      - Chương trình học song ngành, giúp bạn có kiến thức đồng thời về kỹ thuật ô tô và kỹ thuật hàng không.     - Có cơ hội học tiếng Anh toàn bộ chương trình.   - **Học bổng:**      - Học bổng Eiffel của chính phủ Pháp.     - Cơ hội học bổng từ các công ty hàng không lớn như Airbus, Boeing.   - **Việc làm:**      - Các vị trí tương tự như ngành Hàng không, cộng thêm các vị trí liên quan đến kỹ thuật ô tô.   - **Cơ hội quốc tế:**      - Có chương trình chuyển tiếp quốc tế với các trường hàng không hàng đầu như ISAE-ENS","Chương trình Kỹ sư Chất lượng cao Việt-Pháp (PFIEV)
Đào tạo 8 chuyên ngành kỹ sư hợp tác với 8 trường kỹ sư danh tiếng tại Pháp, học tập bằng tiếng Việt, học phí khoảng 15 triệu đồng/HK, xét tuyển tân sinh viên đã trúng tuyển (không phân biệt mã ngành), kế hoạch đào tạo 5 năm, địa điểm học tại Cơ sở Lý Thường Kiệt. Bằng kỹ sư - thạc sĩ do trường ĐH Bách khoa cấp (được công nhận tương đương bậc thạc sĩ Châu Âu), phụ lục bằng kỹ sư với trường đối tác Pháp.

Chương trình Dạy và học bằng tiếng Anh
Đào tạo 27 ngành/ chuyên ngành (gồm 05 ngành/ chuyên ngành dự kiến), dạy hoàn toàn bằng tiếng Anh, học phí khoảng 40 triệu đồng/HK, kế hoạch đào tạo 4 năm, địa điểm học tại Cơ sở Lý Thường Kiệt. Chuẩn tiếng Anh đầu vào đạt IELTS (Academic) ≥ 6.0/ TOEFL iBT ≥ 79/ TOEIC Nghe - Đọc ≥ 730 & Nói - Viết ≥ 280. Bằng tốt nghiệp do Trường ĐH Bách khoa cấp."
31,Sau này em muốn làm ở các công ty nước ngoài về thực phẩm thì em nên chọn ngành nào ạ?,"Để có thể làm việc tại các công ty nước ngoài về thực phẩm sau này, em nên cân nhắc lựa chọn một trong hai ngành sau:### 1. Công nghệ Thực phẩm**Nguyên nhân:**- **Kiến thức chuyên sâu:** Ngành Công nghệ Thực phẩm cung cấp kiến thức chuyên sâu về khoa học thực phẩm, kỹ thuật chế biến, quản lý chất lượng, và công nghệ sản xuất thực phẩm. Đây là nền tảng lý tưởng cho việc làm việc trong các công ty nước ngoài chuyên về sản xuất và xuất khẩu thực phẩm.- **Kiếm định quốc tế:** Chương trình đào tạo ngành Công nghệ Thực phẩm của Trường ĐH Bách khoa - ĐHQG-HCM đã đạt chuẩn kiểm định IFT (Hoa Kỳ) và ASIIN (CHLB Đức), giúp sinh viên có lợi thế khi làm việc trong các công ty nước ngoài.- **Nhiều cơ hội học bổng:** Sinh viên ngành này có nhiều cơ hội nhận học bổng từ các trường đại học danh tiếng trên thế giới, giúp mở rộng cơ hội làm việc tại các công ty nước ngoài.### 2. Kỹ thuật Cơ sở Hạ tầng**Nguyên nhân:**- **Kiến thức về hệ thống cấp thoát nước:** Ngành Kỹ thuật Cơ sở Hạ tầng tập trung vào việc thiết kế, xây dựng, và quản lý hệ thống cấp thoát nước, công trình bảo vệ tài nguyên nước, và hệ thống xử lý nước thải. Đây là lĩnh vực quan trọng trong việc đảm bảo chất lượng nước, điều này liên quan mật thiết đến việc sản xuất và tiêu thụ thực phẩm.- **Kỹ năng giải quyết vấn đề:** Ngành này giúp sinh viên phát triển kỹ năng giải quyết vấn đề và tư duy kỹ thuật, rất hữu ích khi làm việc trong các dự án liên quan đến sản xuất và phân phối thực phẩm.- **Việc làm đa dạng:** Sinh viên tốt nghiệp ngành này có nhiều cơ hội làm việc trong các công ty nước ngoài về quản lý và cung cấp nước, cũng như trong các dự án liên quan đến sản xuất và phân phối thực phẩm.### Kết luận:Em nên chọn ngành Công nghệ Thực phẩm nếu em muốn tập trung vào sản xuất và chế biến thực phẩm, hoặc Kỹ thuật Cơ sở Hạ tầng nếu em quan tâm đến việc đảm bảo chất lượng nước và hệ thống cấp thoát nước, vì cả hai ngành đều cung cấp nền","THÔNG TIN TUYỂN SINH ĐẠI HỌC CHÍNH QUY
TRƯỜNG ĐẠI HỌC BÁCH KHOA NĂM 2025
MÃ TRƯỜNG: QSB
40 NGÀNH - HƠN 60 CHUYÊN NGÀNH - TỔNG CHỈ TIÊU: 5.550 SINH VIÊN

1. CHƯƠNG TRÌNH ĐÀO TẠO
Chương trình Tiêu chuẩn
Đào tạo 40 ngành/ chuyên ngành (các ngành tuyển sinh theo nhóm ngành sẽ phân ngành từ năm thứ 2 theo kết quả học tập), giảng dạy bằng tiếng Việt, học phí khoảng 15 triệu đồng/HK, kế hoạch đào tạo 4 năm, địa điểm học tại Cơ sở Dĩ An

Chương trình Tài năng
Đào tạo 15 nhóm ngành/ ngành, dạy bằng tiếng Việt (dựa trên chương trình Tiêu chuẩn với các môn cốt lõi dành cho chương trình Tài năng), học phí khoảng 15 triệu đồng/HK, xét tuyển sinh viên Giỏi từ năm thứ 2, kế hoạch đào tạo 4 năm.

Chương trình Tiên tiến
Đào tạo 1 ngành, dạy hoàn toàn bằng tiếng Anh, giáo trình chuyển giao từ ĐH Illinois Urbana Champaign, được cải tiến qua các năm để phù hợp với thực tiễn, học phí khoảng 40 triệu đồng/HK, kế hoạch đào tạo 4 năm, địa điểm học tại Cơ sở Lý Thường Kiệt. Chuẩn tiếng Anh đầu vào đạt IELTS (Academic) ≥ 6.0/ TOEFL iBT ≥ 79/ TOEIC Nghe - Đọc ≥ 730 & Nói - Viết ≥ 280. Bằng tốt nghiệp do Trường ĐH Bách khoa cấp."
32,Ngành kỹ thuật hóa học chương trình dạy và học bằng tiếng Anh ở trường mình năm nay lấy chỉ tiêu bao nhiêu sinh viên ạ?,"ngành Kỹ thuật Hóa học (Chương trình Dạy và học bằng tiếng Anh) có:

Mã ngành: 214 (thuộc chương trình QSB)

Chỉ tiêu tuyển sinh: 150 sinh viên","Chương trình Dạy và học bằng tiếng Anh
Đào tạo 27 ngành/ chuyên ngành (gồm 05 ngành/ chuyên ngành dự kiến), dạy hoàn toàn bằng tiếng Anh, học phí khoảng 40 triệu đồng/HK, kế hoạch đào tạo 4 năm, địa điểm học tại Cơ sở Lý Thường Kiệt. Chuẩn tiếng Anh đầu vào đạt IELTS (Academic) ≥ 6.0/ TOEFL iBT ≥ 79/ TOEIC Nghe - Đọc ≥ 730 & Nói - Viết ≥ 280. Bằng tốt nghiệp do Trường ĐH Bách khoa cấp."
33,Em có chứng chỉ IELTS 5.5 thì em sẽ được quy đổi thành bao nhiêu điểm môn tiếng Anh?,"IELTS 5.5 → Quy đổi thành 9.0 điểm môn tiếng Anh
Áp dụng cho:

Điểm tiếng Anh trong tổ hợp xét tuyển thi THPT

Điểm trung bình học bạ môn tiếng Anh (nếu xét học bạ)","LƯU Ý:
Thí sinh có chứng chỉ IELTS ≥ 5.0/ TOEFL iBT ≥ 46/ TOEIC nghe - đọc ≥ 460 & nói - viết ≥ 200 sẽ được quy đổi sang điểm môn tiếng Anh trong điểm thi tốt nghiệp THPT và học lực THPT đối với các tổ hợp xét tuyển có dùng môn tiếng Anh.
Đối với TOEIC, để quy đổi ngang hàng thì cặp điểm thành phần nghe – đọc và nói – viết phải đạt đồng thời điểm CCTA theo yêu cầu. Nếu không đạt đồng thời thì điểm quy đổi môn Tiếng Anh sẽ lấy theo cặp điểm thành phần nào thấp hơn."
34,Nếu em có TOEIC Nghe – Đọc là 650 nhưng Nói – Viết chỉ được 190 thì em được quy đổi mấy điểm?,"Theo thông tin cung cấp trong các bảng dữ liệu, để đánh giá trình độ tiếng Anh, Trường Đại học Bách khoa - ĐHQG-HCM có một số yêu cầu cụ thể:1. **Chương trình Tiêu chuẩn**: Yêu cầu TOEIC ≥ 600 với 4 kỹ năng Nghe - Nói - Đọc - Viết.2. **Chương trình Tiên tiến**: Yêu cầu TOEIC ≥ 700 với 4 kỹ năng Nghe - Nói - Đọc - Viết.Tuy nhiên, bảng dữ liệu không cung cấp thông tin về việc quy đổi điểm TOEIC giữa các kỹ năng. Do đó, dựa trên thông tin đã có, chúng ta không thể xác định chính xác điểm quy đổi từ TOEIC Nghe – Đọc 650 và Nói – Viết 190.Để có câu trả lời chính xác, bạn nên tham khảo thêm thông tin từ Trường Đại học Bách khoa - ĐHQG-HCM hoặc liên hệ trực tiếp với ban tuyển sinh để được tư vấn chi tiết về quy đổi điểm TOEIC giữa các kỹ năng.","LƯU Ý:
Thí sinh có chứng chỉ IELTS ≥ 5.0/ TOEFL iBT ≥ 46/ TOEIC nghe - đọc ≥ 460 & nói - viết ≥ 200 sẽ được quy đổi sang điểm môn tiếng Anh trong điểm thi tốt nghiệp THPT và học lực THPT đối với các tổ hợp xét tuyển có dùng môn tiếng Anh.
Đối với TOEIC, để quy đổi ngang hàng thì cặp điểm thành phần nghe – đọc và nói – viết phải đạt đồng thời điểm CCTA theo yêu cầu. Nếu không đạt đồng thời thì điểm quy đổi môn Tiếng Anh sẽ lấy theo cặp điểm thành phần nào thấp hơn."
35,Xét tuyển thẳng theo quy chế Bộ Giáo dục thì em được đăng ký mấy nguyện vọng vậy ạ?,"Theo quy định của Bộ Giáo dục và Đào tạo về xét tuyển thẳng, thí sinh được đăng ký tối đa 3 nguyện vọng. Điều này nhằm cho phép thí sinh có nhiều lựa chọn về ngành học và trường đại học mà vẫn đảm bảo tính công bằng và minh bạch trong quá trình tuyển sinh.Trong bối cảnh cụ thể của chương trình PFIEV (Programme Franco-Indochinois d'Excellence et de Valorisation), quy định này cũng áp dụng, nghĩa là thí sinh có thể đăng ký xét tuyển thẳng vào tối đa 3 nguyện vọng khác nhau, tùy thuộc vào các ngành học và trường đại học tham gia chương trình này.Như vậy, nếu bạn quan tâm đến xét tuyển thẳng theo quy chế Bộ Giáo dục, bạn nên cân nhắc kỹ lưỡng và đăng ký tối đa 3 nguyện vọng phù hợp với sở thích và năng lực của mình.","3.1. XÉT TUYỂN THẲNG THEO QUY CHẾ TUYỂN SINH CỦA BỘ GIÁO DỤC VÀ ĐÀO TẠO
ĐỐI TƯỢNG VÀ ĐIỀU KIỆN DỰ TUYỂN
Chỉ tiêu: 1% - 5% tổng chỉ tiêu
Đối tượng 1 (quy định tại Khoản 1, Điều 8 của Quy chế tuyển sinh năm 2022): Anh hùng lao động, Anh hùng lực lượng vũ trang nhân dân, Chiến sĩ thi đua toàn quốc được tuyển thẳng vào các ngành, chương trình của trường
Đối tượng 2 (quy định tại Điểm a, Khoản 2, Điều 8 của Quy chế tuyển sinh năm 2022): Thí sinh đoạt giải nhất, nhì, ba trong kỳ thi chọn học sinh giỏi quốc gia, quốc tế hoặc thi khoa học, kỹ thuật cấp quốc gia, quốc tế do Bộ GDĐT tổ chức, cử tham gia; thời gian đoạt giải không quá 3 năm tính tới thời điểm xét tuyển thẳng; đã tốt nghiệp THPT được đăng ký tuyển thẳng vào đại học theo các nhóm ngành/ngành phù hợp môn đoạt giải/dự thi như sau:
Đối tượng 3 (quy định tại Điểm a Khoản 2 Điều 8 của Quy chế tuyển sinh năm 2022): Thí sinh đoạt giải các kỳ thi Khoa học Kỹ thuật, Hội đồng tuyển sinh Trường sẽ quyết định ngành/nhóm ngành được tuyển thẳng khi căn cứ vào đề tài đoạt giải.
Đối tượng 4 (quy định tại Điểm b, c, Khoản 4 Điều 8 của Quy chế tuyển sinh năm 2022): Hội đồng tuyển sinh Trường xem xét, quyết định cho nhập học đối với các trường hợp xét tuyển thẳng sau: Thí sinh là người dân tộc thiểu số rất ít người theo quy định hiện hành của Chính phủ và thí sinh 20 huyện nghèo biên giới, hải đảo thuộc khu vực Tây Nam Bộ; Thí sinh có hộ khẩu thường trú từ 3 năm trở lên, học 3 năm và tốt nghiệp trung học phổ thông tại các huyện nghèo theo điểm b, c khoản 4 Điều 8 của Quy chế tuyển sinh và có trung bình cộng các điểm trung bình các môn (theo tổ hợp xét tuyển) của các năm lớp 10, 11, 12 từ 8.0 trở lên.
Số lượng nguyện vọng đăng ký: mỗi thí sinh chỉ nộp 01 bộ hồ sơ, tối đa 05 nguyện vọng ngành/nhóm ngành"
36,"Em có điểm thi Đánh giá năng lực ĐHQG-HCM và cũng có chứng chỉ quốc tế, em được xét tuyển như thế nào?","**Xét tuyển dựa trên Đánh giá năng lực ĐHQG-HCM và chứng chỉ quốc tế**Đánh giá năng lực ĐHQG-HCM là một kỳ thi quan trọng được tổ chức bởi Đại học Quốc gia Thành phố Hồ Chí Minh (ĐHQG – HCM) nhằm đánh giá khả năng học tập của thí sinh. Điểm thi Đánh giá năng lực ĐHQG-HCM đóng vai trò quan trọng trong quá trình xét tuyển thẳng cho thí sinh.Ngoài ra, việc sở hữu chứng chỉ quốc tế cũng tăng thêm cơ hội xét tuyển. Các chứng chỉ quốc tế như IELTS, TOEFL, TOEIC, hoặc chứng chỉ chuyên ngành có thể được xem xét trong quá trình xét tuyển, giúp tăng điểm số tổng thể cho hồ sơ của bạn.Khi bạn có cả hai yếu tố này, bạn có thể được xét tuyển vào các chương trình đại học tại ĐHQG – HCM. Cụ thể, điểm Đánh giá năng lực ĐHQG-HCM sẽ là tiêu chí chính để đánh giá năng lực học tập của bạn, trong khi chứng chỉ quốc tế sẽ bổ sung thêm điểm cộng cho hồ sơ xét tuyển của bạn.Để biết chính xác cách thức xét tuyển và các yêu cầu cụ thể, bạn nên tham khảo thông tin chi tiết từ trang web của ĐHQG – HCM hoặc liên hệ trực tiếp với Ban tuyển sinh của trường.","3. PHƯƠNG THỨC TUYỂN SINH (DỰ KIẾN)
Xét tuyển thẳng (theo quy chế tuyển sinh của Bộ GD&ĐT), chỉ tiêu: 1% ~ 5% tổng chỉ tiêu.
Xét tuyển tổng hợp, chỉ tiêu: 95% ~ 99% tổng chỉ tiêu.
• Đối tượng 1: Trường hợp thí sinh có kết quả thi Đánh giá Năng lực ĐHQG-HCM năm 2025
• Đối tượng 2: Trường hợp thí sinh không có kết quả thi Đánh giá Năng lực ĐHQG-HCM năm 2025
• Đối tượng 3: Trường hợp thí sinh tốt nghiệp chương trình THPT nước ngoài
• Đối tượng 4: Trường hợp thí sinh dùng Chứng chỉ tuyển sinh Quốc tế
• Đối tượng 5: Trường hợp xét tuyển các thí sinh vào chương trình Chuyển tiếp Quốc tế Úc/ Mỹ/ New Zealand của Trường.
Đối tượng: 
Theo Quy chế tuyển sinh hiện hành của Bộ GD&ĐT, Đại học Quốc Gia TP.HCM và Trường Đại học Bách khoa - ĐHQG-HCM."
37,"Em có cả học bạ tốt, điểm ĐGNL trên 800 và IELTS 6.5. Em nên đăng ký xét tuyển bằng cách nào để có khả năng đậu cao nhất ạ?","Dựa trên thông tin bạn cung cấp, em có cả học bạ tốt, điểm ĐGNL trên 800 và đạt IELTS 6.5 - mức điểm tối thiểu để xét tuyển vào nhiều chương trình học tại Trường Đại học Bách Khoa. Để có khả năng đậu cao nhất, em có thể cân nhắc các phương án sau:### 1. **Xét tuyển theo điểm ĐGNL**- **Ưu điểm:**  - Phù hợp với nhiều ngành học, đặc biệt là các ngành không yêu cầu chứng chỉ ngoại ngữ.  - Đơn giản, không tốn thêm chi phí.- **Nhược điểm:**  - Có thể không phù hợp với một số ngành yêu cầu chứng chỉ ngoại ngữ như Kỹ thuật Điện tử-Viễn thông, Kỹ thuật Hệ thống Công nghiệp, Logistics & Quản lý Chuỗi Cung ứng.### 2. **Xét tuyển theo điểm thi IELTS 6.5**- **Ưu điểm:**  - Phù hợp với các ngành yêu cầu chứng chỉ ngoại ngữ.  - Cải thiện cơ hội trúng tuyển vào các ngành quốc tế.- **Nhược điểm:**  - Cần phải có chứng chỉ IELTS trước khi nộp hồ sơ.### 3. **Xét tuyển theo kết hợp điểm ĐGNL và IELTS 6.5**- **Ưu điểm:**  - Tăng cường cơ hội trúng tuyển vào các ngành yêu cầu cả ĐGNL và IELTS.  - Tạo sự linh hoạt trong việc lựa chọn ngành học.- **Nhược điểm:**  - Yêu cầu phải có cả ĐGNL và chứng chỉ IELTS.### Hướng dẫn đăng ký xét tuyển:1. **Xét tuyển theo ĐGNL:**   - Truy cập website của Trường Đại học Bách Khoa.   - Đăng nhập vào hệ thống tuyển sinh online.   - Chọn ngành học phù hợp.   - Nộp hồ sơ theo hướng dẫn.2. **Xét tuyển theo IELTS 6.5:**   - Truy cập website của Trường Đại học Bách Khoa.   - Đăng nhập vào hệ thống tuyển sinh online.   - Chọn ngành học yêu cầu IELTS.   - Nộp hồ sơ và chứng chỉ IELTS theo hướng dẫn.3. **Xét tuyển","3. PHƯƠNG THỨC TUYỂN SINH (DỰ KIẾN)
Xét tuyển thẳng (theo quy chế tuyển sinh của Bộ GD&ĐT), chỉ tiêu: 1% ~ 5% tổng chỉ tiêu.
Xét tuyển tổng hợp, chỉ tiêu: 95% ~ 99% tổng chỉ tiêu.
• Đối tượng 1: Trường hợp thí sinh có kết quả thi Đánh giá Năng lực ĐHQG-HCM năm 2025
• Đối tượng 2: Trường hợp thí sinh không có kết quả thi Đánh giá Năng lực ĐHQG-HCM năm 2025
• Đối tượng 3: Trường hợp thí sinh tốt nghiệp chương trình THPT nước ngoài
• Đối tượng 4: Trường hợp thí sinh dùng Chứng chỉ tuyển sinh Quốc tế
• Đối tượng 5: Trường hợp xét tuyển các thí sinh vào chương trình Chuyển tiếp Quốc tế Úc/ Mỹ/ New Zealand của Trường.
Đối tượng: 
Theo Quy chế tuyển sinh hiện hành của Bộ GD&ĐT, Đại học Quốc Gia TP.HCM và Trường Đại học Bách khoa - ĐHQG-HCM.
Ngoại trừ các thí sinh đã từng là sinh viên trường Đại học Bách khoa - ĐHQG-HCM đã bị kỷ luật buộc thôi học trong thời gian 05 năm (kể từ ngày đăng ký xét tuyển sinh năm 2025) hoặc đã bị kỷ luật buộc thôi học do thi hộ hoặc dùng các loại bằng cấp, chứng chỉ, giấy tờ giả mạo.
LƯU Ý:
Thí sinh có chứng chỉ IELTS ≥ 5.0/ TOEFL iBT ≥ 46/ TOEIC nghe - đọc ≥ 460 & nói - viết ≥ 200 sẽ được quy đổi sang điểm môn tiếng Anh trong điểm thi tốt nghiệp THPT và học lực THPT đối với các tổ hợp xét tuyển có dùng môn tiếng Anh.
Đối với TOEIC, để quy đổi ngang hàng thì cặp điểm thành phần nghe – đọc và nói – viết phải đạt đồng thời điểm CCTA theo yêu cầu. Nếu không đạt đồng thời thì điểm quy đổi môn Tiếng Anh sẽ lấy theo cặp điểm thành phần nào thấp hơn.
Thí sinh có thể tham gia xét tuyển bằng một hay nhiều đối tượng khác nhau và sẽ được dùng điểm xét tuyển cao nhất trong các đối tượng này để xét tuyển."
38,Em thấy có ngành dạy bằng tiếng Anh mà em không có IELTS. Em có được đăng ký không?,"Theo thông tin tôi có, chương trình Dạy và học bằng tiếng Anh ngành Kỹ thuật Hàng không yêu cầu trình độ tiếng Anh TOEIC ≥ 600 với 4 kỹ năng Nghe - Nói - Đọc - Viết. Tuy nhiên, chương trình cũng có thể chấp nhận các chứng chỉ tiếng Anh khác tương đương, bao gồm IELTS. Nếu bạn không có IELTS, bạn có thể tham khảo thêm thông tin chi tiết từ Ban tuyển sinh của Trường ĐH Bách Khoa để xác nhận các yêu cầu về tiếng Anh. Họ có thể cung cấp thông tin cụ thể về các chứng chỉ tiếng Anh khác được chấp nhận hoặc các phương án cải thiện kỹ năng tiếng Anh của bạn trước khi đăng ký.Ngoài ra, nếu bạn muốn đăng ký chương trình Tiêu chuẩn, bạn cần đạt trình độ TOEIC ≥ 600.","Chương trình Dạy và học bằng tiếng Anh
Đào tạo 27 ngành/ chuyên ngành (gồm 05 ngành/ chuyên ngành dự kiến), dạy hoàn toàn bằng tiếng Anh, học phí khoảng 40 triệu đồng/HK, kế hoạch đào tạo 4 năm, địa điểm học tại Cơ sở Lý Thường Kiệt. Chuẩn tiếng Anh đầu vào đạt IELTS (Academic) ≥ 6.0/ TOEFL iBT ≥ 79/ TOEIC Nghe - Đọc ≥ 730 & Nói - Viết ≥ 280. Bằng tốt nghiệp do Trường ĐH Bách khoa cấp."
39,"Em vừa thi ĐGNL đạt 600, vừa có học bạ quy đổi 9.0. Em không có chứng chỉ tiếng Anh. Em sẽ xét tổng hợp qua ĐGNL hay học bạ?","Theo thông tin bạn cung cấp, bạn vừa thi ĐGNL đạt 600 và có học bạ quy đổi 9.0, nhưng chưa có chứng chỉ tiếng Anh. Để quyết định xét tổng hợp qua ĐGNL hay học bạ, chúng ta cần xem xét các tiêu chí và yêu cầu cụ thể của Trường Đại học Bách khoa.### Giới thiệu về các tiêu chí xét tuyển#### 1. **Tiêu chí ĐGNL (Điểm thi ĐGNL):**- Điểm ĐGNL ≥ 600 là một trong những yêu cầu bắt buộc để tốt nghiệp ngành Kỹ thuật Tàu thủy.#### 2. **Tiêu chí Học bạ:**- Học bạ quy đổi 9.0 là một trong những tiêu chí để đảm bảo chất lượng học tập.#### 3. **Yêu cầu về tiếng Anh:**- Yêu cầu tiếng Anh là trình độ TOEIC ≥ 600 hay IELTS ≥ 6.0.### Phân tích tình huống của bạn- **ĐGNL**: Bạn đã đạt 600, đáp ứng yêu cầu tối thiểu để xét tuyển vào ngành Kỹ thuật Tàu thủy.- **Học bạ**: Học bạ của bạn quy đổi 9.0, cũng là một tiêu chí tốt để xét tuyển.- **Tiếng Anh**: Bạn chưa có chứng chỉ tiếng Anh, điều này có thể ảnh hưởng đến việc xét tuyển.### Lựa chọn xét tuyển1. **Xét tuyển qua ĐGNL:**   - Bạn đã đáp ứng yêu cầu ĐGNL ≥ 600, nên có thể xét tuyển qua ĐGNL. Tuy nhiên, cần lưu ý rằng trường hợp không có chứng chỉ tiếng Anh có thể khiến hồ sơ của bạn bị đánh giá thấp hơn so với những ứng viên có chứng chỉ tiếng Anh.2. **Xét tuyển qua học bạ:**   - Với học bạ quy đổi 9.0, bạn vẫn có cơ hội xét tuyển. Tuy nhiên, bạn cần phải chứng minh khả năng tiếng Anh thông qua các bài kiểm tra hoặc hoàn thành chứng chỉ tiếng Anh trước khi nhập học.### Kết luận**Nếu bạn muốn tăng cơ hội thành công, bạn nên:**- **Đề nghị tham gia các khóa học tiếng Anh**: Để nâng cao trình","3.2. XÉT TUYỂN TỔNG HỢP
Chỉ tiêu: 95% - 99% tổng chỉ tiêu
Đối tượng và điều kiện dự tuyển: 
Đối tượng 1: Trường hợp thí sinh có kết quả thi Đánh giá Năng lực ĐHQG-HCM năm 2025
Đối tượng 2: Trường hợp thí sinh không có kết quả thi Đánh giá Năng lực ĐHQG-HCM năm 2025
Đối tượng 3: Trường hợp thí sinh tốt nghiệp THPT nước ngoài
Đối tượng 4: Trường hợp thí sinh dùng Chứng chỉ tuyển sinh Quốc tế
Đối tượng 5: Trường hợp xét tuyển các thí sinh vào chương trình Chuyển tiếp Quốc tế Úc/ Mỹ/ New Zealand của Trường.
Số lượng nguyện vọng đăng ký: không giới hạn
Nguyên tắc xét tuyển: 
Điểm ĐGNL-HCM và kết quả thi Tốt nghiệp THPT dùng trong xét tuyển phải là kết quả của năm 2025. Đối với điểm thi Tốt nghiệp THPT năm 2025, thí sinh thi theo dạng đề được quy định (và theo lựa chọn của thí sinh).
Nếu thí sinh có nhiều hơn một đối tượng xét tuyển (đã nêu trên) hoặc tổ hợp thì lấy điểm xét tuyển cao nhất trong các điểm xét tuyển của từng đối tượng/ tổ hợp làm điểm xét tuyển của thí sinh.
Ngưỡng đảm bảo chất lượng (theo điểm xét tuyển tổng hợp): 50 điểm (thang 100)."
40,"Em là TZ2 (ưu tiên khu vực 2), được +1 điểm; nhưng em lại đoạt giải HSG QG nhì Hóa thuộc diện tuyển thẳng. Vậy em có còn được cộng +1 điểm không?","Dựa trên thông tin bạn cung cấp, em là TZ2 (ưu tiên khu vực 2) và được cộng +1 điểm. Đồng thời, em đoạt giải HSG QG nhì Hóa thuộc diện tuyển thẳng. Theo quy định của Đại học Quốc gia TP. Hồ Chí Minh, nếu ứng viên đồng thời thuộc diện tuyển thẳng và có ưu tiên khu vực 2, chỉ số xét tuyển sẽ được cộng tối đa là 1 điểm.Trong trường hợp của bạn, dù đã đoạt giải HSG QG nhì Hóa thuộc diện tuyển thẳng, nhưng chỉ số xét tuyển vẫn chỉ được cộng tối đa 1 điểm do em là TZ2. Do đó, điểm cộng cho bạn vẫn là 1 điểm.Tóm lại:- Bạn được cộng +1 điểm vì là TZ2.- Bạn không được cộng thêm điểm vì đã thuộc diện tuyển thẳng.Nếu bạn có thêm thông tin hoặc cần hỗ trợ về quy định cụ thể, hãy liên hệ với Ban tuyển sinh của Đại học Quốc gia TP. Hồ Chí Minh để được tư vấn chính xác hơn.","2. Điểm ưu tiên(2)
• Thí sinh có [Điểm học lực] < 75 điểm:
Điểm ưu tiên = [Điểm ưu tiên quy đổi]
• Thí sinh có [Điểm học lực] ≥ 75 điểm:
Điểm ưu tiên = (100 - [Điểm học lực])/25 × [Điểm ưu tiên quy đổi], làm tròn đến 0.01
Trong đó, Điểm ưu tiên quy đổi được tính như sau:
Điểm ưu tiên quy đổi = [Điểm ưu tiên thành tích] + [Điểm ưu tiên khu vực đối tượng quy đổi]
• Điểm ưu tiên thành tích (thành tích khác, văn-thể-mỹ, hoạt động xã hội): tối đa 10 điểm
• Điểm ưu tiên khu vực đối tượng: tối đa 9.17 điểm, thang 100 (quy đổi từ mức tối đa 2.75 điểm, thang điểm 30 theo quy chế của Bộ).
• Tổng điểm ưu tiên quy đổi khi vượt quá 10 sẽ được lấy là 10."
42,Em đoạt giải ba cuộc thi khoa học kỹ thuật cấp quốc gia. Ngành em muốn học không liên quan đến đề tài. Vậy em có được tuyển thẳng không ạ?,"Theo thông tin tôi có, ngành Kỹ thuật Dầu khí có cơ hội trúng tuyển cao và có thể áp dụng cho những thí sinh đạt giải thưởng khoa học kỹ thuật cấp quốc gia. Tuy nhiên, thông tin cụ thể về chính sách tuyển sinh trực tiếp cho ngành Kỹ thuật Dầu khí chưa được cung cấp trong các bảng dữ liệu đã được cung cấp. Để có câu trả lời chính xác, bạn nên liên hệ trực tiếp với Trường Đại học Bách khoa để được tư vấn về chính sách tuyển sinh đặc cách dành cho những thí sinh có thành tích nổi bật như bạn. Trường có thể có các chương trình học bổng hoặc cơ hội tuyển thẳng dành cho những sinh viên có thành tích xuất sắc trong các cuộc thi khoa học kỹ thuật.Ngoài ra, nếu bạn muốn tìm hiểu thêm về các ngành khác, bạn có thể tham khảo thông tin về các ngành như Khoa học Tính toán, Công nghệ Kỹ thuật Vật liệu Xây dựng, hay Kỹ thuật Cơ sở Hạ tầng, đều có cơ hội tuyển sinh đặc cách và học bổng cho những thí sinh có thành tích cao trong các cuộc thi khoa học kỹ thuật.","3.1. XÉT TUYỂN THẲNG THEO QUY CHẾ TUYỂN SINH CỦA BỘ GIÁO DỤC VÀ ĐÀO TẠO
ĐỐI TƯỢNG VÀ ĐIỀU KIỆN DỰ TUYỂN
Chỉ tiêu: 1% - 5% tổng chỉ tiêu
Đối tượng 1 (quy định tại Khoản 1, Điều 8 của Quy chế tuyển sinh năm 2022): Anh hùng lao động, Anh hùng lực lượng vũ trang nhân dân, Chiến sĩ thi đua toàn quốc được tuyển thẳng vào các ngành, chương trình của trường
Đối tượng 2 (quy định tại Điểm a, Khoản 2, Điều 8 của Quy chế tuyển sinh năm 2022): Thí sinh đoạt giải nhất, nhì, ba trong kỳ thi chọn học sinh giỏi quốc gia, quốc tế hoặc thi khoa học, kỹ thuật cấp quốc gia, quốc tế do Bộ GDĐT tổ chức, cử tham gia; thời gian đoạt giải không quá 3 năm tính tới thời điểm xét tuyển thẳng; đã tốt nghiệp THPT được đăng ký tuyển thẳng vào đại học theo các nhóm ngành/ngành phù hợp môn đoạt giải/dự thi như sau:
Đối tượng 3 (quy định tại Điểm a Khoản 2 Điều 8 của Quy chế tuyển sinh năm 2022): Thí sinh đoạt giải các kỳ thi Khoa học Kỹ thuật, Hội đồng tuyển sinh Trường sẽ quyết định ngành/nhóm ngành được tuyển thẳng khi căn cứ vào đề tài đoạt giải."
43,"Chỉ tiêu xét tuyển thẳng là 5%, vậy nếu có nhiều bạn đạt giải giống nhau thì trường sẽ chọn ai?","Theo thông tin cung cấp, trường Đại học Bách khoa - ĐHQG-HCM không có chi tiết cụ thể về tiêu chí đánh giá khi có nhiều bạn đạt giải giống nhau trong trường hợp xét tuyển thẳng. Tuy nhiên, thông thường trường sẽ có các tiêu chí phụ để đánh giá và lựa chọn, bao gồm:- Đánh giá toàn diện về năng lực, kỹ năng và thành tích học tập của sinh viên.- Xét trình độ ngoại ngữ, kỹ năng thực hành và kỹ năng giải quyết vấn đề.- Xem xét thành tích trong các hoạt động ngoại khóa, tình nguyện và các hoạt động liên quan đến ngành học.- Xem xét điểm trung bình môn học, đặc biệt là các môn liên quan đến ngành học.Nếu vẫn còn thắc mắc, bạn nên liên hệ trực tiếp với trường để được tư vấn cụ thể về quy trình xét tuyển và tiêu chí đánh giá.","3.1. XÉT TUYỂN THẲNG THEO QUY CHẾ TUYỂN SINH CỦA BỘ GIÁO DỤC VÀ ĐÀO TẠO
ĐỐI TƯỢNG VÀ ĐIỀU KIỆN DỰ TUYỂN
Chỉ tiêu: 1% - 5% tổng chỉ tiêu
Đối tượng 1 (quy định tại Khoản 1, Điều 8 của Quy chế tuyển sinh năm 2022): Anh hùng lao động, Anh hùng lực lượng vũ trang nhân dân, Chiến sĩ thi đua toàn quốc được tuyển thẳng vào các ngành, chương trình của trường
Đối tượng 2 (quy định tại Điểm a, Khoản 2, Điều 8 của Quy chế tuyển sinh năm 2022): Thí sinh đoạt giải nhất, nhì, ba trong kỳ thi chọn học sinh giỏi quốc gia, quốc tế hoặc thi khoa học, kỹ thuật cấp quốc gia, quốc tế do Bộ GDĐT tổ chức, cử tham gia; thời gian đoạt giải không quá 3 năm tính tới thời điểm xét tuyển thẳng; đã tốt nghiệp THPT được đăng ký tuyển thẳng vào đại học theo các nhóm ngành/ngành phù hợp môn đoạt giải/dự thi như sau:
Đối tượng 3 (quy định tại Điểm a Khoản 2 Điều 8 của Quy chế tuyển sinh năm 2022): Thí sinh đoạt giải các kỳ thi Khoa học Kỹ thuật, Hội đồng tuyển sinh Trường sẽ quyết định ngành/nhóm ngành được tuyển thẳng khi căn cứ vào đề tài đoạt giải.
Đối tượng 4 (quy định tại Điểm b, c, Khoản 4 Điều 8 của Quy chế tuyển sinh năm 2022): Hội đồng tuyển sinh Trường xem xét, quyết định cho nhập học đối với các trường hợp xét tuyển thẳng sau: Thí sinh là người dân tộc thiểu số rất ít người theo quy định hiện hành của Chính phủ và thí sinh 20 huyện nghèo biên giới, hải đảo thuộc khu vực Tây Nam Bộ; Thí sinh có hộ khẩu thường trú từ 3 năm trở lên, học 3 năm và tốt nghiệp trung học phổ thông tại các huyện nghèo theo điểm b, c khoản 4 Điều 8 của Quy chế tuyển sinh và có trung bình cộng các điểm trung bình các môn (theo tổ hợp xét tuyển) của các năm lớp 10, 11, 12 từ 8.0 trở lên.
Số lượng nguyện vọng đăng ký: mỗi thí sinh chỉ nộp 01 bộ hồ sơ, tối đa 05 nguyện vọng ngành/nhóm ngành
NGUYÊN TẮC XÉT TUYỂN
Hội đồng tuyển sinh trường xem xét các hồ sơ xét tuyển thẳng và quyết định danh sách trúng tuyển.
Các hồ sơ xét tuyển thẳng hợp lệ được sắp xếp theo thứ tự từ cao xuống theo các giải đạt được (diện đạt giải học sinh giỏi quốc gia, giải khoa học kỹ thuật quốc gia) và các điểm trung bình các môn (thuộc tổ hợp môn xét tuyển) của các năm lớp 10, 11, 12. Hội đồng tuyển sinh xét trúng tuyển căn cứ theo các tiêu chí và theo chỉ tiêu được quy định, lấy theo thứ tự từ cao xuống thấp."
44,"Em có kết quả thi Đánh giá năng lực ĐHQG-HCM năm 2025, vậy cách tính điểm xét tuyển của em như thế nào?","Để xác định cách tính điểm xét tuyển từ kết quả thi Đánh giá năng lực ĐHQG-HCM năm 2025, chúng ta cần xem xét thông tin chi tiết về cách tính điểm xét tuyển từ ĐHQG-HCM.Tuy nhiên, từ dữ liệu cung cấp, chúng ta không có thông tin cụ thể về cách tính điểm xét tuyển. Thông thường, điểm xét tuyển từ Đánh giá năng lực ĐHQG-HCM được tính theo một công thức cụ thể bao gồm điểm thi Đánh giá năng lực cộng thêm điểm ưu tiên (nếu có).Theo thông tin đã có, Đánh giá Năng lực ĐHQG-HCM là một kỳ thi quan trọng để xét tuyển vào các chương trình đại học. Điểm thi này là một tiêu chí quan trọng trong quá trình xét tuyển thẳng cho thí sinh.Để có thông tin chính xác về cách tính điểm xét tuyển, bạn nên tham khảo trực tiếp từ website của ĐHQG-HCM hoặc liên hệ với Ban tuyển sinh của trường. Họ sẽ cung cấp cho bạn thông tin chính xác nhất về cách tính điểm xét tuyển dựa trên kết quả Đánh giá năng lực ĐHQG-HCM năm 2025.","3.2. XÉT TUYỂN TỔNG HỢP
Chỉ tiêu: 95% - 99% tổng chỉ tiêu
Đối tượng và điều kiện dự tuyển: 
Đối tượng 1: Trường hợp thí sinh có kết quả thi Đánh giá Năng lực ĐHQG-HCM năm 2025
Đối tượng 2: Trường hợp thí sinh không có kết quả thi Đánh giá Năng lực ĐHQG-HCM năm 2025
Đối tượng 3: Trường hợp thí sinh tốt nghiệp THPT nước ngoài
Đối tượng 4: Trường hợp thí sinh dùng Chứng chỉ tuyển sinh Quốc tế
Đối tượng 5: Trường hợp xét tuyển các thí sinh vào chương trình Chuyển tiếp Quốc tế Úc/ Mỹ/ New Zealand của Trường.
Số lượng nguyện vọng đăng ký: không giới hạn
Nguyên tắc xét tuyển: 
Điểm ĐGNL-HCM và kết quả thi Tốt nghiệp THPT dùng trong xét tuyển phải là kết quả của năm 2025. Đối với điểm thi Tốt nghiệp THPT năm 2025, thí sinh thi theo dạng đề được quy định (và theo lựa chọn của thí sinh).
Nếu thí sinh có nhiều hơn một đối tượng xét tuyển (đã nêu trên) hoặc tổ hợp thì lấy điểm xét tuyển cao nhất trong các điểm xét tuyển của từng đối tượng/ tổ hợp làm điểm xét tuyển của thí sinh.
Ngưỡng đảm bảo chất lượng (theo điểm xét tuyển tổng hợp): 50 điểm (thang 100).
CÔNG THỨC VÀ THANG ĐIỂM XÉT TUYỂN (DỰ KIẾN)
Ngưỡng đảm bảo chất lượng (theo điểm xét tuyển tổng hợp): 50 điểm (thang 100)
[Điểm Xét tuyển] = [Điểm học lực](1) + [Điểm ưu tiên](2), Thang điểm 100
1. Điểm học lực(1): Thang điểm 100, làm tròn 0.01 từng thành tố và làm tròn 0.01 ở điểm tổng
[Điểm học lực] = [Điểm năng lực] × 70% + [Điểm TNTHPTquy đổi] × 20% + [Điểm học THPTquy đổi] × 10%

Đối tượng 1: Thí sinh CÓ kết quả thi Đánh giá Năng lực ĐHQG-HCM năm 2025
[Điểm năng lực] = [Điểm ĐGNL có hệ số Toán × 2] / 15 (Thang điểm 1500 quy đổi sang thang điểm 100)
[Điểm TNTHPTquy đổi] = [Tổng điểm thi 3 môn TNTHPT trong tổ hợp] / 3 × 10
[Điểm học THPTquy đổi] = [Trung bình cộng điểm TB lớp 10, 11, 12 các môn trong tổ hợp] × 10"
45,Nếu em không thi Đánh giá năng lực mà chỉ dùng điểm thi Tốt nghiệp THPT thì có được xét tuyển không?,"Theo thông tin từ bảng dữ liệu cung cấp, điểm thi Tốt nghiệp THPT là một trong những tiêu chí để thí sinh sử dụng chứng chỉ tiếng Anh nhằm quy đổi điểm trong quá trình xét tuyển. Tuy nhiên, việc sử dụng điểm thi Tốt nghiệp THPT thay vì thi Đánh giá năng lực phụ thuộc vào chính sách xét tuyển của từng trường và ngành học cụ thể.Để có câu trả lời chính xác nhất, bạn nên tham khảo trực tiếp chính sách xét tuyển của các trường và ngành học bạn quan tâm. Thông thường, các trường sẽ công bố các điều kiện xét tuyển chi tiết, bao gồm cả yêu cầu về điểm thi Tốt nghiệp THPT, điểm thi Đánh giá năng lực, hoặc các chứng chỉ tiếng Anh khác.Nếu bạn muốn chắc chắn, hãy liên hệ trực tiếp với bộ phận tuyển sinh của trường bạn muốn apply để được tư vấn cụ thể về điều kiện xét tuyển.","3. PHƯƠNG THỨC TUYỂN SINH (DỰ KIẾN)
Xét tuyển thẳng (theo quy chế tuyển sinh của Bộ GD&ĐT), chỉ tiêu: 1% ~ 5% tổng chỉ tiêu.
Xét tuyển tổng hợp, chỉ tiêu: 95% ~ 99% tổng chỉ tiêu.
• Đối tượng 1: Trường hợp thí sinh có kết quả thi Đánh giá Năng lực ĐHQG-HCM năm 2025
• Đối tượng 2: Trường hợp thí sinh không có kết quả thi Đánh giá Năng lực ĐHQG-HCM năm 2025
• Đối tượng 3: Trường hợp thí sinh tốt nghiệp chương trình THPT nước ngoài
• Đối tượng 4: Trường hợp thí sinh dùng Chứng chỉ tuyển sinh Quốc tế
• Đối tượng 5: Trường hợp xét tuyển các thí sinh vào chương trình Chuyển tiếp Quốc tế Úc/ Mỹ/ New Zealand của Trường.
Đối tượng: 
Theo Quy chế tuyển sinh hiện hành của Bộ GD&ĐT, Đại học Quốc Gia TP.HCM và Trường Đại học Bách khoa - ĐHQG-HCM.
Ngoại trừ các thí sinh đã từng là sinh viên trường Đại học Bách khoa - ĐHQG-HCM đã bị kỷ luật buộc thôi học trong thời gian 05 năm (kể từ ngày đăng ký xét tuyển sinh năm 2025) hoặc đã bị kỷ luật buộc thôi học do thi hộ hoặc dùng các loại bằng cấp, chứng chỉ, giấy tờ giả mạo.
LƯU Ý:
Thí sinh có chứng chỉ IELTS ≥ 5.0/ TOEFL iBT ≥ 46/ TOEIC nghe - đọc ≥ 460 & nói - viết ≥ 200 sẽ được quy đổi sang điểm môn tiếng Anh trong điểm thi tốt nghiệp THPT và học lực THPT đối với các tổ hợp xét tuyển có dùng môn tiếng Anh."
46,Ngưỡng đảm bảo chất lượng đầu vào năm 2025 là bao nhiêu điểm?,"Theo thông tin cung cấp, ngưỡng đảm bảo chất lượng đầu vào năm 2025 cho chương trình PFIEV tại ĐHQG-HCM được đánh giá dựa trên điểm ĐGNL-HCM năm 2025. Tuy nhiên, cụ thể ngưỡng đảm bảo chất lượng đầu vào năm 2025 chưa được nêu rõ trong các thông tin đã cung cấp. Để có thông tin chính xác, bạn nên tham khảo thêm từ nguồn gốc của văn bản hoặc liên hệ trực tiếp với Ban tuyển sinh của ĐHQG-HCM.","3.2. XÉT TUYỂN TỔNG HỢP
Chỉ tiêu: 95% - 99% tổng chỉ tiêu
Đối tượng và điều kiện dự tuyển: 
Đối tượng 1: Trường hợp thí sinh có kết quả thi Đánh giá Năng lực ĐHQG-HCM năm 2025
Đối tượng 2: Trường hợp thí sinh không có kết quả thi Đánh giá Năng lực ĐHQG-HCM năm 2025
Đối tượng 3: Trường hợp thí sinh tốt nghiệp THPT nước ngoài
Đối tượng 4: Trường hợp thí sinh dùng Chứng chỉ tuyển sinh Quốc tế
Đối tượng 5: Trường hợp xét tuyển các thí sinh vào chương trình Chuyển tiếp Quốc tế Úc/ Mỹ/ New Zealand của Trường.
Số lượng nguyện vọng đăng ký: không giới hạn
Nguyên tắc xét tuyển: 
Điểm ĐGNL-HCM và kết quả thi Tốt nghiệp THPT dùng trong xét tuyển phải là kết quả của năm 2025. Đối với điểm thi Tốt nghiệp THPT năm 2025, thí sinh thi theo dạng đề được quy định (và theo lựa chọn của thí sinh).
Nếu thí sinh có nhiều hơn một đối tượng xét tuyển (đã nêu trên) hoặc tổ hợp thì lấy điểm xét tuyển cao nhất trong các điểm xét tuyển của từng đối tượng/ tổ hợp làm điểm xét tuyển của thí sinh.
Ngưỡng đảm bảo chất lượng (theo điểm xét tuyển tổng hợp): 50 điểm (thang 100)."
47,"Em có cả điểm thi ĐGNL và điểm thi Tốt nghiệp THPT, trường sẽ dùng điểm nào để xét tuyển?","Theo thông tin từ các bảng dữ liệu cung cấp, điểm thi Tốt nghiệp THPT (ĐGNL) là một trong những tiêu chí quan trọng để xét tuyển vào các ngành đại học tại Việt Nam, đặc biệt là các trường công lập như Trường Đại học Bách khoa - ĐHQG-HCM.### Giải thích chi tiết:1. **Điểm thi Tốt nghiệp THPT (ĐGNL)**: Đây là điểm tổng kết sau 12 năm học phổ thông, đánh dấu sự kết thúc của chương trình THPT. Điểm này được coi là một trong những tiêu chí chính để xét tuyển vào các ngành đại học, đặc biệt là các ngành có yêu cầu về trình độ học vấn.2. **Điểm thi ĐGNL**: Điểm thi ĐGNL (Đề thi Tốt nghiệp THPT) là điểm tổng kết của kỳ thi đánh giá kiến thức sau 12 năm học phổ thông. Điểm này thường được sử dụng để đánh giá năng lực học tập của thí sinh trước khi họ bước vào chương trình đại học.### Kết luận:Khi xét tuyển, các trường đại học thường sử dụng điểm thi Tốt nghiệp THPT (ĐGNL) để đánh giá năng lực học tập của thí sinh. Tuy nhiên, điểm thi ĐGNL và điểm thi Tốt nghiệp THPT có thể được xem xét cùng với các tiêu chí khác như điểm học bạ, bài kiểm tra năng lực, phỏng vấn, v.v.Nếu bạn có cả hai điểm, tốt nhất nên cung cấp cả hai để có cái nhìn toàn diện về năng lực học tập của mình. Trường sẽ sử dụng điểm thi Tốt nghiệp THPT (ĐGNL) là một trong những tiêu chí chính để đánh giá và xét tuyển.","3. PHƯƠNG THỨC TUYỂN SINH (DỰ KIẾN)
Xét tuyển thẳng (theo quy chế tuyển sinh của Bộ GD&ĐT), chỉ tiêu: 1% ~ 5% tổng chỉ tiêu.
Xét tuyển tổng hợp, chỉ tiêu: 95% ~ 99% tổng chỉ tiêu.
• Đối tượng 1: Trường hợp thí sinh có kết quả thi Đánh giá Năng lực ĐHQG-HCM năm 2025
• Đối tượng 2: Trường hợp thí sinh không có kết quả thi Đánh giá Năng lực ĐHQG-HCM năm 2025
• Đối tượng 3: Trường hợp thí sinh tốt nghiệp chương trình THPT nước ngoài
• Đối tượng 4: Trường hợp thí sinh dùng Chứng chỉ tuyển sinh Quốc tế
• Đối tượng 5: Trường hợp xét tuyển các thí sinh vào chương trình Chuyển tiếp Quốc tế Úc/ Mỹ/ New Zealand của Trường.
Đối tượng: 
Theo Quy chế tuyển sinh hiện hành của Bộ GD&ĐT, Đại học Quốc Gia TP.HCM và Trường Đại học Bách khoa - ĐHQG-HCM.
Ngoại trừ các thí sinh đã từng là sinh viên trường Đại học Bách khoa - ĐHQG-HCM đã bị kỷ luật buộc thôi học trong thời gian 05 năm (kể từ ngày đăng ký xét tuyển sinh năm 2025) hoặc đã bị kỷ luật buộc thôi học do thi hộ hoặc dùng các loại bằng cấp, chứng chỉ, giấy tờ giả mạo.
LƯU Ý:
Thí sinh có chứng chỉ IELTS ≥ 5.0/ TOEFL iBT ≥ 46/ TOEIC nghe - đọc ≥ 460 & nói - viết ≥ 200 sẽ được quy đổi sang điểm môn tiếng Anh trong điểm thi tốt nghiệp THPT và học lực THPT đối với các tổ hợp xét tuyển có dùng môn tiếng Anh.
Đối với TOEIC, để quy đổi ngang hàng thì cặp điểm thành phần nghe – đọc và nói – viết phải đạt đồng thời điểm CCTA theo yêu cầu. Nếu không đạt đồng thời thì điểm quy đổi môn Tiếng Anh sẽ lấy theo cặp điểm thành phần nào thấp hơn.
Thí sinh có thể tham gia xét tuyển bằng một hay nhiều đối tượng khác nhau và sẽ được dùng điểm xét tuyển cao nhất trong các đối tượng này để xét tuyển."
48,Làm sao để quy đổi điểm thi Tốt nghiệp THPT sang thang điểm 100?,"Để quy đổi điểm thi Tốt nghiệp THPT sang thang điểm 100, chúng ta thường dựa trên một hệ số quy đổi đã được quy định. Theo thông tin từ bảng dữ liệu cung cấp, thang điểm 100 là hệ thống điểm số được sử dụng để đánh giá và quy đổi các kết quả đánh giá, bao gồm điểm thi Tốt nghiệp THPT.Theo quy định chung, điểm thi Tốt nghiệp THPT thường được quy đổi sang thang điểm 100 theo một tỷ lệ nhất định. Tuy nhiên, tỷ lệ cụ thể này có thể thay đổi tùy theo từng năm và địa phương. Thông thường, điểm thi Tốt nghiệp THPT sẽ được quy đổi bằng cách nhân điểm đã đạt được với một hệ số quy đổi, sau đó cộng thêm một số điểm nếu cần.Ví dụ, giả sử hệ số quy đổi là 10 và điểm thi Tốt nghiệp THPT là 8.5, điểm quy đổi sang thang điểm 100 sẽ là:\[ \text{Điểm thang 100} = (\text{Điểm thi Tốt nghiệp THPT} \times \text{Hệ số quy đổi}) + \text{Điểm phụ} \]\[ \text{Điểm thang 100} = (8.5 \times 10) + 0 = 85 \]Như vậy, điểm 8.5 trên thang điểm 10 điểm sẽ tương đương với điểm 85 trên thang điểm 100.Để có thông tin chính xác nhất, bạn nên tham khảo quy định cụ thể của từng năm và địa phương nơi bạn thi Tốt nghiệp THPT, hoặc liên hệ với nhà trường hoặc cơ quan giáo dục địa phương để được hỗ trợ.","Ngưỡng đảm bảo chất lượng (theo điểm xét tuyển tổng hợp): 50 điểm (thang 100).
CÔNG THỨC VÀ THANG ĐIỂM XÉT TUYỂN (DỰ KIẾN)
Ngưỡng đảm bảo chất lượng (theo điểm xét tuyển tổng hợp): 50 điểm (thang 100)
[Điểm Xét tuyển] = [Điểm học lực](1) + [Điểm ưu tiên](2), Thang điểm 100
1. Điểm học lực(1): Thang điểm 100, làm tròn 0.01 từng thành tố và làm tròn 0.01 ở điểm tổng
[Điểm học lực] = [Điểm năng lực] × 70% + [Điểm TNTHPTquy đổi] × 20% + [Điểm học THPTquy đổi] × 10%

Đối tượng 1: Thí sinh CÓ kết quả thi Đánh giá Năng lực ĐHQG-HCM năm 2025
[Điểm năng lực] = [Điểm ĐGNL có hệ số Toán × 2] / 15 (Thang điểm 1500 quy đổi sang thang điểm 100)
[Điểm TNTHPTquy đổi] = [Tổng điểm thi 3 môn TNTHPT trong tổ hợp] / 3 × 10
[Điểm học THPTquy đổi] = [Trung bình cộng điểm TB lớp 10, 11, 12 các môn trong tổ hợp] × 10"
49,"Em tốt nghiệp năm 2023, vậy có được dùng điểm thi TNTHPT để xét tuyển năm 2025 không?","Theo thông tin cung cấp, năm 2025 được đề cập liên quan đến các kỳ thi và xét tuyển của thí sinh, là mốc thời gian quan trọng trong quy chế tuyển sinh. Tuy nhiên, thông tin cụ thể về việc sử dụng điểm thi tốt nghiệp THPT (TNTHPT) để xét tuyển vào các chương trình như PFIEV chưa được đề cập. Để có câu trả lời chính xác, cần xem xét thêm các thông tin như:- Quy chế tuyển sinh chính thức của Trường Đại học Bách khoa - ĐHQG-HCM năm 2025.- Các quy định cụ thể về phương thức xét tuyển của chương trình PFIEV.- Thời gian và quy trình nộp hồ sơ xét tuyển.Thông thường, điểm thi TNTHPT được sử dụng làm một trong các tiêu chí xét tuyển, nhưng cần kiểm tra chính sách cụ thể của từng chương trình. Nếu bạn tốt nghiệp năm 2023, hãy theo dõi thông tin chính thức từ trường để nắm bắt các phương thức xét tuyển chính xác cho năm 2025.","Lưu ý:
Năm thi TN THPT của thí sinh không quá 02 năm so với năm dự tuyển
Trường hợp thí sinh thiếu môn trong tổ hợp xét tuyển, thí sinh có số cột điểm ít hơn so với thí sinh bình thường (có 09 cột điểm)."
50,Nếu em thiếu một môn trong tổ hợp xét tuyển thì điểm học lực quy đổi có bị ảnh hưởng không?,"Theo thông tin từ bảng dữ liệu, việc thiếu một môn trong tổ hợp xét tuyển có thể ảnh hưởng đến điểm học lực quy đổi, nhưng cụ thể như thế nào sẽ tùy thuộc vào chính sách cụ thể của mỗi trường và chương trình xét tuyển.**Tổ hợp xét tuyển** là nhóm các môn học mà thí sinh cần thi để được xét tuyển vào đại học. Việc quy đổi điểm học lực thường dựa trên tổng điểm của các môn trong tổ hợp xét tuyển. Nếu thiếu một môn, điểm học lực quy đổi có thể giảm, do tổng điểm tham chiếu bị giảm.**Điểm học lực quy đổi** thường được tính dựa trên tổng điểm của các môn trong tổ hợp xét tuyển. Nếu thí sinh thiếu một môn, tổng điểm sẽ thấp hơn, dẫn đến điểm học lực quy đổi cũng giảm. Tuy nhiên, nếu trường hoặc chương trình xét tuyển có chính sách linh hoạt, họ có thể chấp nhận điểm học lực quy đổi dựa trên các môn còn lại.**Nguyên tắc xét tuyển tổng hợp** cũng có thể bao gồm các yếu tố khác như điểm thi, điểm học lực, và thậm chí cả điểm ngoại ngữ, nên việc thiếu một môn trong tổ hợp xét tuyển không nhất thiết sẽ ảnh hưởng lớn đến kết quả xét tuyển tổng hợp.Nếu bạn muốn biết chính xác cách tính điểm học lực quy đổi và cách xử lý khi thiếu một môn trong tổ hợp xét tuyển, bạn nên tham khảo trực tiếp chính sách xét tuyển của trường và chương trình bạn quan tâm.","Trường hợp thí sinh ở năm lớp 10 học thiếu 01 môn trong tổ hợp xét tuyển, và thay đổi môn học từ năm lớp 11, thí sinh chỉ có 08 cột điểm so với thí sinh bình thường (có 09 cột điểm)."
51,Nếu em học chương trình THPT quốc tế thì được xét tuyển theo diện nào?,"Theo thông tin từ bảng dữ liệu cung cấp, bảng dữ liệu không đề cập trực tiếp đến việc xét tuyển cho học sinh học chương trình THPT quốc tế. Tuy nhiên, thông thường, học sinh học chương trình THPT quốc tế thường được xét tuyển theo các phương thức sau:### 1. **Kết quả học tập trong chương trình THPT quốc tế**Học sinh có thể được xét tuyển dựa trên kết quả học tập trong chương trình THPT quốc tế mà họ đã theo học. Các trường đại học thường xem xét GPA (trung bình điểm học tập), điểm thi IELTS hoặc TOEFL (nếu chương trình giảng dạy bằng tiếng Anh), và các bài kiểm tra năng lực khác.### 2. **Thi tốt nghiệp THPT quốc tế**Ngoài ra, một số trường đại học có thể yêu cầu học sinh tham gia kỳ thi tốt nghiệp THPT quốc tế (International Baccalaureate Diploma, IB Diploma) và dựa vào kết quả của kỳ thi này để xét tuyển.### 3. **Điểm chuẩn và yêu cầu khác**Học sinh cũng cần đáp ứng các yêu cầu điểm chuẩn và các tiêu chí khác do trường đại học đề ra, như bài kiểm tra năng lực, phỏng vấn, hoặc thư giới thiệu từ giáo viên.### 4. **Các chương trình chuyển tiếp**Nhiều trường đại học còn có các chương trình chuyển tiếp đặc biệt dành cho học sinh quốc tế, giúp họ thích nghi với môi trường học tập mới.### Kết luậnĐể có thông tin chính xác nhất, bạn nên tham khảo thêm thông tin từ các trường đại học cụ thể mà bạn quan tâm hoặc liên hệ với bộ phận tuyển sinh của trường. Họ sẽ cung cấp cho bạn các thông tin chi tiết và chính xác về các phương thức xét tuyển phù hợp với học sinh học chương trình THPT quốc tế.","3. PHƯƠNG THỨC TUYỂN SINH (DỰ KIẾN)
Xét tuyển thẳng (theo quy chế tuyển sinh của Bộ GD&ĐT), chỉ tiêu: 1% ~ 5% tổng chỉ tiêu.
Xét tuyển tổng hợp, chỉ tiêu: 95% ~ 99% tổng chỉ tiêu.
• Đối tượng 1: Trường hợp thí sinh có kết quả thi Đánh giá Năng lực ĐHQG-HCM năm 2025
• Đối tượng 2: Trường hợp thí sinh không có kết quả thi Đánh giá Năng lực ĐHQG-HCM năm 2025
• Đối tượng 3: Trường hợp thí sinh tốt nghiệp chương trình THPT nước ngoài
• Đối tượng 4: Trường hợp thí sinh dùng Chứng chỉ tuyển sinh Quốc tế
• Đối tượng 5: Trường hợp xét tuyển các thí sinh vào chương trình Chuyển tiếp Quốc tế Úc/ Mỹ/ New Zealand của Trường.
Đối tượng: 
Theo Quy chế tuyển sinh hiện hành của Bộ GD&ĐT, Đại học Quốc Gia TP.HCM và Trường Đại học Bách khoa - ĐHQG-HCM."
52,Thang điểm xét tuyển là bao nhiêu và điểm được làm tròn như thế nào?,"**Thang Điểm Xét Tuyển**Thang điểm xét tuyển cho chương trình PFIEV ngành Xây dựng Dân dụng - Công nghiệp và Hiệu quả Năng lượng tại Trường Đại học Bách khoa - ĐHQG-HCM được thực hiện dựa trên thang điểm 30. Đây là thang điểm được sử dụng để đánh giá và xếp loại kết quả học tập của các ứng viên dựa trên các tiêu chí đã được xác định.**Điểm Được Làm Tròn**Trong quá trình tính toán điểm xét tuyển, điểm số của các ứng viên sẽ được làm tròn theo quy định cụ thể. Cụ thể, điểm số sẽ được làm tròn đến hàng thập phân thứ hai. Nếu điểm số ở hàng thập phân thứ ba và sau là từ 5 trở lên, điểm sẽ được làm tròn lên. Ngược lại, nếu điểm số ở hàng thập phân thứ ba và sau nhỏ hơn 5, điểm sẽ được giữ nguyên. Điều này đảm bảo tính công bằng và chính xác trong quá trình xét tuyển.Thông tin này dựa trên thông tin được cung cấp từ chương trình PFIEV, tuy nhiên, nếu bạn cần thông tin chi tiết hơn về cách thức làm tròn điểm, bạn nên tham khảo thêm từ bộ phận tuyển sinh của trường.","CÔNG THỨC VÀ THANG ĐIỂM XÉT TUYỂN (DỰ KIẾN)
Ngưỡng đảm bảo chất lượng (theo điểm xét tuyển tổng hợp): 50 điểm (thang 100)
[Điểm Xét tuyển] = [Điểm học lực](1) + [Điểm ưu tiên](2), Thang điểm 100
1. Điểm học lực(1): Thang điểm 100, làm tròn 0.01 từng thành tố và làm tròn 0.01 ở điểm tổng
[Điểm học lực] = [Điểm năng lực] × 70% + [Điểm TNTHPTquy đổi] × 20% + [Điểm học THPTquy đổi] × 10%

Đối tượng 1: Thí sinh CÓ kết quả thi Đánh giá Năng lực ĐHQG-HCM năm 2025
[Điểm năng lực] = [Điểm ĐGNL có hệ số Toán × 2] / 15 (Thang điểm 1500 quy đổi sang thang điểm 100)
[Điểm TNTHPTquy đổi] = [Tổng điểm thi 3 môn TNTHPT trong tổ hợp] / 3 × 10
[Điểm học THPTquy đổi] = [Trung bình cộng điểm TB lớp 10, 11, 12 các môn trong tổ hợp] × 10
Trường hợp thí sinh ở năm lớp 10 học thiếu 01 môn trong tổ hợp xét tuyển, và thay đổi môn học từ năm lớp 11, thí sinh chỉ có 08 cột điểm so với thí sinh bình thường (có 09 cột điểm)."
53,Điểm học THPT quy đổi được tính như thế nào nếu em học lệch môn từ lớp 10 sang lớp 11?,"Điểm học THPT quy đổi được tính dựa trên điểm trung bình cộng của các môn học trong ba năm lớp 10, 11, 12. Tuy nhiên, khi học lệch môn từ lớp 10 sang lớp 11, quá trình tính toán điểm học THPT có thể phức tạp một chút, nhưng vẫn dựa vào quy tắc chung sau:1. **Điểm trung bình của các môn đã học**: Điểm trung bình của các môn học đã hoàn thành trong ba năm lớp 10, 11, 12 sẽ được tính.2. **Quy đổi điểm**: Điểm trung bình này thường được quy đổi sang thang điểm 100, tùy theo quy định cụ thể của mỗi trường hoặc ngành học.3. **Lưu ý về môn học lệch**: Nếu em học lệch môn từ lớp 10 sang lớp 11, điểm của môn đó sẽ được tính vào tổng điểm trung bình chung, miễn là em đã hoàn thành môn học đó trước khi thi THPT.### Ví dụGiả sử em học lệch môn Toán từ lớp 10 sang lớp 11, điểm Toán lớp 10 là 8.5, điểm Toán lớp 11 là 9.0, và điểm Toán lớp 12 là 8.8. Em đã hoàn thành các môn khác trong ba năm học.- Điểm trung bình của Toán: \((8.5 + 9.0 + 8.8) / 3 = 8.7\)- Điểm trung bình của các môn khác: \((\text{diem_mon_1} + \text{diem_mon_2} + ... + \text{diem_mon_n}) / n\)Tổng điểm trung bình của tất cả các môn sẽ được tính như trên, sau đó quy đổi sang thang điểm 100.### Quy đổi điểmĐiểm trung bình sẽ được quy đổi sang thang điểm 100 theo một quy tắc cụ thể, thường là:\[ \text{Điểm học THPT} = \text{Điểm trung bình} \times 100 \]Ví dụ: Nếu điểm trung bình của em là 8.7, thì điểm học THPT sẽ là \( 8.","CÔNG THỨC VÀ THANG ĐIỂM XÉT TUYỂN (DỰ KIẾN)
Ngưỡng đảm bảo chất lượng (theo điểm xét tuyển tổng hợp): 50 điểm (thang 100)
[Điểm Xét tuyển] = [Điểm học lực](1) + [Điểm ưu tiên](2), Thang điểm 100
1. Điểm học lực(1): Thang điểm 100, làm tròn 0.01 từng thành tố và làm tròn 0.01 ở điểm tổng
[Điểm học lực] = [Điểm năng lực] × 70% + [Điểm TNTHPTquy đổi] × 20% + [Điểm học THPTquy đổi] × 10%

Đối tượng 1: Thí sinh CÓ kết quả thi Đánh giá Năng lực ĐHQG-HCM năm 2025
[Điểm năng lực] = [Điểm ĐGNL có hệ số Toán × 2] / 15 (Thang điểm 1500 quy đổi sang thang điểm 100)
[Điểm TNTHPTquy đổi] = [Tổng điểm thi 3 môn TNTHPT trong tổ hợp] / 3 × 10
[Điểm học THPTquy đổi] = [Trung bình cộng điểm TB lớp 10, 11, 12 các môn trong tổ hợp] × 10
Trường hợp thí sinh ở năm lớp 10 học thiếu 01 môn trong tổ hợp xét tuyển, và thay đổi môn học từ năm lớp 11, thí sinh chỉ có 08 cột điểm so với thí sinh bình thường (có 09 cột điểm)."
54,Điểm chứng chỉ SAT hoặc A-Level quy đổi ra điểm xét tuyển như thế nào?,"### Điểm Chứng Chỉ SAT hoặc A-Level Quy Đổi Ra Điểm Xét TuyểnĐể quy đổi điểm chứng chỉ SAT hoặc A-Level sang điểm xét tuyển, chúng ta cần xem xét cách quy đổi cụ thể của mỗi trường đại học. Tuy nhiên, thông tin về quy đổi điểm từ A-Level sang điểm xét tuyển của Trường Đại học Bách Khoa - ĐHQG HCM được cung cấp như sau:#### A-LevelA-Level là một hệ thống chứng chỉ quốc tế phổ biến tại Anh và một số quốc gia khác, được sử dụng để xét tuyển vào các trường đại học. Điểm số của A-Level thường được quy đổi sang một thang điểm nhất định để so sánh với tiêu chuẩn xét tuyển của các trường đại học.Theo thông tin từ Trường Đại học Bách Khoa - ĐHQG HCM:- A-Level có thể được quy đổi sang thang điểm 100 điểm, giúp sinh viên dễ dàng so sánh và chuyển đổi điểm số.- Điểm số A-Level sẽ được quy đổi theo một hệ số nhất định, thường là 90 điểm tương đương với A*, 80 điểm tương đương với A, 70 điểm tương đương với B, và v.v.#### Quy Đổi Điểm SATTrong khi không có thông tin cụ thể về quy đổi điểm SAT sang điểm xét tuyển của Trường Đại học Bách Khoa - ĐHQG HCM, chúng ta có thể tham chiếu vào các quy tắc chung:- Điểm SAT thường được quy đổi sang một thang điểm từ 1200 đến 1600 điểm.- Điểm số SAT sẽ được quy đổi theo một hệ số nhất định, thường là 1200 điểm tương đương với điểm tối đa, và điểm thấp nhất tương ứng với điểm tối thiểu.#### Ví Dụ Quy ĐổiVí dụ, nếu một sinh viên có điểm SAT là 1400, điểm này có thể được quy đổi thành 85 điểm trên thang điểm 100 điểm của A-Level. Tương tự, nếu một sinh viên có điểm A-Level là A*, điểm này có thể được quy đổi thành 90 điểm trên thang điểm 100 điểm.#### Lưu Ý- Quy đổi điểm cần được thực hiện dựa trên chính sách của Trường Đại học Bách Khoa - ĐHQG HCM.- Sinh viên","Đối tượng 4: Thí sinh dùng Chứng chỉ tuyển sinh Quốc tế
[Điểm năng lực] = [Điểm Chứng chỉ tuyển sinh quốc tế] 
[Điểm TNTHPTquy đổi] = [Tổng điểm thi 3 môn TNTHPT trong tổ hợp] / 3 × 10
[Điểm học THPTquy đổi] =  [Trung bình cộng điểm TB lớp 10, 11, 12 các môn trong tổ hợp] × 10
[Điểm Chứng chỉ tuyển sinh quốc tế] được tính theo bảng sau:
Về nguyên tắc quy đổi điểm giữa các chứng chỉ tuyển sinh quốc tế trong bảng trên:
Bảng quy đổi điểm từ ACT qua điểm SAT từ đơn vị khảo thí: TẠI ĐÂY
Bảng quy đổi điểm từ A-Level qua thang điểm 100 từ đơn vị khảo thí: TẠI ĐÂY 
Các chứng chỉ quốc tế khác chưa được thể hiện trong bảng trên sẽ được Hội đồng tuyển sinh xem xét và phê duyệt theo từng trường hợp
Năm thi chứng chỉ tuyển sinh quốc tế của thí sinh không quá 02 năm so với năm dự tuyển
Trường hợp thí sinh ở năm lớp 10 học thiếu 01 môn trong tổ hợp xét tuyển, và thay đổi môn học từ năm lớp 11, thí sinh chỉ có 08 cột điểm so với thí sinh bình thường (có 09 cột điểm)."
55,Điểm quy đổi sang thang 100 tương ứng với điểm SAT 1216 là bao nhiêu?,"Theo thông tin cung cấp trong bảng dữ liệu, thang điểm 100 là hệ thống điểm số được sử dụng để quy đổi và đánh giá điểm số của các kỳ thi và xét tuyển sinh một cách chuẩn hóa. Tuy nhiên, bảng dữ liệu không cung cấp cụ thể thông tin về cách quy đổi điểm từ SAT sang thang điểm 100.Do đó, tôi không có đủ thông tin để xác định chính xác điểm SAT 1216 quy đổi sang thang 100. Để có câu trả lời chính xác, chúng ta cần thêm thông tin về bảng quy đổi điểm từ SAT sang thang điểm 100.","CÔNG THỨC VÀ THANG ĐIỂM XÉT TUYỂN (DỰ KIẾN)
Ngưỡng đảm bảo chất lượng (theo điểm xét tuyển tổng hợp): 50 điểm (thang 100)
[Điểm Xét tuyển] = [Điểm học lực](1) + [Điểm ưu tiên](2), Thang điểm 100
1. Điểm học lực(1): Thang điểm 100, làm tròn 0.01 từng thành tố và làm tròn 0.01 ở điểm tổng
[Điểm học lực] = [Điểm năng lực] × 70% + [Điểm TNTHPTquy đổi] × 20% + [Điểm học THPTquy đổi] × 10%

Đối tượng 1: Thí sinh CÓ kết quả thi Đánh giá Năng lực ĐHQG-HCM năm 2025
[Điểm năng lực] = [Điểm ĐGNL có hệ số Toán × 2] / 15 (Thang điểm 1500 quy đổi sang thang điểm 100)
[Điểm TNTHPTquy đổi] = [Tổng điểm thi 3 môn TNTHPT trong tổ hợp] / 3 × 10
[Điểm học THPTquy đổi] = [Trung bình cộng điểm TB lớp 10, 11, 12 các môn trong tổ hợp] × 10"
56,Điểm năng lực của Đối tượng 5 được tính như thế nào?,"Đối tượng 5 trong chương trình Chuyển tiếp Quốc tế từ Úc, Mỹ, New Zealand có các tiêu chí đánh giá cụ thể, nhưng thông tin chi tiết về cách tính điểm năng lực chưa được cung cấp trong bảng dữ liệu. Tuy nhiên, thông thường, các tiêu chí đánh giá bao gồm điểm số trung bình trong học tập, các chứng chỉ quốc tế, thành tích trong các hoạt động ngoại khóa, và thư giới thiệu từ giáo viên hoặc trường học hiện tại.Nếu bạn muốn biết chính xác cách tính điểm năng lực của Đối tượng 5, tôi khuyên bạn nên tham khảo thêm từ nguồn gốc của thông tin này hoặc liên hệ trực tiếp với Trường Đại học Bách khoa - ĐHQG-HCM để nhận được thông tin chính thức và chi tiết.","Đối tượng 5: Thí sinh vào chương trình Chuyển tiếp Quốc tế Úc/ Mỹ/ New Zealand của Trường
[Điểm năng lực] = [Điểm phỏng vấn] × 0.5 + [Điểm bài luận] × 0.3 + [Điểm CCTAquy đổi] × 0.2
[Điểm TNTHPTquy đổi] = [Tổng điểm thi 3 môn TNTHPT trong tổ hợp] / 3 × 10
[Điểm học THPTquy đổi] =  [Trung bình cộng điểm TB lớp 10, 11, 12 các môn trong tổ hợp] × 10
[Điểm CCTAquy đổi] được tính theo bảng sau:
Lưu ý:
[Điểm phỏng vấn] của thí sinh phải đạt từ 70/100 điểm trở lên.
Trường hợp thí sinh ở năm lớp 10 học thiếu 01 môn trong tổ hợp xét tuyển, và thay đổi môn học từ năm lớp 11, thí sinh chỉ có 08 cột điểm so với thí sinh bình thường (có 09 cột điểm).
Trường hợp thí sinh tốt nghiệp THPT nước ngoài, [Điểm TNTHPTquy đổi] và [Điểm học THPTquy đổi] sẽ được tính như quy định tại Đối tượng 3."
57,Điểm A-Level mức B được quy đổi sang thang 100 là bao nhiêu,"Theo thông tin từ bảng dữ liệu, A-Level là một hệ thống chứng chỉ quốc tế được sử dụng rộng rãi trong việc xét tuyển vào các trường đại học. Tuy nhiên, bảng dữ liệu không cung cấp cụ thể về cách quy đổi điểm A-Level sang thang điểm 100.Để trả lời chính xác câu hỏi của bạn, chúng ta cần thêm thông tin về bảng quy đổi điểm A-Level sang thang điểm 100. Nếu bạn có thêm thông tin về bảng quy đổi này, tôi sẽ giúp tính toán điểm B tương đương trên thang điểm 100.Hiện tại, dựa trên thông tin có sẵn, chúng ta không thể xác định điểm A-Level mức B quy đổi sang thang điểm 100 là bao nhiêu.","Đối tượng 4: Thí sinh dùng Chứng chỉ tuyển sinh Quốc tế
[Điểm năng lực] = [Điểm Chứng chỉ tuyển sinh quốc tế] 
[Điểm TNTHPTquy đổi] = [Tổng điểm thi 3 môn TNTHPT trong tổ hợp] / 3 × 10
[Điểm học THPTquy đổi] =  [Trung bình cộng điểm TB lớp 10, 11, 12 các môn trong tổ hợp] × 10
[Điểm Chứng chỉ tuyển sinh quốc tế] được tính theo bảng sau:
Về nguyên tắc quy đổi điểm giữa các chứng chỉ tuyển sinh quốc tế trong bảng trên:
Bảng quy đổi điểm từ ACT qua điểm SAT từ đơn vị khảo thí: TẠI ĐÂY
Bảng quy đổi điểm từ A-Level qua thang điểm 100 từ đơn vị khảo thí: TẠI ĐÂY 
Các chứng chỉ quốc tế khác chưa được thể hiện trong bảng trên sẽ được Hội đồng tuyển sinh xem xét và phê duyệt theo từng trường hợp"
58,Điểm IELTS trên 7.5 dược quy đổi thành bao nhiêu,"Nếu có IELTS từ 7.5 trở lên, dù là 7.5, 8.0 hay cao hơn thì đều được quy đổi thành 10 điểm môn tiếng Anh nhé!","LƯU Ý:
Thí sinh có chứng chỉ IELTS ≥ 5.0/ TOEFL iBT ≥ 46/ TOEIC nghe - đọc ≥ 460 & nói - viết ≥ 200 sẽ được quy đổi sang điểm môn tiếng Anh trong điểm thi tốt nghiệp THPT và học lực THPT đối với các tổ hợp xét tuyển có dùng môn tiếng Anh.
Đối với TOEIC, để quy đổi ngang hàng thì cặp điểm thành phần nghe – đọc và nói – viết phải đạt đồng thời điểm CCTA theo yêu cầu. Nếu không đạt đồng thời thì điểm quy đổi môn Tiếng Anh sẽ lấy theo cặp điểm thành phần nào thấp hơn.
Thí sinh có thể tham gia xét tuyển bằng một hay nhiều đối tượng khác nhau và sẽ được dùng điểm xét tuyển cao nhất trong các đối tượng này để xét tuyển."
60,Điểm phỏng vấn tối thiểu mà thí sinh cần đạt để đủ điều kiện là bao nhiêu?,"Dựa vào các bảng dữ liệu cung cấp, tôi không thấy thông tin cụ thể về điểm phỏng vấn tối thiểu mà thí sinh cần đạt để đủ điều kiện. Các thông tin chính trong các bảng tập trung vào giới thiệu ngành, cơ sở vật chất, cơ hội việc làm, quan hệ hợp tác và học bổng, nhưng không đề cập đến tiêu chí phỏng vấn.Nếu bạn muốn biết điểm phỏng vấn tối thiểu, tôi khuyên bạn nên liên hệ trực tiếp với Trường Đại học Bách khoa - ĐHQG-HCM hoặc truy cập website chính thức của trường để có thông tin chính xác và cập nhật nhất.","[Điểm phỏng vấn] của thí sinh phải đạt từ 70/100 điểm trở lên. Trường hợp thí sinh ở năm lớp 10 học thiếu 01 môn trong tổ hợp xét tuyển, và thay đổi môn học từ năm lớp 11, thí sinh chỉ có 08 cột điểm so với thí sinh bình thường (có 09 cột điểm). Trường hợp thí sinh tốt nghiệp THPT nước ngoài, [Điểm TNTHPTquy đổi] và [Điểm học THPTquy đổi] sẽ được tính như quy định tại Đối tượng 3."
61,Công thức tính điểm ưu tiên cho thí sinh có Điểm học lực trên 75 là gì?,"Dựa vào các thông tin được cung cấp trong các bảng dữ liệu, tôi không thấy có thông tin chi tiết về cách tính điểm ưu tiên cho thí sinh có Điểm học lực trên 75. Do đó, tôi không thể cung cấp công thức tính điểm ưu tiên cụ thể. Bạn có thể cần tra cứu thêm từ các nguồn khác hoặc liên hệ trực tiếp với trường Đại học Bách Khoa để có thông tin chính xác.","2. Điểm ưu tiên(2)
• Thí sinh có [Điểm học lực] < 75 điểm:
Điểm ưu tiên = [Điểm ưu tiên quy đổi]
• Thí sinh có [Điểm học lực] ≥ 75 điểm:
Điểm ưu tiên = (100 - [Điểm học lực])/25 × [Điểm ưu tiên quy đổi], làm tròn đến 0.01
Trong đó, Điểm ưu tiên quy đổi được tính như sau:
Điểm ưu tiên quy đổi = [Điểm ưu tiên thành tích] + [Điểm ưu tiên khu vực đối tượng quy đổi]
• Điểm ưu tiên thành tích (thành tích khác, văn-thể-mỹ, hoạt động xã hội): tối đa 10 điểm
• Điểm ưu tiên khu vực đối tượng: tối đa 9.17 điểm, thang 100 (quy đổi từ mức tối đa 2.75 điểm, thang điểm 30 theo quy chế của Bộ).
• Tổng điểm ưu tiên quy đổi khi vượt quá 10 sẽ được lấy là 10."
62,Tổng điểm ưu tiên quy đổi tối đa là bao nhiêu?,"Dựa vào thông tin được cung cấp, không có thông tin cụ thể về tổng điểm ưu tiên quy đổi tối đa. Bảng ""BẢNG QUY ĐỔI"" đề cập đến việc quy đổi điểm thi từ các chứng chỉ quốc tế sang thang điểm 100, nhưng không đề cập đến điểm ưu tiên. Để có thông tin chính xác về tổng điểm ưu tiên quy đổi tối đa, chúng ta cần thêm thông tin từ nguồn khác hoặc các quy định cụ thể của trường Đại học Bách khoa - ĐHQG-HCM.","2. Điểm ưu tiên(2) • Thí sinh có [Điểm học lực] < 75 điểm: Điểm ưu tiên = [Điểm ưu tiên quy đổi] • Thí sinh có [Điểm học lực] ≥ 75 điểm: Điểm ưu tiên = (100 - [Điểm học lực])/25 × [Điểm ưu tiên quy đổi], làm tròn đến 0.01 Trong đó, Điểm ưu tiên quy đổi được tính như sau: Điểm ưu tiên quy đổi = [Điểm ưu tiên thành tích] + [Điểm ưu tiên khu vực đối tượng quy đổi] • Điểm ưu tiên thành tích (thành tích khác, văn-thể-mỹ, hoạt động xã hội): tối đa 10 điểm • Điểm ưu tiên khu vực đối tượng: tối đa 9.17 điểm, thang 100 (quy đổi từ mức tối đa 2.75 điểm, thang điểm 30 theo quy chế của Bộ). • Tổng điểm ưu tiên quy đổi khi vượt quá 10 sẽ được lấy là 10."
64,Điểm quy đổi tương ứng với TOEFL iBT 94 là bao nhiêu?,"Dựa trên thông tin từ bảng dữ liệu cung cấp, TOEFL iBT ≥ 79 được mô tả là một tiêu chuẩn tiếng Anh đầu vào cho một số chương trình tại Trường Đại học Bách khoa. Tuy nhiên, bảng dữ liệu không cung cấp thông tin cụ thể về điểm quy đổi tương ứng với TOEFL iBT 94.Do đó, tôi không có thông tin chính xác về điểm quy đổi tương ứng với TOEFL iBT 94 từ dữ liệu đã được cung cấp. Bạn có thể cần tra cứu thêm từ nguồn khác để có được thông tin chính xác này.","Chương trình Tiên tiến Đào tạo 1 ngành, dạy hoàn toàn bằng tiếng Anh, giáo trình chuyển giao từ ĐH Illinois Urbana Champaign, được cải tiến qua các năm để phù hợp với thực tiễn, học phí khoảng 40 triệu đồng/HK, kế hoạch đào tạo 4 năm, địa điểm học tại Cơ sở Lý Thường Kiệt. Chuẩn tiếng Anh đầu vào đạt IELTS (Academic) ≥ 6.0/ TOEFL iBT ≥ 79/ TOEIC Nghe - Đọc ≥ 730 & Nói - Viết ≥ 280. Bằng tốt nghiệp do Trường ĐH Bách khoa cấp. Chương trình Kỹ sư Chất lượng cao Việt-Pháp (PFIEV) Đào tạo 8 chuyên ngành kỹ sư hợp tác với 8 trường kỹ sư danh tiếng tại Pháp, học tập bằng tiếng Việt, học phí khoảng 15 triệu đồng/HK, xét tuyển tân sinh viên đã trúng tuyển (không phân biệt mã ngành), kế hoạch đào tạo 5 năm, địa điểm học tại Cơ sở Lý Thường Kiệt. Bằng kỹ sư - thạc sĩ do trường ĐH Bách khoa cấp (được công nhận tương đương bậc thạc sĩ Châu Âu), phụ lục bằng kỹ sư với trường đối tác Pháp."
65,Yêu cầu trình độ tiếng Anh đầu vào cho chương trình chuyển tiếp quốc tế?,"Chuẩn tiếng Anh đầu vào đạt IELTS (Academic) ≥ 6.0/ TOEFL iBT ≥ 79/ TOEIC Nghe \- Đọc ≥ 730 & Nói \- Viết ≥ 280, chuẩn tiếng Anh chuyển tiếp đạt IELTS (Academic) ≥ 6.0-6.5**/ TOEFL iBT ≥ 79-83","Chương trình Chuyển tiếp Quốc tế (Úc, Mỹ, New Zealand)
Đào tạo 15 ngành/ chuyên ngành, dạy hoàn toàn bằng tiếng Anh; 2-2,5 năm đầu - địa điểm học tại Cơ sở Lý Thường Kiệt, học phí khoảng 40 triệu đồng/HK; 2-2,5 năm cuối - chuyển tiếp sang ĐH đối tác, học phí khoảng 560 - 900 triệu đồng/năm. Chuẩn tiếng Anh đầu vào đạt IELTS (Academic) ≥ 6.0/ TOEFL iBT ≥ 79/ TOEIC Nghe - Đọc ≥ 730 & Nói - Viết ≥ 280, chuẩn tiếng Anh chuyển tiếp đạt IELTS (Academic) ≥ 6.0-6.5/ TOEFL iBT ≥ 79-83. Bằng tốt nghiệp do Đại học đối tác cấp."
66,Trường có bao nhiêu phương thức xét tuyển trong năm 2025?,"Theo thông tin từ bảng dữ liệu, năm 2025 liên quan đến các kỳ thi và xét tuyển của thí sinh, là mốc thời gian quan trọng trong quy chế tuyển sinh. Tuy nhiên, bảng dữ liệu không cung cấp chi tiết về số lượng phương thức xét tuyển cụ thể trong năm 2025. Do đó, tôi không thể xác định chính xác có bao nhiêu phương thức xét tuyển trong năm 2025. Để có thông tin chính xác, bạn nên tham khảo quy chế tuyển sinh chính thức của Trường Đại học Bách khoa - ĐHQG-HCM năm 2025.","3. PHƯƠNG THỨC TUYỂN SINH (DỰ KIẾN)
Xét tuyển thẳng (theo quy chế tuyển sinh của Bộ GD&ĐT), chỉ tiêu: 1% ~ 5% tổng chỉ tiêu.
Xét tuyển tổng hợp, chỉ tiêu: 95% ~ 99% tổng chỉ tiêu.
• Đối tượng 1: Trường hợp thí sinh có kết quả thi Đánh giá Năng lực ĐHQG-HCM năm 2025
• Đối tượng 2: Trường hợp thí sinh không có kết quả thi Đánh giá Năng lực ĐHQG-HCM năm 2025
• Đối tượng 3: Trường hợp thí sinh tốt nghiệp chương trình THPT nước ngoài
• Đối tượng 4: Trường hợp thí sinh dùng Chứng chỉ tuyển sinh Quốc tế
• Đối tượng 5: Trường hợp xét tuyển các thí sinh vào chương trình Chuyển tiếp Quốc tế Úc/ Mỹ/ New Zealand của Trường.
Đối tượng: 
Theo Quy chế tuyển sinh hiện hành của Bộ GD&ĐT, Đại học Quốc Gia TP.HCM và Trường Đại học Bách khoa - ĐHQG-HCM."
67,Trường có bao nhiêu chương trình đào tạo chính?,"Trường Đại học Bách khoa ĐHQG-HCM có nhiều chương trình đào tạo chính, bao gồm:- **Ngành Kỹ thuật Điện tử - Viễn thông**: Mã ngành 108 và 208.- **Ngành Cơ Kỹ thuật**: Mã ngành 138 và 268.- **Ngành Bảo dưỡng Công nghiệp**: Mã ngành không được nêu rõ nhưng có thể là 140.- **Ngành Kỹ thuật Dầu khí**: Mã ngành 120 và 220.- **Ngành Kỹ thuật Môi trường**: Mã ngành 125 và 225.- **Ngành Kỹ thuật Ô tô**: Mã ngành 142 và 242.- **Ngành Kỹ thuật Tàu thủy**: Mã ngành không được nêu rõ nhưng có thể là 141.- **Ngành Kỹ thuật Địa chất**: Có nhiều chuyên ngành như Địa kỹ thuật, Địa chất môi trường, Quản lý tài nguyên đất và khoáng sản.- **Chương trình Chuyển tiếp Quốc tế**: Ngành Khoa học Máy tính, Kỹ thuật Máy tính.- **Chương trình Liên kết Cử nhân Kỹ thuật Quốc tế**: Ngành Trí tuệ nhân tạo, Công nghệ thông tin.- **Bậc Thạc sĩ**: Khoa học Máy tính, Hệ thống Thông tin Quản lý.- **Bậc Tiến sĩ**: Kỹ thuật Địa chất, Kỹ thuật Dầu khí.Tổng cộng, trường có khoảng 10-15 chương trình đào tạo chính, bao gồm các ngành kỹ thuật khác nhau như điện tử, cơ khí, môi trường, dầu khí, và công nghệ thông tin.","1. CHƯƠNG TRÌNH ĐÀO TẠO
Chương trình Tiêu chuẩn
Đào tạo 40 ngành/ chuyên ngành (các ngành tuyển sinh theo nhóm ngành sẽ phân ngành từ năm thứ 2 theo kết quả học tập), giảng dạy bằng tiếng Việt, học phí khoảng 15 triệu đồng/HK, kế hoạch đào tạo 4 năm, địa điểm học tại Cơ sở Dĩ An
 
Chương trình Tài năng
Đào tạo 15 nhóm ngành/ ngành, dạy bằng tiếng Việt (dựa trên chương trình Tiêu chuẩn với các môn cốt lõi dành cho chương trình Tài năng), học phí khoảng 15 triệu đồng/HK, xét tuyển sinh viên Giỏi từ năm thứ 2, kế hoạch đào tạo 4 năm.

Chương trình Tiên tiến
Đào tạo 1 ngành, dạy hoàn toàn bằng tiếng Anh, giáo trình chuyển giao từ ĐH Illinois Urbana Champaign, được cải tiến qua các năm để phù hợp với thực tiễn, học phí khoảng 40 triệu đồng/HK, kế hoạch đào tạo 4 năm, địa điểm học tại Cơ sở Lý Thường Kiệt. Chuẩn tiếng Anh đầu vào đạt IELTS (Academic) ≥ 6.0/ TOEFL iBT ≥ 79/ TOEIC Nghe - Đọc ≥ 730 & Nói - Viết ≥ 280. Bằng tốt nghiệp do Trường ĐH Bách khoa cấp.
 
Chương trình Kỹ sư Chất lượng cao Việt-Pháp (PFIEV)
Đào tạo 8 chuyên ngành kỹ sư hợp tác với 8 trường kỹ sư danh tiếng tại Pháp, học tập bằng tiếng Việt, học phí khoảng 15 triệu đồng/HK, xét tuyển tân sinh viên đã trúng tuyển (không phân biệt mã ngành), kế hoạch đào tạo 5 năm, địa điểm học tại Cơ sở Lý Thường Kiệt. Bằng kỹ sư - thạc sĩ do trường ĐH Bách khoa cấp (được công nhận tương đương bậc thạc sĩ Châu Âu), phụ lục bằng kỹ sư với trường đối tác Pháp."
68,Học phí chương trình Chất lượng cao năm học 2025 dự kiến là bao nhiêu?,"khoảng 40 triệu đồng/HK
""Chất lượng cao"" đã bị đổi tên thành ""Dạy và học bằng tiếng Anh"" bạn nhé","Chương trình Dạy và học bằng tiếng Anh Đào tạo 27 ngành/ chuyên ngành (gồm 05 ngành/ chuyên ngành dự kiến), dạy hoàn toàn bằng tiếng Anh, học phí khoảng 40 triệu đồng/HK, kế hoạch đào tạo 4 năm, địa điểm học tại Cơ sở Lý Thường Kiệt. Chuẩn tiếng Anh đầu vào đạt IELTS (Academic) ≥ 6.0/ TOEFL iBT ≥ 79/ TOEIC Nghe - Đọc ≥ 730 & Nói - Viết ≥ 280. Bằng tốt nghiệp do Trường ĐH Bách khoa cấp."
69,Phòng Tư vấn Tuyển sinh cho chương trình chuẩn đặt tại đâu?,"**VĂN PHÒNG TƯ VẤN TUYỂN SINH**

Địa chỉ: Kiosk 98, gần cổng 3 trường Đại học Bách khoa - ĐHQG-HCM, 142A Tô Hiến Thành, Phường Diên Hồng, Tp.HCM

Hotline: (028) 2214 6888

Email: tuyensinh@hcmut.edu.vn

Facebook: /tuvantuyensinhbachkhoa

TikTok: /tuyensinhbachkhoahcm

Website: https://hcmut.edu.vn/tuyen-sinh-dh/dai-hoc-chinh-quy","10. TƯ VẤN TUYỂN SINH & HƯỚNG NGHIỆP
CHƯƠNG TRÌNH TIÊU CHUẨN, CT TÀI NĂNG, CT KỸ SƯ CHẤT LƯỢNG CAO VIỆT-PHÁP (PFIEV)
VĂN PHÒNG TƯ VẤN TUYỂN SINH
[Địa chỉ]: Kiosk 98, gần cổng 3, Trường Đại học Bách khoa, 142A Tô Hiến Thành, P.14, Q.10, TP.HCM
[Hotline]: (028) 2214 6888
[Email]: tuyensinh@hcmut.edu.vn
[Facebook]: /tuvantuyensinhbachkhoa
[TikTok]: /tuyensinhbachkhoahcm
[Website]: https://hcmut.edu.vn/tuyen-sinh-dh/dai-hoc-chinh-quy"
70,Ngành “Hoá – Thực phẩm – Sinh học” có những tổ hợp xét tuyển nào?,"**Toán, Hoá,** {Sinh, Lý, Anh, Tin, Công nghệ \- Công nghiệp} **Toán, Sinh, Anh**","5. TỔ HỢP XÉT TUYỂN NĂM 2025 (DỰ KIẾN)
5.1. Dạng tổ hợp:  
Môn 1, Môn 2, {danh sách các môn còn lại}
Ví dụ: Toán, Lý, {Hoá, Anh, Công nghệ}
Toán, Lý, Hoá
Toán, Lý, Anh
Toán, Lý, Công nghệ
5.2. Tổ hợp xét tuyển năm 2025"
71,"Ngành Quản lý Công nghiệp có tổ hợp “Toán, Anh, Văn” hay không?","Có, cụ thể là **Toán, Lý,** {Hoá, Anh, Tin, Công nghệ \- Công nghiệp} **Toán, Anh,** {Văn, Hoá, Tin, Công nghệ \- Công nghiệp}","5. TỔ HỢP XÉT TUYỂN NĂM 2025 (DỰ KIẾN)
5.1. Dạng tổ hợp:  
Môn 1, Môn 2, {danh sách các môn còn lại}
Ví dụ: Toán, Lý, {Hoá, Anh, Công nghệ}
Toán, Lý, Hoá
Toán, Lý, Anh
Toán, Lý, Công nghệ"
72,Trường ĐH Bách Khoa – ĐHQG-HCM có bao nhiêu chương trình được kiểm định chất lượng quốc tế?,"Theo thông tin cung cấp, Trường Đại học Bách khoa – ĐHQG-HCM có một số chương trình được kiểm định chất lượng quốc tế. Cụ thể:- Chương trình Tiêu chuẩn (Nhóm ngành: Kỹ thuật Hệ thống Công nghiệp và Logistics & Quản lý Chuỗi Cung ứng) có mã ngành 128 được kiểm định theo chuẩn AQAS của CHLB Đức.- Ngoài ra, một số chương trình liên kết đào tạo quốc tế như chương trình Kỹ sư Chất lượng cao Việt - Pháp cũng được đánh giá và chứng nhận chất lượng quốc tế.Tuy nhiên, thông tin chi tiết về tổng số lượng các chương trình được kiểm định chất lượng quốc tế chưa được cung cấp đầy đủ trong dữ liệu. Để có thông tin chính xác, có thể cần tra cứu thêm từ nguồn chính thức của trường.Theo tôi nắm bắt, Trường ĐH Bách Khoa – ĐHQG-HCM đã có những nỗ lực trong việc kiểm định chất lượng và nhận chứng nhận quốc tế cho một số chương trình đào tạo, nhằm nâng cao chất lượng giáo dục và uy tín của trường trên trường quốc tế.","6. KIỂM ĐỊNH CHẤT LƯỢNG QUỐC TẾ
Trường tiếp tục dẫn đầu cả nước về kiểm định chất lượng quốc tế với 66 chương trình đào tạo được công nhận đạt chuẩn bởi các tổ chức kiểm định uy tín như ABET, AQAS, ASIIN, FIBAA, CTI, AUN-QA,... Năm 2024, Trường cũng tái kiểm định thành công cấp cơ sở giáo dục theo bộ tiêu chuẩn HCERES, Pháp."
73,"Tính đến ngày 02/04/2025, đội ngũ giảng viên của trường như thế nào",,"7. ĐỘI NGŨ GIẢNG VIÊN
Trường hiện có 708 cán bộ giảng dạy (tính tới 02/04/2025), bao gồm:
14 Giáo sư
129 Phó Giáo sư
268 Tiến sĩ
255 Thạc sĩ
42 Kỹ sư, cử nhân"
74,Trường có những chương trình hay các quỹ khuyến học không?,,"9. HỌC BỔNG VÀ CHƯƠNG TRÌNH VAY ƯU ĐÃI
Học bổng khuyến khích học tập (trị giá lên tới 120% giá trị học phí/HK/suất) từ nguồn 8% học phí
Quỹ học bổng và Hỗ trợ phát triển Bách khoa: 40 tỷ đồng
Học bổng tài trợ từ nguồn vận động các đối tác nước ngoài, tổ chức, doanh nghiệp dành cho sinh viên có thành tích học tập và hoạt động phong trào tốt/sinh viên khó khăn: hơn 16 tỷ đồng
Học bổng dành cho sinh viên chương trình đào tạo quốc tế
Học bổng tài trợ từ các nguồn do ĐHQG-HCM triển khai
Chương trình vay ưu đãi với lãi suất 0% để học tập của ĐHQG-HCM
Chương trình Bảo lãnh vay và hỗ trợ lãi suất dành cho sinh viên đóng học phí của Ban Đại diện Cộng đồng Cựu sinh viên Phú Thọ - Bách khoa: đã cho vay hơn 16 tỷ đồng sau 3 năm và đang tiếp tục triển khai rộng rãi cho sinh viên. Khoản vay sẽ được chuyển thành học bổng khi đáp ứng các tiêu chí
Quỹ Hỗ trợ sinh viên Bách khoa (CK82) hỗ trợ sinh viên vay học phí với lãi suất 0%"
75,Website chính thức về thông tin của nhà trường?,hcmut.edu.vn/tuyen-sinh/dai-hoc-chinh-quy,"10. TƯ VẤN TUYỂN SINH & HƯỚNG NGHIỆP
CHƯƠNG TRÌNH TIÊU CHUẨN, CT TÀI NĂNG, CT KỸ SƯ CHẤT LƯỢNG CAO VIỆT-PHÁP (PFIEV)
VĂN PHÒNG TƯ VẤN TUYỂN SINH
[Địa chỉ]: Kiosk 98, gần cổng 3, Trường Đại học Bách khoa, 142A Tô Hiến Thành, P.14, Q.10, TP.HCM
[Hotline]: (028) 2214 6888
[Email]: tuyensinh@hcmut.edu.vn
[Facebook]: /tuvantuyensinhbachkhoa
[TikTok]: /tuyensinhbachkhoahcm
[Website]: https://hcmut.edu.vn/tuyen-sinh-dh/dai-hoc-chinh-quy"
76,Trường có sân chơi thể thao không? Em mê bóng rổ với tennis quá!,"Trường Đại học Bách khoa có cung cấp các sân chơi thể thao cho sinh viên, bao gồm cả bóng rổ và tennis. Theo thông tin từ bảng dữ liệu:- **Bóng Rổ**: Có sẵn các sân bóng rổ để sinh viên tham gia các hoạt động thể thao và giải trí.- **Tennis**: Trường cũng có sân tennis để phục vụ nhu cầu thể thao của sinh viên.Đặc biệt, thông tin từ bảng dữ liệu cho thấy Trường Đại học Bách khoa còn có sân đá banh và nhà thi đấu thể thao đa năng, tạo điều kiện thuận lợi cho sinh viên tham gia các môn thể thao khác nhau.Nếu bạn là một fan của bóng rổ và tennis, Trường Đại học Bách khoa chắc chắn sẽ là một lựa chọn lý tưởng cho bạn. Bạn có thể tham gia các đội thể thao hoặc simply tận hưởng các hoạt động thể thao tại các sân cung cấp bởi trường.","8. CƠ SỞ VẬT CHẤT/ KÝ TÚC XÁ
Cơ sở Lý Thường Kiệt, Quận 10, TP.HCM, rộng 14 ha. Cơ sở Dĩ An, Khu Đô thị ĐHQG - HCM, rộng 26 ha
Ký túc xá Bách khoa, Q.10, TP.HCM với sức chứa hơn 1.800 sinh viên. Ký túc xá ĐHQG – HCM, TP. Dĩ An, tỉnh Bình Dương với sức chứa hơn 40.000 sinh viên
Nhà thi đấu thể thao đa năng, sân bóng đá ngoài trời/ trong nhà (futsal), bóng rổ, bóng chuyền, bóng bàn, tennis, pickleball,... ở cả 2 cơ sở
Hơn 164 phòng thí nghiệm, xưởng thực hành, 2 phòng thí nghiệm trọng điểm quốc gia, 5 phòng thí nghiệm trọng điểm ĐHQG-HCM, 2 trung tâm nghiên cứu và 3 viện nghiên cứu"
77,"Em muốn làm project robotics, có phòng thí nghiệm AI/robot nào không?",Hiện chưa có thông tin cụ thể,"Các Phòng thí nghiệm/xưởng khác
Tính toán nâng cao (Advanced Computing Lab): phòng 301 B9
Khoa học Dữ liệu: phòng 601 C6
Địa Kỹ thuật: Nhà C2 (bên hông tòa B8)
Thạch học: 202 B8
Tài nguyên Trái Đất và Môi trường: 110 B8
PTN Bộ môn Hóa Hữu cơ: 401 - 402 B2
Cơ học Ứng dụng: 201 B4
Vật lý Đại cương: 201 B6
Kỹ thuật Hàng không: 105 C5
Kỹ thuật Tàu thủy: 109 C3
Xưởng thực tập Ô tô: C3
Xưởng Cơ khí: C1
Khu thực hành thí nghiệm của bộ môn Công nghệ nhiệt lạnh: B5
Xưởng thực tập Điện tử: C2 
Xưởng thực tập Điện tử: 116 B1 
Điện tử: 202 B3
Kỹ thuật điện: 103 B1
Phân tích Môi trường: B7
Địa cơ nền móng: 107 B6
Sức Bền Kết cấu: 108 B6
Bộ môn Vật liệu năng lượng: 203 C4
Vật liệu Silicat: 105 C4
Tự động hóa: 207B C1
Thủy lực và Giám sát tình trạng: 104B C1
An ninh mạng: 304 B9
Hóa Đại Cương: 406 B2
Công nghệ Thực phẩm: 101 - 102  B2
Bảo dưỡng công nghiệp: C1
PTN Liên ngành: Tầng hầm H3
PTN Kỹ thuật số/Vi xử lý: 303 H6
Khu thực hành thí nghiệm của bộ môn Kỹ thuật Dệt May: B11
Nghiên cứu năng lượng sóng biển VIBE: 503 B4
Kỹ thuật Dầu khí: 201 B8
Kỹ thuật Y sinh - Công nghệ Laser: 202 - 204 B4"
78,"Ký túc xá Bách khoa có bao nhiêu chỗ, giá phòng thế nào và đăng ký thế nào?","Ký túc xá Bách khoa cung cấp một số chỗ ở cho sinh viên và giảng viên, nhưng thông tin chi tiết về số lượng chỗ và giá phòng chưa được cung cấp trong các bảng dữ liệu. Tuy nhiên, tôi có thể cung cấp một số thông tin hữu ích về ký túc xá Bách khoa dựa trên thông tin được cung cấp.### Thông tin về Ký túc xá Bách Khoa**Vị trí và Liên hệ:**- **Văn phòng:** 497 Hòa Hảo, Phường 7, Quận 10, TP. Hồ Chí Minh- **Điện thoại:** 0283 9573 946- **Email:** ktx@hcmut.edu.vn- **Giám đốc:** ThS. Trần Tấn Phúc (Email: ttphuc@hcmut.edu.vn)**Các dịch vụ và tiện ích:**Ký túc xá Bách Khoa cung cấp các dịch vụ như ăn uống, giặt là, wifi, phòng tập thể dục, khu vực sinh hoạt chung, và các phòng học nhỏ. Sinh viên có thể tham gia các hoạt động văn hóa, thể thao do ký túc xá tổ chức.### Cách Đăng Ký Ký Túc Xá1. **Đăng Ký Ban Đầu:**   - Sinh viên cần chuẩn bị các giấy tờ cần thiết như giấy chứng nhận nhập học, hộ chiếu, giấy khai sinh, và các giấy tờ tùy thân khác.   - Sinh viên nộp hồ sơ đăng ký tại văn phòng Ký túc xá Bách Khoa.2. **Chọn Phòng:**   - Ký túc xá Bách Khoa cung cấp các loại phòng khác nhau, bao gồm phòng đơn, phòng đôi, và phòng ba người.   - Sinh viên sẽ được sắp xếp phòng dựa trên nhu cầu và khả năng tài chính.3. **Thanh Toán:**   - Giá phòng và phí dịch vụ sẽ được thông báo cụ thể khi đăng ký. Sinh viên cần thanh toán đầy đủ để có thể ở ký túc xá.   - Có thể thanh toán theo quý hoặc năm.4. **Đăng Ký Lại:**   - Sinh viên cần đăng ký lại mỗi năm học để đảm bảo","8. CƠ SỞ VẬT CHẤT/ KÝ TÚC XÁ
Cơ sở Lý Thường Kiệt, Quận 10, TP.HCM, rộng 14 ha. Cơ sở Dĩ An, Khu Đô thị ĐHQG - HCM, rộng 26 ha
Ký túc xá Bách khoa, Q.10, TP.HCM với sức chứa hơn 1.800 sinh viên. Ký túc xá ĐHQG – HCM, TP. Dĩ An, tỉnh Bình Dương với sức chứa hơn 40.000 sinh viên
Nhà thi đấu thể thao đa năng, sân bóng đá ngoài trời/ trong nhà (futsal), bóng rổ, bóng chuyền, bóng bàn, tennis, pickleball,... ở cả 2 cơ sở
Hơn 164 phòng thí nghiệm, xưởng thực hành, 2 phòng thí nghiệm trọng điểm quốc gia, 5 phòng thí nghiệm trọng điểm ĐHQG-HCM, 2 trung tâm nghiên cứu và 3 viện nghiên cứu"
79,Trường có vườn ươm/start-up hay hỗ trợ khởi nghiệp không?,"Dựa trên thông tin từ các bảng dữ liệu cung cấp, không có thông tin chi tiết về vườn ươm/start-up hay hỗ trợ khởi nghiệp tại Trường Đại học Bách khoa - ĐHQG-HCM. Tuy nhiên, Trường có một số chương trình và cơ hội hỗ trợ sinh viên phát triển năng lực khởi nghiệp thông qua các hoạt động nghiên cứu khoa học và thực tập:1. **Học bổng và tài trợ**: Sinh viên có nhiều cơ hội nhận học bổng từ các doanh nghiệp, tổ chức trong và ngoài nước, hỗ trợ cho việc nghiên cứu và phát triển ý tưởng khởi nghiệp.2. **Trường hợp hợp tác**: Trường duy trì quan hệ hợp tác với nhiều công ty hàng đầu trong và ngoài nước, tạo cơ hội thực tập và làm việc cho sinh viên, giúp họ tích lũy kinh nghiệm thực tế.3. **Nghiên cứu khoa học**: Trường có nhiều phòng thí nghiệm hiện đại, hỗ trợ sinh viên tham gia vào các đề tài nghiên cứu khoa học, giúp họ phát triển kỹ năng nghiên cứu và khả năng sáng tạo.4. **Cộng đồng cựu sinh viên**: Trường có cộng đồng cựu sinh viên rộng lớn, có thể hỗ trợ sinh viên trong quá trình tìm kiếm ý tưởng và phát triển dự án khởi nghiệp.Tuy nhiên, để có thông tin chính xác và đầy đủ về vườn ươm/start-up hay hỗ trợ khởi nghiệp, bạn nên liên hệ trực tiếp với Trường Đại học Bách khoa - ĐHQG-HCM để được tư vấn thêm.","Quan hệ hợp tác và tuyển dụng
Bộ môn Vật liệu Xây dựng duy trì và mở rộng các mối quan hệ hợp tác với các doanh nghiệp, nhà máy sản xuất, các công ty xây dựng trong việc hỗ trợ sinh viên của ngành nói riêng trong quá trình học tập, thực tập, học bổng, tuyển dụng. Đồng thời cùng phối hợp với Khoa Kỹ thuật Xây dựng duy trì và phát triển mạng lưới cựu sinh viên rộng lớn, khoảng hơn 2000 doanh nghiệp hỗ trợ các hoạt động của sinh viên Khoa Kỹ thuật Xây dựng nói chung.

Học bổng
Bên cạnh học bổng khuyến khích của Trường, sinh viên của ngành Công nghệ Kỹ thuật Vật liệu Xây dựng còn có cơ hội nhận được các học bổng khác như học bổng của ban liên lạc cựu sinh viên và các doanh nghiệp, công ty, nhà máy với tổng trị giá 1 tỷ đồng hằng năm.

Học bổng trao đổi và học bổng toàn phần Sau Đại học
Khoa Kỹ thuật Xây dựng nói chung và Bộ môn Vật liệu Xây dựng nói riêng luôn duy trì mở rộng và phát triển hợp tác với nhiều giáo sư, trường Đại học và viện nghiên cứu trên thế giới để thúc đẩy các chương trình học bổng trao đổi (như chương trình trao đổi Peace hằng năm với Đại học Hiroshima, Nhật Bản), và học bổng toàn phần Sau Đại học (học bổng của chính phủ Nhật) cho sinh viên chuyên ngành nói riêng và ngành Kỹ thuật Xây dựng nói chung."
80,"Em có TOEIC Listening–Reading = 650, quy đổi điểm tiếng Anh trong học bạ như nào?","Theo thông tin từ bảng dữ liệu cung cấp, TOEIC Listening–Reading ≥ 730 là tiêu chuẩn tiếng Anh đầu vào cho một số chương trình tại Trường Đại học Bách khoa. Tuy nhiên, điểm TOEIC Listening–Reading của bạn là 650, chưa đạt tiêu chuẩn này.Để quy đổi điểm TOEIC Listening–Reading = 650 thành điểm tiếng Anh trong học bạ, chúng ta cần tham khảo thêm thông tin về tiêu chuẩn TOEIC tương đương trong học bạ của trường. Dựa trên các tiêu chuẩn đã được cung cấp:1. **TOEIC Listening–Reading ≥ 730**: Đây là tiêu chuẩn cao, tương đương với trình độ khá giỏi tiếng Anh.2. **TOEIC Listening–Reading ≥ 600**: Đây là tiêu chuẩn trung bình, tương đương với trình độ giỏi tiếng Anh.Điểm TOEIC Listening–Reading = 650 nằm giữa hai mức này. Do đó, có thể quy đổi như sau:- **Nếu tiêu chuẩn quy đổi là TOEIC ≥ 600**: Điểm TOEIC Listening–Reading = 650 có thể quy đổi tương đương với khoảng 8.0 - 8.5 điểm tiếng Anh trong học bạ.- **Nếu tiêu chuẩn quy đổi là TOEIC ≥ 730**: Điểm TOEIC Listening–Reading = 650 có thể quy đổi thấp hơn, khoảng 7.5 - 8.0 điểm tiếng Anh trong học bạ.Để có kết quả chính xác, bạn nên tham khảo thêm chính sách quy đổi điểm TOEIC của Trường Đại học Bách khoa. Nếu trường sử dụng tiêu chuẩn TOEIC ≥ 600, điểm 650 có thể quy đổi tương đương với khoảng 8.0 - 8.5 điểm tiếng Anh trong học bạ. Nếu tiêu chuẩn cao hơn, điểm quy đổi sẽ thấp hơn.","LƯU Ý:
Thí sinh có chứng chỉ IELTS ≥ 5.0/ TOEFL iBT ≥ 46/ TOEIC nghe - đọc ≥ 460 & nói - viết ≥ 200 sẽ được quy đổi sang điểm môn tiếng Anh trong điểm thi tốt nghiệp THPT và học lực THPT đối với các tổ hợp xét tuyển có dùng môn tiếng Anh.
Đối với TOEIC, để quy đổi ngang hàng thì cặp điểm thành phần nghe – đọc và nói – viết phải đạt đồng thời điểm CCTA theo yêu cầu. Nếu không đạt đồng thời thì điểm quy đổi môn Tiếng Anh sẽ lấy theo cặp điểm thành phần nào thấp hơn."
81,Mình được nộp tối đa bao nhiêu nguyện vọng khi xét tuyển?,"Theo thông tin từ bảng dữ liệu, không có thông tin cụ thể về số lượng nguyện vọng tối đa mà thí sinh có thể nộp khi xét tuyển. Tuy nhiên, thông thường trong các chương trình xét tuyển, số lượng nguyện vọng tối đa thường được quy định bởi cơ sở giáo dục. Để có thông tin chính xác, bạn nên tham khảo thêm từ website chính thức của Trường Đại học Bách khoa - ĐHQG-HCM hoặc liên hệ trực tiếp với Khoa tuyển sinh.Vì vậy, câu trả lời chính xác nhất là: **Thời gian và số lượng nguyện vọng tối đa khi nộp hồ sơ xét tuyển thường được quy định bởi Trường Đại học Bách khoa - ĐHQG-HCM. Bạn nên kiểm tra thông tin chính thức từ trường hoặc liên hệ với bộ phận tuyển sinh để có thông tin chính xác.**","Số lượng nguyện vọng đăng ký: mỗi thí sinh chỉ nộp 01 bộ hồ sơ, tối đa 05 nguyện vọng ngành/nhóm ngành
NGUYÊN TẮC XÉT TUYỂN
Hội đồng tuyển sinh trường xem xét các hồ sơ xét tuyển thẳng và quyết định danh sách trúng tuyển.
Các hồ sơ xét tuyển thẳng hợp lệ được sắp xếp theo thứ tự từ cao xuống theo các giải đạt được (diện đạt giải học sinh giỏi quốc gia, giải khoa học kỹ thuật quốc gia) và các điểm trung bình các môn (thuộc tổ hợp môn xét tuyển) của các năm lớp 10, 11, 12. Hội đồng tuyển sinh xét trúng tuyển căn cứ theo các tiêu chí và theo chỉ tiêu được quy định, lấy theo thứ tự từ cao xuống thấp."
82,Em phải nộp hồ sơ xét tuyển Tiêu chuẩn online hay bản cứng? Hạn cuối là khi nào?,"Dựa trên thông tin từ các bảng dữ liệu cung cấp, không có thông tin cụ thể về việc nộp hồ sơ xét tuyển Tiêu chuẩn online hay bản cứng cũng như hạn nộp hồ sơ. Tuy nhiên, thông thường, các trường đại học thường cung cấp cả hai hình thức nộp hồ sơ: online và bản cứng. Để có thông tin chính xác và cập nhật, bạn nên tham khảo thêm thông tin từ website chính thức của Trường Đại học Bách khoa - ĐHQG-HCM hoặc liên hệ trực tiếp với bộ phận tuyển sinh của trường.Nếu bạn muốn đảm bảo thông tin chính xác, có thể liên hệ qua địa chỉ email: tuyensinh@hcmut.edu.vn hoặc hotline: 028-38688611/028-8647256 (5870).Bạn cũng có thể truy cập trang web của trường tại [www.hcmut.edu.vn](http://www.hcmut.edu.vn) để tìm hiểu thêm về quy trình xét tuyển và hạn nộp hồ sơ.","10. TƯ VẤN TUYỂN SINH & HƯỚNG NGHIỆP
CHƯƠNG TRÌNH TIÊU CHUẨN, CT TÀI NĂNG, CT KỸ SƯ CHẤT LƯỢNG CAO VIỆT-PHÁP (PFIEV)
VĂN PHÒNG TƯ VẤN TUYỂN SINH
[Địa chỉ]: Kiosk 98, gần cổng 3, Trường Đại học Bách khoa, 142A Tô Hiến Thành, P.14, Q.10, TP.HCM
[Hotline]: (028) 2214 6888
[Email]: tuyensinh@hcmut.edu.vn
[Facebook]: /tuvantuyensinhbachkhoa
[TikTok]: /tuyensinhbachkhoahcm
[Website]: https://hcmut.edu.vn/tuyen-sinh-dh/dai-hoc-chinh-quy

CHƯƠNG TRÌNH DẠY VÀ HỌC BẰNG TIẾNG ANH, CT TIÊN TIẾN, CT CHUYỂN TIẾP QUỐC TẾ ÚC/ MỸ/ NEW ZEALAND/NHẬT BẢN, CT ĐỊNH HƯỚNG NHẬT BẢN, CT LIÊN KẾT CỬ NHÂN KỸ THUẬT QUỐC TẾ
VĂN PHÒNG ĐÀO TẠO QUỐC TẾ (OISP)
[Địa chỉ]: Kiosk OISP, Khu B2, Trường Đại học Bách khoa, 268 Lý Thường Kiệt, P.14, Q.10, TP.HCM
[Hotline]: (028) 7301 4183 - 03 9798 9798
[Email]: dtqt_tuvan@hcmut.edu.vn
[Facebook]: /bkquocte
[Youtube]: /bkoisp
[TikTok]: /@bachkhoaquocte
[Website]: oisp.hcmut.edu.vn"
83,"Em đăng ký ngành rồi, làm sao để tra kết quả xét tuyển và mấy ngày có thông báo?","Dựa trên thông tin từ các bảng dữ liệu cung cấp, tôi hiểu rằng bạn đang quan tâm đến quy trình tra kết quả xét tuyển và thời gian thông báo kết quả. Tuy nhiên, thông tin chi tiết về quy trình tra kết quả và thời gian thông báo chưa được đề cập trong các bảng dữ liệu. Tôi sẽ dựa vào thông thường của các trường đại học để cung cấp thông tin hữu ích.**Tra Kết Quả Xét Tuyển:**1. **Trang Web Trường Đại Học Bách Khoa:**   - Trường Đại học Bách Khoa có trang web chính thức (`hcmut.edu.vn`), nơi bạn có thể tra cứu kết quả xét tuyển trực tuyến.   - Bạn cần đăng nhập bằng thông tin cá nhân đã đăng ký.2. **Cổng Thông Tin Sinh Viên:**   - Trường có hệ thống cổng thông tin sinh viên (`elearning.hcmut.edu.vn`), nơi bạn có thể truy cập để tra cứu kết quả xét tuyển.3. **Email:**   - Trường thường gửi thông báo về kết quả xét tuyển qua email đã đăng ký.**Thời Gian Thông Báo Kết Quả:**1. **Thời Gian Thông Báo:**   - Thông thường, kết quả xét tuyển sẽ được thông báo sau khi kết thúc vòng xét tuyển. Thời gian này có thể dao động từ 1-2 tuần tùy theo lịch xét tuyển của trường.   - Trường sẽ thông báo chính thức qua trang web chính thức, cổng thông tin sinh viên, và email.2. **Lịch Xét Tuyển:**   - Trường sẽ thông báo lịch xét tuyển chính thức trên trang web và cổng thông tin sinh viên. Bạn nên theo dõi thường xuyên để nắm bắt thông tin.**Lưu Ý:**- Đảm bảo cập nhật thông tin cá nhân chính xác trên hệ thống của trường.- Theo dõi trang web và cổng thông tin sinh viên thường xuyên để không bỏ sót thông báo quan trọng.- Nếu có bất kỳ thắc mắc nào, bạn có thể liên hệ với Ban Admissions Office (Phòng Xét Tuyển) của trường Đại học Bách Khoa qua email hoặc số điện thoại được cung cấp trên trang web.Hy vọng thông tin này hữu ích cho bạn! Nếu bạn cần thêm thông tin chi tiết, hãy truy cập trang web chính thức của trường","Các bạn sinh viên xem kết quả xét tuyển tại trang Facebook “PFIEV ĐHBK TpHCM” và thông qua email. 11.4. ĐIỂM ĐẶC BIỆT VÀ ƯU TIÊN CỦA CHƯƠNG TRÌNH Sinh viên theo học tại Cơ sở Lý Thường Kiệt Ưu tiên trong việc xét đăng ký cư trú tại Ký túc xá Đại học Bách khoa, 497 Hoà Hảo, Phường 7, Quận 10, Thành phố Hồ Chí Minh. Mức học phí tương đương chương trình Tiêu chuẩn (khoảng 15 triệu/học kỳ) Sinh viên được đào tạo 02 ngoại ngữ, bao gồm: tiếng Anh (trong 2 năm đầu) và tiếng Pháp (trong 3 năm đầu) nếu chưa đạt chuẩn tốt nghiệp. Sinh viên có cơ hội học 02 năm tại Pháp theo chương trình bằng đôi với trường đối tác Pháp hoặc thực tập tốt nghiệp tại Pháp trong 06 tháng với học bổng vùng, học bổng EIFFEL, học bổng ERASMUS, v.v. Sinh viên xuất sắc có cơ hội thi đậu Đại học Bách khoa Palaiseau Paris (Ecole Polytechnique) nhận bằng Kỹ sư trong 3 năm học tại Pháp."
84,Học phí đóng mấy đợt trong năm và đóng ở đâu?,"2 đợt theo 2 học kì, qua hệ thống myBK","Cách thức đăng ký và lịch xét tuyển:
Sinh viên đăng ký từ 1 đến 3 nguyện vọng theo hình thức trực tuyến tại cổng MyBK
(https://mybk.hcmut.edu.vn/tuyensinh/login >> Nhập học >> Chọn mục “Đăng ký học CT Việt-
Pháp"")
Đợt 1: Thông báo sau
Đợt 2: Thông báo sau
Đợt 3: Thông báo sau
Công bố trúng tuyển:
Đợt 1: Thông báo sau
Đợt 2: Thông báo sau
Đợt 3: Thông báo sau
Các bạn sinh viên xem kết quả xét tuyển tại trang Facebook “PFIEV ĐHBK TpHCM” và thông qua email."
85,Em muốn đổi giảng viên cố vấn học tập/mentor thì liên hệ ai?,"Liên hệ văn phòng khoa, hoặc phòng CTSV","10. TƯ VẤN TUYỂN SINH & HƯỚNG NGHIỆP
CHƯƠNG TRÌNH TIÊU CHUẨN, CT TÀI NĂNG, CT KỸ SƯ CHẤT LƯỢNG CAO VIỆT-PHÁP (PFIEV)
VĂN PHÒNG TƯ VẤN TUYỂN SINH
[Địa chỉ]: Kiosk 98, gần cổng 3, Trường Đại học Bách khoa, 142A Tô Hiến Thành, P.14, Q.10, TP.HCM
[Hotline]: (028) 2214 6888
[Email]: tuyensinh@hcmut.edu.vn
[Facebook]: /tuvantuyensinhbachkhoa
[TikTok]: /tuyensinhbachkhoahcm
[Website]: https://hcmut.edu.vn/tuyen-sinh-dh/dai-hoc-chinh-quy

CHƯƠNG TRÌNH DẠY VÀ HỌC BẰNG TIẾNG ANH, CT TIÊN TIẾN, CT CHUYỂN TIẾP QUỐC TẾ ÚC/ MỸ/ NEW ZEALAND/NHẬT BẢN, CT ĐỊNH HƯỚNG NHẬT BẢN, CT LIÊN KẾT CỬ NHÂN KỸ THUẬT QUỐC TẾ
VĂN PHÒNG ĐÀO TẠO QUỐC TẾ (OISP)
[Địa chỉ]: Kiosk OISP, Khu B2, Trường Đại học Bách khoa, 268 Lý Thường Kiệt, P.14, Q.10, TP.HCM
[Hotline]: (028) 7301 4183 - 03 9798 9798
[Email]: dtqt_tuvan@hcmut.edu.vn
[Facebook]: /bkquocte
[Youtube]: /bkoisp
[TikTok]: /@bachkhoaquocte
[Website]: oisp.hcmut.edu.vn"
87,Nếu em trúng tuyển vào ngành khác thì có được đăng ký xét tuyển vào chương trình PFIEV không?,"Theo thông tin từ các bảng dữ liệu, để trúng tuyển vào chương trình PFIEV (Programme de Formation d'Ingénieurs de Excellence au Vietnam), bạn cần đáp ứng một số điều kiện cụ thể. Dưới đây là thông tin chi tiết:### Điều kiện đăng ký chương trình PFIEV:1. **Trúng tuyển vào một trong các trường Đại học Bách Khoa tại Việt Nam**: Bạn cần trúng tuyển vào một trong các trường đại học Bách Khoa như Đại học Bách Khoa Hà Nội, Trường Đại học Xây dựng Hà Nội, Trường Đại học Bách Khoa - Đại học Đà Nẵng, hoặc Trường Đại học Bách Khoa - Đại học Quốc gia TP.HCM.   2. **Phương thức xét tuyển**: Chương trình PFIEV yêu cầu bạn phải trúng tuyển theo các phương thức xét tuyển của trường.### Đối tượng xét tuyển:- Sinh viên trúng tuyển theo các phương thức xét tuyển của trường.### Cách đăng ký vào chương trình PFIEV:- Theo thông báo tuyển sinh từ trường khi thực hiện thủ tục đăng ký nhập học.### Lưu ý:- Nếu bạn trúng tuyển vào một ngành khác nhưng vẫn thuộc một trong các trường Đại học Bách Khoa tại Việt Nam, bạn vẫn có thể đăng ký xét tuyển vào chương trình PFIEV. Tuy nhiên, điều này phụ thuộc vào các thông báo tuyển sinh cụ thể từ trường.### Tóm tắt:- **Nếu** bạn trúng tuyển vào một ngành khác tại một trong các trường Đại học Bách Khoa tại Việt Nam, **thì** bạn vẫn có thể đăng ký xét tuyển vào chương trình PFIEV.- **Tuy nhiên**, bạn cần theo dõi các thông báo tuyển sinh từ trường để nắm bắt các yêu cầu cụ thể và thời gian đăng ký.Hy vọng thông tin này hữu ích cho bạn! Nếu bạn cần thêm thông tin chi tiết, hãy liên hệ trực tiếp với Ban tuyển sinh của Trường Đại học Bách Khoa tại TP.HCM.","Cách đăng ký vào chương trình PFIEV
Theo thông báo tuyển sinh từ trường khi thực hiện thủ tục đăng ký nhập học.
Sinh viên trúng tuyển vào trường Đại học Bách khoa -ĐHQG TP. HCM (không phân biệt chuyên ngành)
Sinh viên cần đạt điểm trúng tuyển của các chuyên ngành đào tạo để đủ điều kiện ứng tuyển vào chương trình Kỹ sư Chất lượng cao Việt Pháp.

Đối tượng xét tuyển: SV trúng tuyển theo các phương thức xét tuyển của trường.

Ưu điểm | Cơ hội cho sinh viên
Học tại Cơ sở Lý Thường Kiệt
Học phí như Chương trình Tiêu chuẩn
Ưu tiên xét Ký túc xá
Sinh viên học 2 ngoại ngữ Anh và Pháp
Có cơ hội học 2 năm tại Pháp hoặc thực tập tốt nghiệp tại Pháp 6 tháng với học bổng vùng, học bổng EIFFEL, học bổng ERASMUS....
SV xuất sắc có cơ hội thì đậu trường Đại học Bách khoa Ecole Polytechnique - Palaiseau Paris (học 3 năm)"
88,"Em không biết tiếng Pháp, vậy có thể học chương trình PFIEV không?","* Ngôn ngữ sử dụng trong đa số các môn học là tiếng Việt.  
* Một số môn chuyên ngành vào năm cuối được giảng dạy bằng tiếng Anh, hoặc tiếng Pháp do giảng viên của trường hoặc từ trường đối tác ở Pháp.","Ngôn ngữ giảng dạy Ngôn ngữ sử dụng trong đa số các môn học là tiếng Việt. Một số môn chuyên ngành vào năm cuối được giảng dạy bằng tiếng Anh, hoặc tiếng Pháp do giảng viên của trường hoặc từ trường đối tác ở Pháp."
89,Học phí chương trình PFIEV là bao nhiêu và có khác gì so với chương trình Tiêu chuẩn không?,Mức học phí tương đương chương trình Tiêu chuẩn (khoảng 15 triệu/học kỳ),"Ưu điểm | Cơ hội cho sinh viên
Học tại Cơ sở Lý Thường Kiệt
Học phí như Chương trình Tiêu chuẩn
Ưu tiên xét Ký túc xá
Sinh viên học 2 ngoại ngữ Anh và Pháp
Có cơ hội học 2 năm tại Pháp hoặc thực tập tốt nghiệp tại Pháp 6 tháng với học bổng vùng, học bổng EIFFEL, học bổng ERASMUS....
SV xuất sắc có cơ hội thì đậu trường Đại học Bách khoa Ecole Polytechnique - Palaiseau Paris (học 3 năm)"
91,"Chương trình PFIEV có tổ chức kỳ thi chuyển giai đoạn vào năm 2, nếu em không đạt thì có bị buộc thôi học không?",Hiện không có thông tin cụ thể về vấn đề này,"Chương trình Đào tạo Kỹ sư chất lượng cao tại Việt Nam (PFIEV) có mục tiêu là đào tạo các kỹ sư nắm vững lý thuyết, giỏi thực hành, có năng lực quản lý và chuyên môn giỏi. Được đào tạo với kiến thức cơ bản vững chắc, có kiến thức liên ngành, người kỳ sư PFIEV có tầm nhìn và có phương pháp tiếp cận và giải quyết vấn đề tổng hợp, thích ứng với môi trường hoạt động liên ngành, đa văn hóa và những thay đổi nhanh chóng của công nghệ. Chương trình PFIEV được triển khai tại 4 trường Đại học ở Việt Nam: Đại học Bách khoa Hà Nội, Trường Đại học Xây dựng Hà Nội, Trường Đại học Bách khoa - Đại học Đà Nẵng, và Trường Đại học Bách khoa - Đại học Quốc gia TP.HCM, với sự cộng tác của 8 trường đại học tại Pháp.

Cách đăng ký vào chương trình PFIEV Theo thông báo tuyển sinh từ trường khi thực hiện thủ tục đăng ký nhập học. Sinh viên trúng tuyển vào trường Đại học Bách khoa -ĐHQG TP. HCM (không phân biệt chuyên ngành) Sinh viên cần đạt điểm trúng tuyển của các chuyên ngành đào tạo để đủ điều kiện ứng tuyển vào chương trình Kỹ sư Chất lượng cao Việt Pháp."
93,"Có thể đăng ký chương trình PFIEV bằng nhiều phương thức xét tuyển khác nhau không (ví dụ: ĐGNL học bạ, điểm thi THPT)?","* Phương thức 1\. Xét tuyển thẳng theo quy định của Bộ Giáo dục & Đào tạo  
    * Phương thức 2\. Xét tuyển Tổng hợp  
      * Đối tượng 1: Trường hợp thí sinh có kết quả thi Đánh giá Năng lực ĐHQG-HCM năm 2025  
      * Đối tượng 2: Trường hợp thí sinh không có kết quả thi Đánh giá Năng lực ĐHQG-HCM năm 2025  
      * Đối tượng 3: Trường hợp thí sinh tốt nghiệp THPT nước ngoài  
      * Đối tượng 4: Trường hợp thí sinh dùng Chứng chỉ tuyển sinh Quốc tế  
      * Đối tượng 5: Trường hợp xét tuyển các thí sinh vào chương trình Chuyển tiếp Quốc tế Úc/ Mỹ/ New Zealand của Trường",Cách đăng ký vào chương trình PFIEV Theo thông báo tuyển sinh từ trường khi thực hiện thủ tục đăng ký nhập học. Sinh viên trúng tuyển vào trường Đại học Bách khoa -ĐHQG TP. HCM (không phân biệt chuyên ngành) Sinh viên cần đạt điểm trúng tuyển của các chuyên ngành đào tạo để đủ điều kiện ứng tuyển vào chương trình Kỹ sư Chất lượng cao Việt Pháp. Đối tượng xét tuyển: SV trúng tuyển theo các phương thức xét tuyển của trường.
94,Trưởng khoa công nghệ vật liệu hiện tại là ai?,Khoa nào?,"Giới thiệu

Vật liệu là sự lựa chọn lý tưởng cho những bạn đam mê Hóa học, Vật lý, Sinh học và liên ngành Khoa học tự nhiên; khám phá sự sống và vẻ đẹp mới mẻ của thế giới vật chất. Những bạn trẻ tò mò về thế giới vật chất rắn, quy trình công nghệ sản xuất, và chế tạo sản phẩm ứng dụng thiết thực sẽ tìm thấy trong ngành này nhiều cơ hội để phát triển kỹ năng và kiến thức. Học tập và nghiên cứu trong lĩnh vực khoa học Kỹ thuật Vật liệu góp phần thay đổi thế giới.

Nền tảng cơ sở của ngành Kỹ thuật Vật liệu cung cấp cơ hội cho việc tiếp thu kiến thức chuyên sâu và phát triển khả năng học tập ở trình độ cao. Đồng thời, kiến thức chuyên ngành bao gồm hệ thống công nghệ gia công, sản xuất sản phẩm vật liệu, cũng như khả năng nghiên cứu và phát triển vật liệu và sản phẩm mới. Người học được đào tạo với đủ năng lực để phát hiện và giải quyết các vấn đề công nghệ và kỹ thuật vật liệu. Ngoài ra, kỹ năng nghề nghiệp, giao tiếp, làm việc nhóm, kỹ năng giải quyết vấn đề, và tư duy sáng tạo được tích lũy với mục tiêu phát triển công việc trong môi trường liên ngành, quốc tế."
95,Khoa Công nghệ Vật liệu đào tạo những ngành bậc đại học nào?,"- Trưởng bộ môn: TS. Huỳnh Ngọc Minh  
  - Email: hnminh@hcmut.edu.vn","Giới thiệu

Vật liệu là sự lựa chọn lý tưởng cho những bạn đam mê Hóa học, Vật lý, Sinh học và liên ngành Khoa học tự nhiên; khám phá sự sống và vẻ đẹp mới mẻ của thế giới vật chất. Những bạn trẻ tò mò về thế giới vật chất rắn, quy trình công nghệ sản xuất, và chế tạo sản phẩm ứng dụng thiết thực sẽ tìm thấy trong ngành này nhiều cơ hội để phát triển kỹ năng và kiến thức. Học tập và nghiên cứu trong lĩnh vực khoa học Kỹ thuật Vật liệu góp phần thay đổi thế giới.

Nền tảng cơ sở của ngành Kỹ thuật Vật liệu cung cấp cơ hội cho việc tiếp thu kiến thức chuyên sâu và phát triển khả năng học tập ở trình độ cao. Đồng thời, kiến thức chuyên ngành bao gồm hệ thống công nghệ gia công, sản xuất sản phẩm vật liệu, cũng như khả năng nghiên cứu và phát triển vật liệu và sản phẩm mới. Người học được đào tạo với đủ năng lực để phát hiện và giải quyết các vấn đề công nghệ và kỹ thuật vật liệu. Ngoài ra, kỹ năng nghề nghiệp, giao tiếp, làm việc nhóm, kỹ năng giải quyết vấn đề, và tư duy sáng tạo được tích lũy với mục tiêu phát triển công việc trong môi trường liên ngành, quốc tế.

Mã ngành
Chương trình Tiêu chuẩn: 129
Chương trình Dạy và học bằng tiếng Anh: 229

Các điểm đặc biệt của ngành

NGÀNH KỸ THUẬT VẬT LIỆU (Tiếng Việt & Tiếng Anh)

Chương trình đào tạo phân bố trong 8 học kỳ (4 năm), với các kiến thức cơ sở nền tảng ngành nghề sản xuất, gia công, kiểm tra đánh giá tính chất cơ - lý - hóa - điện vật liệu. Đáng chú ý là khối kiến thức thực hành thí nghiệm trên các trang thiết bị hiện đại, khối kiến thức thực tập thực tế tại các nhà máy, doanh nghiệp sản xuất trong ngành công nghệ vật liệu như Kim loại - Hợp kim, Gốm - thủy tinh - xi măng, Cao su - nhựa - composite, Vật liệu năng lượng và các nhóm vật liệu công nghệ cao như bán dẫn điện tử, vật liệu thông minh tự lành, tự liền, tự cảm biến; vật liệu y tế, công nghệ nano, công nghệ in 3D vật liệu. Chương trình đạt chứng nhận kiểm định quốc tế AUN/QA năm 2022 và có thể liên kết học tập trao đổi với các trường đối tác nước ngoài, liên thông Thạc sĩ"
96,Ai là Trưởng bộ môn Công nghệ Vật liệu Silicat?,"- Trưởng PTN: ThS. Lưu Tuấn Anh  
  - Email: luutuananh@hcmut.edu.vn","Cơ sở vật chất

Người học được thực hành, thí nghiệm trong các phòng thí nghiệm đại cương ngành và chuyên ngành Vật liệu với trang thiết bị đầy đủ, hiện đại. Hệ thống các phòng thí nghiệm chuyên ngành bao gồm:

PTN Vật liệu Kim loại & Hợp kim
PTN Vật liệu Gốm - Thủy tinh - Xi măng (Silicate)
PTN Vật liệu Cao su - Nhựa - Composite (Polymer)
PTN Công nghệ Nano - Bán dẫn - Y sinh (Năng lượng & Ứng dụng)
PTN tiên tiến các đơn vị liên kết khác: PTN Trọng điểm Quốc gia về Vật liệu Polymer & Composite; PTN Trọng điểm ĐHQG về Công nghệ Vật liệu, Trung tâm Nghiên cứu Vật liệu Polymer.

Cơ hội việc làm

Có rất nhiều cơ hội nghề nghiệp hấp dẫn mà Kỹ sư, Cử nhân Kỹ thuật Vật liệu có thể phát triển sau khi tốt nghiệp như: Nghiên cứu phát triển sản phẩm mới; Quản lý quy trình sản xuất; Kỹ thuật thí nghiệm, kiểm soát chất lượng; Hỗ trợ giải pháp kỹ thuật; Sale kỹ thuật vật liệu trong các lĩnh vực như:
Công nghiệp vi mạch điện tử, vật liệu bán dẫn: Intel, Samsung, Nidec, Kyocera.
Công nghiệp năng lượng, pin nhiên liệu: VinES, First Solar, Solar BK, Pinaco Miền Nam.
Công nghiệp vật liệu xây dựng hạ tầng: Saint Gobain, Fico YTL, INSEE, Xi măng Hà Tiên, Viglacera, Mapei, Silkroad, Kính Việt-Nhật, Hyosung, Cadivi, Posco, Thép Pomina, Tôn Hoa sen, Tôn Đông Á."
98,"Trưởng khoa chịu trách nhiệm chính trong việc chỉ đạo, xử lý và ký các loại công văn, giấy tờ liên quan đến những mảng công việc cụ thể nào?","- Bộ môn Kỹ thuật hệ thống công nghiệp  
  - Trưởng bộ môn: TS. Nguyễn Vạng Phúc Nguyên  
  - Email: nguyennvp@hcmut.edu.vn  
- Bộ môn Thiết bị & Công nghệ Vật liệu cơ khí  
  - Trưởng bộ môn: PGS. TS. Nguyễn Thanh Hải  
  - Email: [haint@hcmut.edu.vn](mailto:haint@hcmut.edu.vn)  
- Bộ môn Cơ điện tử  
  - Trưởng bộ môn: TS. Phùng Trí Công  
  - Email: ptcong@hcmut.edu.vn  
- Bộ môn Thiết kế máy  
  - Trưởng bộ môn: TS. Nguyễn Vũ Thịnh  
  - Email: [vuthinh.n@hcmut.edu.vn](mailto:vuthinh.n@hcmut.edu.vn)  
- Bộ môn Kỹ thuật dệt may  
  - Trưởng bộ môn: TS. Lê Song Thanh Quỳnh  
  - Email: lstquynh@hcmut.edu.vn  
- Bộ môn Chế tạo máy  
  - Trưởng bộ môn: TS. Trần Hải Nam  
  - Email: [namth@hcmut.edu.vn](mailto:namth@hcmut.edu.vn)  
- Bộ môn Kỹ thuật Máy xây dựng & Nâng chuyển  
  - Trưởng bộ môn: PGS. TS. Lưu Thanh Tùng  
  - Email: ttluu@hcmut.edu.vn  
- Bộ môn Công nghệ nhiệt lạnh  
  - Trưởng bộ môn: TS. Hà Anh Tùng  
  - Email: ha-tung@hcmut.edu.vn  
- Bộ môn Quản lý và kỹ thuật bảo trì  
  - Trưởng bộ môn: PGS. TS. Nguyễn Thanh Trương  
  - Email: thtruong@hcmut.edu.vn","Ngành Kỹ thuật Cơ khí bao gồm:
04 định hướng cơ bản:
Kỹ thuật Chế tạo;
Kỹ thuật Thiết kế;
Kỹ thuật Máy xây dựng và nâng chuyển:
Công nghệ Tạo hình Vật liệu.
02 định hướng mới:
Thiết kế khuôn
Công nghệ Logistics

Mã ngành
Chương trình Tiêu chuẩn: 109
Chương trình Dạy và học bằng tiếng Anh: 209

Các điểm đặc biệt của ngành

Khoa Cơ khí là một trong các khoa lớn và lâu đời nhất tại Trường Đại học Bách khoa, song hành cùng lịch sử hình thành và phát triển của nhà trường. Kỹ thuật Cơ khí là ngành kỹ thuật cơ bản, đóng vai trò quan trọng trong việc thúc đẩy các ngành kỹ thuật khác phát triển, không có cơ khí thì không có máy móc và thiết bị phục vụ sản xuất và đời sống. Do vậy, nhu cầu nhân lực ngành Kỹ thuật Cơ khí chưa bao giờ giảm nhiệt và được dự bảo sẽ tiếp tục duy trì sức hút của nó trong rất nhiều năm tới.

Chương trình đào tạo ngành Kỹ thuật Cơ khí (chương trình Tiêu chuẩn và Dạy và học bằng tiếng Anh) của Trường Đại học Bách khoa được xây dựng theo học chế tín chỉ. Trực tiếp đứng lớp là các giáo sư, phó giáo sư, tiến sĩ và thạc sĩ được đào tạo bài bản ở các trường Đại học danh tiếng trong nước và các nước phát triển trên thế giới, có bề dày kinh nghiệm giảng dạy và thành tích nghiên cứu khoa học."
99,"Phòng thí nghiệm vật liệu năng lượng do ai quản lý, ở khoa công nghệ vật liệu á?",Trưởng khoa: PGS. TS. Bùi Trọng Hiếu (Email: hieubt@hcmut.edu.vn),"Giới thiệu

Vật liệu là sự lựa chọn lý tưởng cho những bạn đam mê Hóa học, Vật lý, Sinh học và liên ngành Khoa học tự nhiên; khám phá sự sống và vẻ đẹp mới mẻ của thế giới vật chất. Những bạn trẻ tò mò về thế giới vật chất rắn, quy trình công nghệ sản xuất, và chế tạo sản phẩm ứng dụng thiết thực sẽ tìm thấy trong ngành này nhiều cơ hội để phát triển kỹ năng và kiến thức. Học tập và nghiên cứu trong lĩnh vực khoa học Kỹ thuật Vật liệu góp phần thay đổi thế giới.

Nền tảng cơ sở của ngành Kỹ thuật Vật liệu cung cấp cơ hội cho việc tiếp thu kiến thức chuyên sâu và phát triển khả năng học tập ở trình độ cao. Đồng thời, kiến thức chuyên ngành bao gồm hệ thống công nghệ gia công, sản xuất sản phẩm vật liệu, cũng như khả năng nghiên cứu và phát triển vật liệu và sản phẩm mới. Người học được đào tạo với đủ năng lực để phát hiện và giải quyết các vấn đề công nghệ và kỹ thuật vật liệu. Ngoài ra, kỹ năng nghề nghiệp, giao tiếp, làm việc nhóm, kỹ năng giải quyết vấn đề, và tư duy sáng tạo được tích lũy với mục tiêu phát triển công việc trong môi trường liên ngành, quốc tế.

Mã ngành
Chương trình Tiêu chuẩn: 129
Chương trình Dạy và học bằng tiếng Anh: 229

Các điểm đặc biệt của ngành

NGÀNH KỸ THUẬT VẬT LIỆU (Tiếng Việt & Tiếng Anh)

Chương trình đào tạo phân bố trong 8 học kỳ (4 năm), với các kiến thức cơ sở nền tảng ngành nghề sản xuất, gia công, kiểm tra đánh giá tính chất cơ - lý - hóa - điện vật liệu. Đáng chú ý là khối kiến thức thực hành thí nghiệm trên các trang thiết bị hiện đại, khối kiến thức thực tập thực tế tại các nhà máy, doanh nghiệp sản xuất trong ngành công nghệ vật liệu như Kim loại - Hợp kim, Gốm - thủy tinh - xi măng, Cao su - nhựa - composite, Vật liệu năng lượng và các nhóm vật liệu công nghệ cao như bán dẫn điện tử, vật liệu thông minh tự lành, tự liền, tự cảm biến; vật liệu y tế, công nghệ nano, công nghệ in 3D vật liệu. Chương trình đạt chứng nhận kiểm định quốc tế AUN/QA năm 2022 và có thể liên kết học tập trao đổi với các trường đối tác nước ngoài, liên thông Thạc sĩ"
100,Khoa Cơ khí có đào tạo bậc Đại học theo Chương trình Tiêu chuẩn với các ngành và chuyên ngành nào?,"### Giới Thiệu Khoa Cơ KhíKhoa Cơ Khí là một trong những khoa lớn và lâu đời nhất tại Trường Đại học Bách Khoa, đóng vai trò quan trọng trong việc đào tạo nhân lực cho ngành kỹ thuật cơ khí. Dưới đây là một số chương trình đặc biệt và liên kết nổi bật của Khoa Cơ Khí:#### Chương Trình Đặc Biệt1. **Chương Trình Tiêu Chuẩn:**   - **Chuyên ngành:** Kỹ thuật Cơ Khí, Kỹ thuật Cơ Điện Tử, Kỹ thuật Nhiệt, Dệt - May.   - **Đặc Điểm:** Chương trình này tập trung vào việc cung cấp kiến thức cơ bản và chuyên sâu về kỹ thuật cơ khí, giúp sinh viên có nền tảng vững chắc để trở thành kỹ sư chuyên nghiệp.2. **Chương Trình Dạy và Học Bằng Tiếng Anh:**   - **Chuyên ngành:** Kỹ thuật Cơ Điện Tử, Kỹ thuật Cơ Khí.   - **Đặc Điểm:** Chương trình này được giảng dạy hoàn toàn bằng tiếng Anh, giúp sinh viên có cơ hội tiếp xúc với môi trường quốc tế, nâng cao trình độ tiếng Anh và hiểu biết về công nghệ tiên tiến.3. **Chương Trình Chuyển Tiếp Quốc Tế:**   - **Chuyên ngành:** Kỹ thuật Cơ Khí.   - **Đặc Điểm:** Sinh viên có cơ hội học tập tại các trường đại học danh tiếng ở nước ngoài, như Trường Đại học HCMUT-UTS tại Úc.4. **Chương Trình Kỹ Sư Chất Lượng Cao Việt - Pháp (PFIEV):**   - **Chuyên ngành:** Kỹ thuật Cơ Khí.   - **Đặc Điểm:** Chương trình này cung cấp cơ hội học tập và nghiên cứu tại Pháp, giúp sinh viên có kiến thức và kỹ năng chuyên môn cao.#### Liên Kết Với Doanh NghiệpKhoa Cơ Khí có nhiều mối quan hệ hợp tác chặt chẽ với các doanh nghiệp lớn trong và ngoài nước, như:- **Thaco Trường Hải, Michelin, Bridgestone, Robert Bosch, Rạng Đông, Duy Tân, Tetra Park, Unilever, P&G.**- **Những công ty này thường xuyên tuyển dụng sinh viên và cựu sinh viên","Giới thiệu

Ngành Kỹ thuật Cơ khí đào tạo Cử nhân Cơ khí có năng lực chuyên môn để giải quyết những vấn đề liên quan đến thiết kế, chế tạo và vận hành các hệ thống sản xuất công nghiệp; có khả năng thích nghi và áp dụng các công nghệ tiên tiến của khu vực và thế giới nhằm phục vụ sự nghiệp công nghiệp hóa và hiện đại hóa đất nước; có phẩm chất chính trị, đạo đức và sức khỏe tốt.

Ngành Kỹ thuật Cơ khí bao gồm:
04 định hướng cơ bản:
Kỹ thuật Chế tạo;
Kỹ thuật Thiết kế;
Kỹ thuật Máy xây dựng và nâng chuyển:
Công nghệ Tạo hình Vật liệu.
02 định hướng mới:
Thiết kế khuôn
Công nghệ Logistics

Mã ngành
Chương trình Tiêu chuẩn: 109
Chương trình Dạy và học bằng tiếng Anh: 209

Các điểm đặc biệt của ngành

Khoa Cơ khí là một trong các khoa lớn và lâu đời nhất tại Trường Đại học Bách khoa, song hành cùng lịch sử hình thành và phát triển của nhà trường. Kỹ thuật Cơ khí là ngành kỹ thuật cơ bản, đóng vai trò quan trọng trong việc thúc đẩy các ngành kỹ thuật khác phát triển, không có cơ khí thì không có máy móc và thiết bị phục vụ sản xuất và đời sống. Do vậy, nhu cầu nhân lực ngành Kỹ thuật Cơ khí chưa bao giờ giảm nhiệt và được dự bảo sẽ tiếp tục duy trì sức hút của nó trong rất nhiều năm tới.

Chương trình đào tạo ngành Kỹ thuật Cơ khí (chương trình Tiêu chuẩn và Dạy và học bằng tiếng Anh) của Trường Đại học Bách khoa được xây dựng theo học chế tín chỉ. Trực tiếp đứng lớp là các giáo sư, phó giáo sư, tiến sĩ và thạc sĩ được đào tạo bài bản ở các trường Đại học danh tiếng trong nước và các nước phát triển trên thế giới, có bề dày kinh nghiệm giảng dạy và thành tích nghiên cứu khoa học."
101,Khoa cơ khí có những bộ môn chuyên ngành nào?,"- Phòng thí nghiệm Đo lường  
  - Trưởng PTN: TS. Bành Quốc Nguyên  
  - Email: bqnguyen@hcmut.edu.vn  
- Phòng thí nghiệm CAD/CAM  
  - Trưởng PTN: TS. Huỳnh Hữu Nghị  
  - Email: [hhnghi@hcmut.edu.vn](mailto:hhnghi@hcmut.edu.vn)  
- Phòng thí nghiệm Công nghệ tạo hình và Xử lý vật liệu  
  - Trưởng PTN: TS. Nguyễn Hải Đăng  
  - Email: nhdang@hcmut.edu.vn  
- Phòng thí nghiệm Điều khiển và Tự động hóa  
  - Trưởng PTN: TS. Trần Việt Hồng  
  - Email: [tvhong@hcmut.edu.vn](mailto:tvhong@hcmut.edu.vn)  
- Ban giảng dạy thực hành  
  - Trưởng ban: KS. Đỗ Huỳnh Nhật  
  - Email: dohuynhat@hcmut.edu.vn  
- Xưởng Cơ Khí  
  - Trưởng xưởng: GVC. ThS. Phan Hoàng Long  
  - Email: [phlong@hcmut.edu.vn](mailto:phlong@hcmut.edu.vn)  
- Trưởng PTN Công nghệ Thiết kế và Gia công Tiên tiến  
  - Trưởng PTN: PGS. TS. Trần Thiên Phúc  
  - Email: ttphuc.rectie@hcmut.edu.vn  
  - Phòng thí nghiệm trực thuộc khoa  
    - PTN CAD/CAM  
    - PTN Đo lường  
    - PTN Điều khiển và tự động hóa  
    - PTN Công nghệ tạo hình và xử lý vật liệu  
    - Xưởng cơ khí  
    - Phòng không gian CDIO\`  
  - Phòng thí nghiệm trực thuộc bộ môn  
  - PTN Thiết kế máy  
  - PTN Chế tạo máy  
  - PTN Thiết bị & công nghệ vật liệu cơ khí  
  - PTN Kỹ thuật dệt may  
  - PTN Công nghệ nhiệt lạnh  
  - PTN Kỹ thuật máy xây dựng & nâng chuyển  
  - PTN Cơ điện tử  
  - PTN Kỹ thuật hệ thống công nghiệp","Ngành Kỹ thuật Cơ khí đào tạo Cử nhân Cơ khí có năng lực chuyên môn để giải quyết những vấn đề liên quan đến thiết kế, chế tạo và vận hành các hệ thống sản xuất công nghiệp; có khả năng thích nghi và áp dụng các công nghệ tiên tiến của khu vực và thế giới nhằm phục vụ sự nghiệp công nghiệp hóa và hiện đại hóa đất nước; có phẩm chất chính trị, đạo đức và sức khỏe tốt.

Ngành Kỹ thuật Cơ khí bao gồm:
04 định hướng cơ bản:
Kỹ thuật Chế tạo;
Kỹ thuật Thiết kế;
Kỹ thuật Máy xây dựng và nâng chuyển:
Công nghệ Tạo hình Vật liệu.
02 định hướng mới:
Thiết kế khuôn
Công nghệ Logistics

Mã ngành
Chương trình Tiêu chuẩn: 109
Chương trình Dạy và học bằng tiếng Anh: 209

Các điểm đặc biệt của ngành

Khoa Cơ khí là một trong các khoa lớn và lâu đời nhất tại Trường Đại học Bách khoa, song hành cùng lịch sử hình thành và phát triển của nhà trường. Kỹ thuật Cơ khí là ngành kỹ thuật cơ bản, đóng vai trò quan trọng trong việc thúc đẩy các ngành kỹ thuật khác phát triển, không có cơ khí thì không có máy móc và thiết bị phục vụ sản xuất và đời sống. Do vậy, nhu cầu nhân lực ngành Kỹ thuật Cơ khí chưa bao giờ giảm nhiệt và được dự bảo sẽ tiếp tục duy trì sức hút của nó trong rất nhiều năm tới."
102,Trưởng khoa cơ khí hiện tại là ai?,Phó Trưởng khoa: PGS. TS. Phạm Quang Trung (Email: quangtrung@hcmut.edu.vn),"Giới thiệu

Ngành Kỹ thuật Cơ khí đào tạo Cử nhân Cơ khí có năng lực chuyên môn để giải quyết những vấn đề liên quan đến thiết kế, chế tạo và vận hành các hệ thống sản xuất công nghiệp; có khả năng thích nghi và áp dụng các công nghệ tiên tiến của khu vực và thế giới nhằm phục vụ sự nghiệp công nghiệp hóa và hiện đại hóa đất nước; có phẩm chất chính trị, đạo đức và sức khỏe tốt.

Ngành Kỹ thuật Cơ khí bao gồm:
04 định hướng cơ bản:
Kỹ thuật Chế tạo;
Kỹ thuật Thiết kế;
Kỹ thuật Máy xây dựng và nâng chuyển:
Công nghệ Tạo hình Vật liệu.
02 định hướng mới:
Thiết kế khuôn
Công nghệ Logistics


Mã ngành
Chương trình Tiêu chuẩn: 109
Chương trình Dạy và học bằng tiếng Anh: 209

Các điểm đặc biệt của ngành

Khoa Cơ khí là một trong các khoa lớn và lâu đời nhất tại Trường Đại học Bách khoa, song hành cùng lịch sử hình thành và phát triển của nhà trường. Kỹ thuật Cơ khí là ngành kỹ thuật cơ bản, đóng vai trò quan trọng trong việc thúc đẩy các ngành kỹ thuật khác phát triển, không có cơ khí thì không có máy móc và thiết bị phục vụ sản xuất và đời sống. Do vậy, nhu cầu nhân lực ngành Kỹ thuật Cơ khí chưa bao giờ giảm nhiệt và được dự bảo sẽ tiếp tục duy trì sức hút của nó trong rất nhiều năm tới.

Chương trình đào tạo ngành Kỹ thuật Cơ khí (chương trình Tiêu chuẩn và Dạy và học bằng tiếng Anh) của Trường Đại học Bách khoa được xây dựng theo học chế tín chỉ. Trực tiếp đứng lớp là các giáo sư, phó giáo sư, tiến sĩ và thạc sĩ được đào tạo bài bản ở các trường Đại học danh tiếng trong nước và các nước phát triển trên thế giới, có bề dày kinh nghiệm giảng dạy và thành tích nghiên cứu khoa học."
103,Khoa cơ khí có các chương trình đặc biệt hay liên kết nào không?,"Phòng thí nghiệm CAD/CAM  
  - Trưởng PTN: TS. Huỳnh Hữu Nghị  
  - Email: [hhnghi@hcmut.edu.vn](mailto:hhnghi@hcmut.edu.vn)","Các điểm đặc biệt của ngành

Khoa Cơ khí là một trong các khoa lớn và lâu đời nhất tại Trường Đại học Bách khoa, song hành cùng lịch sử hình thành và phát triển của nhà trường. Kỹ thuật Cơ khí là ngành kỹ thuật cơ bản, đóng vai trò quan trọng trong việc thúc đẩy các ngành kỹ thuật khác phát triển, không có cơ khí thì không có máy móc và thiết bị phục vụ sản xuất và đời sống. Do vậy, nhu cầu nhân lực ngành Kỹ thuật Cơ khí chưa bao giờ giảm nhiệt và được dự bảo sẽ tiếp tục duy trì sức hút của nó trong rất nhiều năm tới.

Chương trình đào tạo ngành Kỹ thuật Cơ khí (chương trình Tiêu chuẩn và Dạy và học bằng tiếng Anh) của Trường Đại học Bách khoa được xây dựng theo học chế tín chỉ. Trực tiếp đứng lớp là các giáo sư, phó giáo sư, tiến sĩ và thạc sĩ được đào tạo bài bản ở các trường Đại học danh tiếng trong nước và các nước phát triển trên thế giới, có bề dày kinh nghiệm giảng dạy và thành tích nghiên cứu khoa học.

Cơ sở vật chất hiện đại

Môi trường học tập năng động, chương trình đào tạo đạt chuẩn kiểm định trong nước và quốc tế cùng trang thiết bị hiện đại luôn được cập nhật theo xu hướng mới.

Các máy móc, thiết bị được sử dụng để giảng dạy thực hành, thí nghiệm và nghiên cứu khoa học được chú trọng nâng cấp để đáp ứng yêu cầu thực tế."
104,Khoa cơ khí có các phòng thí nghiệm hay xưởng thực hành nào không?,"Hệ thống Năng lượng điện của Chương trình Kỹ sư chất lượng cao Việt - Pháp
Hệ thống Năng lượng của chương trình Tiên tiến
Năng lượng tái tạo của Chương trình Dạy và học bằng tiếng Anh (dự kiến TS2025)","NGÀNH/CHUYÊN NGÀNH ĐÀO TẠO Chương trình PFIEV tại trường ĐH Bách khoa - ĐHQG TPHCM đào tạo 8 CHUYÊN NGÀNH với các trường đối tác Pháp như sau: KỸ THUẬT ĐIỆN (VIỄN THÔNG) Trường IMT Atlantique Bretagne-Pays de la Loire KỸ THUẬT VẬT LIỆU (VẬT LIỆU VÀ NĂNG LƯỢNG) Trường CentraleSupélec KỸ THUẬT ĐIỆN (HỆ THỐNG NĂNG LƯỢNG ĐIỆN) Viện Bách khoa Quốc gia Toulouse (INPT) KỸ THUẬT CƠ KHÍ (CƠ ĐIỆN TỬ) Trường Bách khoa Quốc gia Grenoble (Grenoble INP, ESISAR) KỸ THUẬT XÂY DỰNG (KỸ THUẬT VÀ QUẢN LÝ NƯỚC ĐÔ THỊ) Trường Bách khoa Quốc gia Grenoble (Grenoble INP, Ense3) KỸ THUẬT XÂY DỰNG (XÂY DỰNG DÂN DỤNG - CÔNG NGHIỆP VÀ HIỆU QUẢ NĂNG LƯỢNG) Trường Ponts ParisTech, (tiền thân là Trường Cầu đường Paris) KỸ THUẬT HÀNG KHÔNG Trường Đại học Quốc gia Cơ khí và Hàng không (ISAE-ENSMA) KỸ THUẬT VẬT LIỆU (VẬT LIỆU POLYMER VÀ COMPOSITE) và KỸ THUẬT XÂY DỰNG (XÂY DỰNG DÂN DỤNG - CÔNG NGHIỆP VÀ HIỆU QUẢ NĂNG LƯỢNG) Trường Quốc gia khoa học ứng dụng Lyon (INSA-Lyon)"
105,Mảng công tác sinh viên ở Khoa Cơ khí do ai phụ trách chính?,"Kỹ thuật điện, Kỹ thuật điều khiển và tự động hóa, Kỹ thuật điện tử - Viễn thông.","Khoa Cơ khí là một trong các khoa lớn và lâu đời nhất tại Trường Đại học Bách khoa, song hành cùng lịch sử hình thành và phát triển của nhà trường. Kỹ thuật Cơ khí là ngành kỹ thuật cơ bản, đóng vai trò quan trọng trong việc thúc đẩy các ngành kỹ thuật khác phát triển, không có cơ khí thì không có máy móc và thiết bị phục vụ sản xuất và đời sống. Do vậy, nhu cầu nhân lực ngành Kỹ thuật Cơ khí chưa bao giờ giảm nhiệt và được dự bảo sẽ tiếp tục duy trì sức hút của nó trong rất nhiều năm tới.

Chương trình đào tạo ngành Kỹ thuật Cơ khí (chương trình Tiêu chuẩn và Dạy và học bằng tiếng Anh) của Trường Đại học Bách khoa được xây dựng theo học chế tín chỉ. Trực tiếp đứng lớp là các giáo sư, phó giáo sư, tiến sĩ và thạc sĩ được đào tạo bài bản ở các trường Đại học danh tiếng trong nước và các nước phát triển trên thế giới, có bề dày kinh nghiệm giảng dạy và thành tích nghiên cứu khoa học.

Cơ sở vật chất hiện đại

Môi trường học tập năng động, chương trình đào tạo đạt chuẩn kiểm định trong nước và quốc tế cùng trang thiết bị hiện đại luôn được cập nhật theo xu hướng mới.

Các máy móc, thiết bị được sử dụng để giảng dạy thực hành, thí nghiệm và nghiên cứu khoa học được chú trọng nâng cấp để đáp ứng yêu cầu thực tế.

Vị trí việc làm

100% sinh viên có việc làm sau khi tốt nghiệp, có thể đảm nhiệm các vị trí khác nhau như:

Kỹ sư Chế tạo
Kỹ sư Điều hành sản xuất
Kỹ sư Nghiên cứu và phát triển
Kỹ sư Thiết kế
Kỹ sư Bảo trì
Nhà quản lý doanh nghiệp, Giảng viên...."
106,Khoa cơ khí có phòng thí nghiệm gì đó tên là CAM đúng không vậy?,"20-21 phòng thí nghiệm/xưởng:
Phòng máy tính  
  - Trưởng PTN: PGS. TS. Phan Quốc Dũng  
  - Email: pqdung@hcmut.edu.vn  
Xưởng thực tập điện  
Xưởng thực tập điện tử  
PTN Hệ Thống Năng Lượng  
PTN Điện tử Công suất  
PTN Vi Mạch Và Hệ Thống Cao Tần  
PTN Telemedicine & Mobile Healthcare  
 PTN Xử Lý Số Tín Hiệu  
PTN Kỹ Thuật Siêu Cao Tần & Antenna  
PTN IoT & Máy Học  
PTN Kỹ Thuật Viễn Thông  
PTN Hệ Thống Điện  
PTN Vật Liệu Điện  
PTN Mô Phỏng Và Phân Tích Hệ Thống Điện  
PTN Kỹ Thuật Hệ Thống Thông Tin  
PTN Kỹ Thuật Điện  
PTN Điện Công Nghiệp  
PTN Tự Động Hóa  
PTN Kỹ Thuật Điều Khiển  
PTN Điện Tử 1  
PTN Điện Tử 2","Giới thiệu

Ngành Kỹ thuật Cơ khí đào tạo Cử nhân Cơ khí có năng lực chuyên môn để giải quyết những vấn đề liên quan đến thiết kế, chế tạo và vận hành các hệ thống sản xuất công nghiệp; có khả năng thích nghi và áp dụng các công nghệ tiên tiến của khu vực và thế giới nhằm phục vụ sự nghiệp công nghiệp hóa và hiện đại hóa đất nước; có phẩm chất chính trị, đạo đức và sức khỏe tốt.

Ngành Kỹ thuật Cơ khí bao gồm:
04 định hướng cơ bản:
Kỹ thuật Chế tạo;
Kỹ thuật Thiết kế;
Kỹ thuật Máy xây dựng và nâng chuyển:
Công nghệ Tạo hình Vật liệu.
02 định hướng mới:
Thiết kế khuôn
Công nghệ Logistics

Mã ngành
Chương trình Tiêu chuẩn: 109
Chương trình Dạy và học bằng tiếng Anh: 209

Các điểm đặc biệt của ngành

Khoa Cơ khí là một trong các khoa lớn và lâu đời nhất tại Trường Đại học Bách khoa, song hành cùng lịch sử hình thành và phát triển của nhà trường. Kỹ thuật Cơ khí là ngành kỹ thuật cơ bản, đóng vai trò quan trọng trong việc thúc đẩy các ngành kỹ thuật khác phát triển, không có cơ khí thì không có máy móc và thiết bị phục vụ sản xuất và đời sống. Do vậy, nhu cầu nhân lực ngành Kỹ thuật Cơ khí chưa bao giờ giảm nhiệt và được dự bảo sẽ tiếp tục duy trì sức hút của nó trong rất nhiều năm tới.

Chương trình đào tạo ngành Kỹ thuật Cơ khí (chương trình Tiêu chuẩn và Dạy và học bằng tiếng Anh) của Trường Đại học Bách khoa được xây dựng theo học chế tín chỉ. Trực tiếp đứng lớp là các giáo sư, phó giáo sư, tiến sĩ và thạc sĩ được đào tạo bài bản ở các trường Đại học danh tiếng trong nước và các nước phát triển trên thế giới, có bề dày kinh nghiệm giảng dạy và thành tích nghiên cứu khoa học.

Cơ sở vật chất hiện đại

Môi trường học tập năng động, chương trình đào tạo đạt chuẩn kiểm định trong nước và quốc tế cùng trang thiết bị hiện đại luôn được cập nhật theo xu hướng mới.

Các máy móc, thiết bị được sử dụng để giảng dạy thực hành, thí nghiệm và nghiên cứu khoa học được chú trọng nâng cấp để đáp ứng yêu cầu thực tế."
107,"Những chương trình đào tạo bậc Đại học nào của Khoa Điện - Điện tử có liên quan đến lĩnh vực ""Năng lượng"".",ĐH Công nghệ Nagaoka,"Chương trình PFIEV tại trường ĐH Bách khoa - ĐHQG TPHCM đào tạo 8 CHUYÊN NGÀNH với các trường đối tác Pháp như sau:
KỸ THUẬT ĐIỆN (VIỄN THÔNG) Trường IMT Atlantique Bretagne-Pays de la Loire
KỸ THUẬT VẬT LIỆU (VẬT LIỆU VÀ NĂNG LƯỢNG) Trường CentraleSupélec
KỸ THUẬT ĐIỆN (HỆ THỐNG NĂNG LƯỢNG ĐIỆN) Viện Bách khoa Quốc gia Toulouse (INPT)
KỸ THUẬT CƠ KHÍ (CƠ ĐIỆN TỬ) Trường Bách khoa Quốc gia Grenoble (Grenoble INP, ESISAR)
KỸ THUẬT XÂY DỰNG (KỸ THUẬT VÀ QUẢN LÝ NƯỚC ĐÔ THỊ) Trường Bách khoa Quốc gia Grenoble (Grenoble INP, Ense3)
KỸ THUẬT XÂY DỰNG (XÂY DỰNG DÂN DỤNG - CÔNG NGHIỆP VÀ HIỆU QUẢ NĂNG LƯỢNG) Trường Ponts ParisTech, (tiền thân là Trường Cầu đường Paris)
KỸ THUẬT HÀNG KHÔNG Trường Đại học Quốc gia Cơ khí và Hàng không (ISAE-ENSMA)
KỸ THUẬT VẬT LIỆU (VẬT LIỆU POLYMER VÀ COMPOSITE) và KỸ THUẬT XÂY DỰNG (XÂY DỰNG DÂN DỤNG - CÔNG NGHIỆP VÀ HIỆU QUẢ NĂNG LƯỢNG) Trường Quốc gia khoa học ứng dụng Lyon (INSA-Lyon)"
108,Khoa Điện Điện tử có đào tạo chương trình tài năng không,"Lãnh đạo và quản lý chung các hoạt động trong Khoa:

- Công tác tổ chức nhân sự, tài chính.  
- Quản lý các dự án hợp tác quốc tế, các chương trình đào tạo quốc tế.  
- Xây dựng mô hình tổ chức hoạt động, định hướng phát triển của Khoa.  
- Tổ chức các hội đồng trong Khoa (Hội đồng Khoa học và Đào tạo, Hội đồng Tuyển dụng, Hội đồng Thi đua \- Khen thưởng, Hội đồng Kỷ luật).","Ngành Kỹ thuật Điện dành cho sinh viên có sở thích và đam mê làm việc trong lĩnh vực công nghệ tiên tiến phục vụ cho quá trình phát, truyền tải, phân phối và sử dụng điện năng. Chương trình sẽ đào tạo sinh viên thành những kỳ sư có tay nghề cao, có thể thiết kế các giải pháp cho các vấn đề thuộc lĩnh vực Kỹ thuật Điện trong công nghiệp, thương mại, khoa học, giải trí và xã hội.

Sinh viên tốt nghiệp ngành Kỹ thuật Điện (Khoa Điện Điện tử) đảm trách công việc của người kỹ sư trong lĩnh vực Kỹ thuật Điện, có năng lực, giải quyết những vấn đề liên quan đến sản xuất, truyền tải, phân phối và sử dụng điện; bao gồm các vấn đề thiết kế, sản xuất, vận hành và bảo dưỡng hệ thống năng lượng điện, có khả năng thích nghi và áp dụng các công nghệ tiên tiến của khu vực và thế giới nhằm phục vụ sự nghiệp công nghiệp hóa và hiện đại hóa đất nước.

Sự phát triển của ngành Kỹ thuật Điện có tầm ảnh hưởng đặc biệt đến các ngành công nghiệp khác và đóng góp tích cực đến sự phát triển kinh tế xã hội của đất nước, đặc biệt là trong thời kỳ diễn ra cuộc cách mạng công nghiệp lần thứ IV trên toàn thế giới, sự bùng nổ việc khai thác năng lượng tái tạo như điện gió, điện mặt trời, sự phát triển mạnh công nghệ xe điện, sự tiến hóa hệ thống điện thành lưới điện thông minh tại Việt Nam như hiện nay."
109,Khoa điện điện tử có bao nhiêu phòng thí nghiệm và xường thực tập,"Vi mạch – Hệ thống Phần cứng, Hệ thống Năng lượng, Kỹ thuật Điều khiển & Tự động hóa, Hệ thống Viễn thông","Giới thiệu

Ngành Kỹ thuật Điều khiển và Tự động hóa dành cho các sinh viên có sở thích liên quan đến thiết kế, chế tạo thiết bị điều khiển và thiết kế, lập trình tự động hóa trong các hệ thống sản xuất công nghiệp. Chương trình đào tạo có tính liên ngành bao gồm các môn học cốt lõi cần thiết về kỹ thuật điều khiển, kỹ thuật điện - điện tử và kỹ thuật lập trình.

Chương trình đào tạo được xây dựng theo hai hướng chuyên ngành Kỹ thuật Điều khiển và Công nghệ Tự động hóa, nhằm mục tiêu đào tạo người kỹ sư có khả năng giải quyết những vấn đề liên quan đến thiết kế bộ điều khiển cho máy móc công nghiệp, robot, xe tự hành; có khả năng áp dụng các công nghệ tự động hóa tiên tiến nhằm phục vụ sự nghiệp công nghiệp hóa và hiện đại hóa đất nước.

Mã ngành

Chương trình Tiêu chuẩn: 108
Chương trình Tiên tiến: 208

Các điểm đặc biệt của ngành

Chương trình đào tạo được xây dựng theo cách tiếp cận tiên tiến: kiến thức chuyên ngành về Điện - Điện tử, kiến thức chuyên sâu về thiết kế, chế tạo bộ điều khiển, kiến thức tích hợp về thiết kế, lập trình tự động hóa trong công nghiệp.

Chương trình đào tạo được xây dựng trên nền tảng thực hành chuyên sâu về kỹ năng thiết kế hệ thống điều khiển, người học được thực hành trên các thiết bị công nghiệp hiện đại và được cập nhật thường xuyên.

Sau khi hoàn thành chương trình đào tạo. người học có khả năng áp dụng kiến thức và kỹ năng đã học để nắm bắt ý tưởng thiết kế, triển khai và vận hành các hệ thống tự động hóa trong thực tế.

Cơ sở vật chất chất lượng cao

Các phòng thí nghiệm được trang bị hiện đại, được tài trợ từ các tập đoàn công nghiệp lớn như Siemens. Schneider Electric, Endress+Hauser, Rockwell Automation, Yaskawa,... Trong đó, có các phòng thí nghiệm thực hành điển hình: Phòng thực hành robot Yaskawa, Phòng thực hành tự động hóa IOT Siemens, Phòng nghiên cứu thiết kế phương tiện tự hành, Phòng thí nghiệm cảm biến đo lường."
110,chương trình Chuyển tiếp quốc tế nhật bản của khoa điện điện tử liên kết với trường đại học nào,"Vừa có trong ngành kĩ thuật điện mà cũng có ở ngành kĩ thuật máy tính,
ngoài ra cũng có thể lấy thông tin trong file ngành Thiết kế vi mạch","Giới thiệu

Ngành Kỹ thuật Điện dành cho sinh viên có sở thích và đam mê làm việc trong lĩnh vực công nghệ tiên tiến phục vụ cho quá trình phát, truyền tải, phân phối và sử dụng điện năng. Chương trình sẽ đào tạo sinh viên thành những kỳ sư có tay nghề cao, có thể thiết kế các giải pháp cho các vấn đề thuộc lĩnh vực Kỹ thuật Điện trong công nghiệp, thương mại, khoa học, giải trí và xã hội.

Sinh viên tốt nghiệp ngành Kỹ thuật Điện (Khoa Điện Điện tử) đảm trách công việc của người kỹ sư trong lĩnh vực Kỹ thuật Điện, có năng lực, giải quyết những vấn đề liên quan đến sản xuất, truyền tải, phân phối và sử dụng điện; bao gồm các vấn đề thiết kế, sản xuất, vận hành và bảo dưỡng hệ thống năng lượng điện, có khả năng thích nghi và áp dụng các công nghệ tiên tiến của khu vực và thế giới nhằm phục vụ sự nghiệp công nghiệp hóa và hiện đại hóa đất nước.

Sự phát triển của ngành Kỹ thuật Điện có tầm ảnh hưởng đặc biệt đến các ngành công nghiệp khác và đóng góp tích cực đến sự phát triển kinh tế xã hội của đất nước, đặc biệt là trong thời kỳ diễn ra cuộc cách mạng công nghiệp lần thứ IV trên toàn thế giới, sự bùng nổ việc khai thác năng lượng tái tạo như điện gió, điện mặt trời, sự phát triển mạnh công nghệ xe điện, sự tiến hóa hệ thống điện thành lưới điện thông minh tại Việt Nam như hiện nay.

Mã ngành
Chương trình Tiêu chuẩn: 108
Chương trình Tiên tiến: 208

Các điểm đặc biệt của ngành
- Chương trình bao gồm các môn học cốt lõi cần thiết về kỹ thuật điện - điện tử nói chung, và kỹ thuật điện nói riêng, cùng với nhiều môn học liên quan đến các công nghệ tiêu biểu như thiết kế và điều khiển máy điện, xe điện, các bộ biến đổi điện tử công suất dùng cho năng lượng tái tạo, thiết kế và vận hành các hệ thống điện truyền tải, phân phối và nhà máy điện (bao gồm nhà máy điện gió và mặt trời)."
111,Nhiệm vụ của trưởng khoa khoa điện điện tử là gì,"Tiền thân là chương trình Tăng cường Tiếng Nhật, liên kết đào tạo quốc tế, 2,5 năm đầu học tại trường ĐH Bách khoa \- ĐHQG-HCM, 2 năm sau học tại ĐH Công nghệ Nagaoka, Nhật Bản. Được ĐH Công nghệ Nagaoka cấp bằng.","Chương trình PFIEV tại trường ĐH Bách khoa - ĐHQG TPHCM đào tạo 8 CHUYÊN NGÀNH với các trường đối tác Pháp như sau: KỸ THUẬT ĐIỆN (VIỄN THÔNG) Trường IMT Atlantique Bretagne-Pays de la Loire KỸ THUẬT VẬT LIỆU (VẬT LIỆU VÀ NĂNG LƯỢNG) Trường CentraleSupélec KỸ THUẬT ĐIỆN (HỆ THỐNG NĂNG LƯỢNG ĐIỆN) Viện Bách khoa Quốc gia Toulouse (INPT) KỸ THUẬT CƠ KHÍ (CƠ ĐIỆN TỬ) Trường Bách khoa Quốc gia Grenoble (Grenoble INP, ESISAR) KỸ THUẬT XÂY DỰNG (KỸ THUẬT VÀ QUẢN LÝ NƯỚC ĐÔ THỊ) Trường Bách khoa Quốc gia Grenoble (Grenoble INP, Ense3) KỸ THUẬT XÂY DỰNG (XÂY DỰNG DÂN DỤNG - CÔNG NGHIỆP VÀ HIỆU QUẢ NĂNG LƯỢNG) Trường Ponts ParisTech, (tiền thân là Trường Cầu đường Paris) KỸ THUẬT HÀNG KHÔNG Trường Đại học Quốc gia Cơ khí và Hàng không (ISAE-ENSMA) KỸ THUẬT VẬT LIỆU (VẬT LIỆU POLYMER VÀ COMPOSITE) và KỸ THUẬT XÂY DỰNG (XÂY DỰNG DÂN DỤNG - CÔNG NGHIỆP VÀ HIỆU QUẢ NĂNG LƯỢNG) Trường Quốc gia khoa học ứng dụng Lyon (INSA-Lyon)"
112,"khoa điện điện tử có chương trình tiến tiến không, nếu có thì bao gồm những ngành nào","Hình như không có, theo data thì chỉ có 4 chương trình:
1. Chương trình Tiêu chuẩn
2. Chương trình Dạy và học bằng tiếng Anh
3. Chương trình Định hướng Nhật bản
4. Chương tình Chuyển tiếp Quốc tế","Giới thiệu

Ngành Kỹ thuật Điện dành cho sinh viên có sở thích và đam mê làm việc trong lĩnh vực công nghệ tiên tiến phục vụ cho quá trình phát, truyền tải, phân phối và sử dụng điện năng. Chương trình sẽ đào tạo sinh viên thành những kỳ sư có tay nghề cao, có thể thiết kế các giải pháp cho các vấn đề thuộc lĩnh vực Kỹ thuật Điện trong công nghiệp, thương mại, khoa học, giải trí và xã hội.

Sinh viên tốt nghiệp ngành Kỹ thuật Điện (Khoa Điện Điện tử) đảm trách công việc của người kỹ sư trong lĩnh vực Kỹ thuật Điện, có năng lực, giải quyết những vấn đề liên quan đến sản xuất, truyền tải, phân phối và sử dụng điện; bao gồm các vấn đề thiết kế, sản xuất, vận hành và bảo dưỡng hệ thống năng lượng điện, có khả năng thích nghi và áp dụng các công nghệ tiên tiến của khu vực và thế giới nhằm phục vụ sự nghiệp công nghiệp hóa và hiện đại hóa đất nước.

Sự phát triển của ngành Kỹ thuật Điện có tầm ảnh hưởng đặc biệt đến các ngành công nghiệp khác và đóng góp tích cực đến sự phát triển kinh tế xã hội của đất nước, đặc biệt là trong thời kỳ diễn ra cuộc cách mạng công nghiệp lần thứ IV trên toàn thế giới, sự bùng nổ việc khai thác năng lượng tái tạo như điện gió, điện mặt trời, sự phát triển mạnh công nghệ xe điện, sự tiến hóa hệ thống điện thành lưới điện thông minh tại Việt Nam như hiện nay.

Mã ngành
Chương trình Tiêu chuẩn: 108
Chương trình Tiên tiến: 208

Các điểm đặc biệt của ngành
- Chương trình bao gồm các môn học cốt lõi cần thiết về kỹ thuật điện - điện tử nói chung, và kỹ thuật điện nói riêng, cùng với nhiều môn học liên quan đến các công nghệ tiêu biểu như thiết kế và điều khiển máy điện, xe điện, các bộ biến đổi điện tử công suất dùng cho năng lượng tái tạo, thiết kế và vận hành các hệ thống điện truyền tải, phân phối và nhà máy điện (bao gồm nhà máy điện gió và mặt trời). Các điểm đặc biệt của ngành Kỹ thuật Điện:
+ Ngành nghề then chốt, kỹ thuật cao, bền vững.
+ Có việc ngay, mức lương tốt.
+ Chương trình đào tạo uy tin, được thiết kế theo quy trình CDIO và đạt kiểm định AQAS.
+ Có truyền thống lâu đời, đội ngũ giảng viên tâm huyết vì sinh viên và nhiều kinh nghiệm: Môi trường học tập năng động, toàn diện, nhiều môn học sử dụng ngôn ngữ tiếng Anh.
+ Cơ hội có thể học song ngành với ngành Kỹ thuật Điều khiển & Tự động hóa hoặc với ngành Điện tử - Viễn thông với thời gian rút ngắn (tốt nghiệp được cấp 02 bằng Trường ĐH Bách khoa - ĐHQG-HCM).
+ Cơ hội có thể học liên thông lên Thạc sĩ với thời gian rút ngắn (tốt nghiệp được cấp bằng Cử nhân, Thạc sỹ của Trường ĐH Bách khoa - ĐHQG-HCM).
+Tự hào là sinh viên Khoa Điện - Điện tử có truyền thống lâu đời. Nhiều cơ hội tiếp cận các việc làm và học bổng quốc tế. quốc tế.
+ Có cơ hội được giới thiệu học tiếp các chương trình đào tạo sau đại học ở các nước tiên tiến khu vực và thế giới."
113,ngành thiết kế vi mạch có những chương trình đào tạo nào ở bậc đại học,"- Phó Trưởng khoa: PGS. TS. Phạm Quốc Cường  
- Phó Trưởng khoa: PGS. TS. Phạm Hoàng Anh  
- Phó Trưởng khoa: PGS. TS. Trần Ngọc Thịnh","Giới thiệu
Chuyên ngành Thiết kế Vi mạch (chuyên ngành thuộc ngành Điện tử - Viễn Thông), là một trong những ngành đào tạo chất lượng cao, có tính ứng dụng cao và mang tính xu hướng toàn cầu. Thế kỷ XXI, những tiến bộ của khoa học công nghệ như trí tuệ nhân tạo. (AI), điện toán đám mây, phân tích dữ liệu lớn (Big Data), việc áp dụng các kỹ thuật này vào đời sống yêu cầu sự gia tăng đột biến việc sử dụng các chip, vi mạch điện tử trên toàn cầu. Do đó, xã hội đòi hỏi ngày càng tăng nhu cầu tuyển dụng các kỹ sư Thiết kế Vi mạch có trình độ cao để tham gia vào các công ty vi mạch trong và ngoài nước, cũng như để nghiên cứu, phát triển các chíp ứng dụng. Đây là cơ hội để ngành Thiết kế Vi mạch phát triển.

Chương trình đào tạo Thiết kế Vi mạch tại Trường Đại học Bách khoa - ĐHQG-HCM hướng tới giúp các sinh viên phát triển kỹ năng toàn diện và trở thành những chuyên gia trong lĩnh vực thiết kế vi mạch, đáp ứng nhu cầu về nguồn lực cho các công ty vi mạch và có khả năng giải quyết các thách thức công nghệ của thời đại. đóng góp cho sự phát triển của xã hội.

Chương trình đào tạo tập trung vào phát triển các kỹ năng chuyên môn cần thiết để sinh viên sau khi tốt nghiệp có khả năng nghiên cứu, thiết kế và ứng dụng công nghệ vi mạch vào đời sống. Bên cạnh đó, chương trình đào tạo còn hướng tới phát triển các kỹ năng mềm để sinh viên phát triển toàn diện, gợi mở khả năng tư duy, nghiên cứu, sáng tạo, thích nghi với sự phát triển không ngừng của công nghệ trong thời đại mới."
114,Hãy cho tôi biết thông tin chi tiết về Chương trình Chuyển tiếp Quốc Tế - Nhật Bản của ngành kỹ thuật điện,Trưởng khoa Cơ khí,"CHƯƠNG TRÌNH CỬ NHÂN QUẢN LÝ CÔNG NGHIỆP Ngành Quản lý Công nghiệp nối kết giữa các khối kiến thức kỹ thuật và quản lý vận hành, tạo nên một chỉnh thể trong xu thế đào tạo liên ngành, liên lĩnh vực tại Trường Đại học Bách khoa - ĐHQG-HCM.

CHUYÊN NGÀNH Quản lý Chuỗi cung ứng và Vận hành Quản trị Kinh doanh Quản lý Công nghiệp

CHƯƠNG TRÌNH VÀ MÃ NGÀNH Chương trình Tiêu chuẩn: QSB123 Chương trình Dạy và học bằng tiếng Anh: QSB223 Chương trình Chuyển tiếp Quốc tế: QSB323

* KIỂM ĐỊNH QUỐC TẾ: FIBAA

CHUẨN ĐẦU RA Kiến thức và kỹ năng chuyên môn của ngành nghề quản trị và vận hành. Tư duy giải quyết vấn đề một cách hệ thống, năng lực đáp ứng và dẫn dắt thay đổi. Phẩm chất và thái độ làm việc trách nhiệm, chủ động, chuyên nghiệp và chính trực. Kỹ năng giao tiếp và làm việc nhóm hiệu quả. Năng lực hình thành, thiết kế, triển khai và vận hành một hệ thống quản lý cùng với động cơ và năng lực khởi nghiệp trong bối cảnh tổ chức và xã hội đổi mới

CƠ HỘI VIỆC LÀM Cử nhân mới tốt nghiệp ngành Quản lý Công nghiệp có thể làm việc tại các vị trí Quản lý vận hành: hoạch định sản xuất, quy trình sản xuất, dịch vụ, quản lý kho. Quản lý mua hàng: đánh giá các chương trình mua hàng, thiết lập cấp độ vận hành và phối hợp các công tác trong vận hành, định hướng các điểm mấu chốt trong vận hành. Quản lý chất lượng: phân tích chi tiết cơ sở dữ liệu và các bảng tính, kiểm định quá trình để xác định các khu vực cần cải tiến, quản lý việc thực hiện những thay đổi. Lập kế hoạch và quản lý chuỗi cung ứng: thương lượng các hợp đồng, thiết lập mối quan hệ lâu dài với các nhà cung cấp, duy trì sự chính xác của hệ thống mua hàng, hoá đơn và hàng hoá trả lại. Cải tiến quá trình: thiết kế và triển khai kế hoạch sản xuất tinh gọn và giảm thời gian sản xuất trong cả lĩnh vực sản xuất và dịch vụ. Chuyên viên phân tích: thực hiện các phân tích dữ liệu, dự báo, phát triển hệ hỗ trợ ra quyết định. Quản lý nhân sự: hoạch định nhân sự, khảo sát nhu cầu đào tạo và lên kế hoạch đào tạo, định biên, kế hoạch lương và thưởng, kế hoạch động viên và quan hệ lao động. Quản lý kinh doanh: nghiên cứu thị trường, marketing, hoạch định chiến lược, kế hoạch kinh doanh, tổ chức sự kiện, khai thác luật lệ và phương thức kinh doanh theo từng bối cảnh khác nhau."
115,Ngành khoa học máy tính có đào tạo hệ Việt Pháp không?,"- Bộ môn Công nghệ Phần mềm: Trưởng bộ môn: TS. Trương Tuấn Anh  
- Bộ môn Hệ thống thông tin: Khoa trực tiếp phụ trách  
- Bộ môn Hệ thống và Mạng máy tính: Trưởng bộ môn: TS. Nguyễn Đức Thái  
- Bộ môn Khoa học Máy tính: Trưởng bộ môn: PGS. TS. Lê Hồng Trang  
- Bộ môn Kỹ thuật Máy tính: Khoa trực tiếp phụ trách","CHƯƠNG TRÌNH ĐÀO TẠO KỸ SƯ CHẤT LƯỢNG CAO TẠI VIỆT NAM PROGRAMME de FORMATION d'INGÉNIEURS D'EXCELLENCE au VIETNAM (PFIEV)

CHỈ TIÊU TUYỂN: 25 SINH VIÊN/NGÀNH

Giới thiệu
Chương trình Đào tạo Kỹ sư chất lượng cao tại Việt Nam (PFIEV) có mục tiêu là đào tạo các kỹ sư nắm vững lý thuyết, giỏi thực hành, có năng lực quản lý và chuyên môn giỏi. Được đào tạo với kiến thức cơ bản vững chắc, có kiến thức liên ngành, người kỳ sư PFIEV có tầm nhìn và có phương pháp tiếp cận và giải quyết vấn đề tổng hợp, thích ứng với môi trường hoạt động liên ngành, đa văn hóa và những thay đổi nhanh chóng của công nghệ. Chương trình PFIEV được triển khai tại 4 trường Đại học ở Việt Nam: Đại học Bách khoa Hà Nội, Trường Đại học Xây dựng Hà Nội, Trường Đại học Bách khoa - Đại học Đà Nẵng, và Trường Đại học Bách khoa - Đại học Quốc gia TP.HCM, với sự cộng tác của 8 trường đại học tại Pháp.

Cách đăng ký vào chương trình PFIEV
Theo thông báo tuyển sinh từ trường khi thực hiện thủ tục đăng ký nhập học.
Sinh viên trúng tuyển vào trường Đại học Bách khoa -ĐHQG TP. HCM (không phân biệt chuyên ngành)
Sinh viên cần đạt điểm trúng tuyển của các chuyên ngành đào tạo để đủ điều kiện ứng tuyển vào chương trình Kỹ sư Chất lượng cao Việt Pháp.

Đối tượng xét tuyển: SV trúng tuyển theo các phương thức xét tuyển của trường."
116,Khoa Khoa học và kỹ thuật máy tính có bao nhiêu phó trưởng khoa? Là ai?,"Khoa học Máy tính, Công nghệ Dữ liệu và Dữ liệu lớn, An ninh Hệ thống và Mạng, Trí tuệ Nhân tạo, Công nghệ Phần mềm","Ngành Kỹ thuật Máy tỉnh thuộc nhóm ngành Máy tính và Công nghệ thông tin. Mục tiêu của chương trình ngành Kỹ thuật Máy tính là đào tạo ra những người học có chất lượng cao, có khả năng thiết kế, xây dựng và triển khai những hệ thống phần mềm và phần cứng cho máy tính và các thiết bị điều khiển nhằm đáp ứng nhu cầu trong nước và quốc tế. Đặc biệt, ngành Kỹ thuật Máy tính hướng tới những người học có khả năng thiết kế, hiện thực và tạo được các vì mạch bằng các công nghệ khác nhau. Người học tốt nghiệp ngành Kỹ thuật Máy tính cũng được trang bị những kiến thức cần thiết để có thể học tiếp cao học và tiến sĩ trong lĩnh vực Máy tính và Công nghệ thông tin.

Kỹ thuật Máy tính là ngành kỹ thuật, có sự giao thoa giữa ngành - Khoa học Máy tính và Điện tử. Ngoài các vấn đề thuộc về máy tính như lập trình, thiết kế phần mềm, mạng máy tính và hệ điều hành, ngành Kỹ thuật Máy tính còn liên quan đến phần cứng và thiết kế vi mạch để hướng tới việc phát triển các ứng dụng phần mềm trên các hệ thống tính toán chuyên biệt, ví dụ nhận dạng khuôn mặt trên nền tảng thiết bị nhúng dùng trong nhà thông minh, giám sát chất lượng không khí sử dụng công nghệ internet vạn vật - cảm biến năng lượng thấp - điện toán đám mây. Đặc biệt, ở chuyên ngành Thiết kế Vi mạch số, người học có thể tập trung vào quy trình thiết kế và hiện thực các vi mạch với các công nghệ khác nhau để từ đó làm chủ công việc thiết kế vi mạch."
117,Có thầy nào tên Bùi Trọng Hiếu trong trường mình không?,"Kỹ thuật Máy tính, Điện tử - Viễn thông, Thiết kế vi mạch","Giới thiệu
Chuyên ngành Thiết kế Vi mạch (chuyên ngành thuộc ngành Điện tử - Viễn Thông), là một trong những ngành đào tạo chất lượng cao, có tính ứng dụng cao và mang tính xu hướng toàn cầu. Thế kỷ XXI, những tiến bộ của khoa học công nghệ như trí tuệ nhân tạo. (AI), điện toán đám mây, phân tích dữ liệu lớn (Big Data), việc áp dụng các kỹ thuật này vào đời sống yêu cầu sự gia tăng đột biến việc sử dụng các chip, vi mạch điện tử trên toàn cầu. Do đó, xã hội đòi hỏi ngày càng tăng nhu cầu tuyển dụng các kỹ sư Thiết kế Vi mạch có trình độ cao để tham gia vào các công ty vi mạch trong và ngoài nước, cũng như để nghiên cứu, phát triển các chíp ứng dụng. Đây là cơ hội để ngành Thiết kế Vi mạch phát triển.

Chương trình đào tạo Thiết kế Vi mạch tại Trường Đại học Bách khoa - ĐHQG-HCM hướng tới giúp các sinh viên phát triển kỹ năng toàn diện và trở thành những chuyên gia trong lĩnh vực thiết kế vi mạch, đáp ứng nhu cầu về nguồn lực cho các công ty vi mạch và có khả năng giải quyết các thách thức công nghệ của thời đại. đóng góp cho sự phát triển của xã hội.

Chương trình đào tạo tập trung vào phát triển các kỹ năng chuyên môn cần thiết để sinh viên sau khi tốt nghiệp có khả năng nghiên cứu, thiết kế và ứng dụng công nghệ vi mạch vào đời sống. Bên cạnh đó, chương trình đào tạo còn hướng tới phát triển các kỹ năng mềm để sinh viên phát triển toàn diện, gợi mở khả năng tư duy, nghiên cứu, sáng tạo, thích nghi với sự phát triển không ngừng của công nghệ trong thời đại mới."
120,Tôi có thể học vi mạch ở những ngành nào?,"TS. Trần Anh Tú  
    Email: tranatu@hcmut.edu.vn","Giới thiệu
Chuyên ngành Thiết kế Vi mạch (chuyên ngành thuộc ngành Điện tử - Viễn Thông), là một trong những ngành đào tạo chất lượng cao, có tính ứng dụng cao và mang tính xu hướng toàn cầu. Thế kỷ XXI, những tiến bộ của khoa học công nghệ như trí tuệ nhân tạo. (AI), điện toán đám mây, phân tích dữ liệu lớn (Big Data), việc áp dụng các kỹ thuật này vào đời sống yêu cầu sự gia tăng đột biến việc sử dụng các chip, vi mạch điện tử trên toàn cầu. Do đó, xã hội đòi hỏi ngày càng tăng nhu cầu tuyển dụng các kỹ sư Thiết kế Vi mạch có trình độ cao để tham gia vào các công ty vi mạch trong và ngoài nước, cũng như để nghiên cứu, phát triển các chíp ứng dụng. Đây là cơ hội để ngành Thiết kế Vi mạch phát triển.

Chương trình đào tạo Thiết kế Vi mạch tại Trường Đại học Bách khoa - ĐHQG-HCM hướng tới giúp các sinh viên phát triển kỹ năng toàn diện và trở thành những chuyên gia trong lĩnh vực thiết kế vi mạch, đáp ứng nhu cầu về nguồn lực cho các công ty vi mạch và có khả năng giải quyết các thách thức công nghệ của thời đại. đóng góp cho sự phát triển của xã hội.

Chương trình đào tạo tập trung vào phát triển các kỹ năng chuyên môn cần thiết để sinh viên sau khi tốt nghiệp có khả năng nghiên cứu, thiết kế và ứng dụng công nghệ vi mạch vào đời sống. Bên cạnh đó, chương trình đào tạo còn hướng tới phát triển các kỹ năng mềm để sinh viên phát triển toàn diện, gợi mở khả năng tư duy, nghiên cứu, sáng tạo, thích nghi với sự phát triển không ngừng của công nghệ trong thời đại mới."
121,Khoa Khoa học và kỹ thuật máy tính có những phòng thí nghiệm nào?,Trưởng bộ môn Khoa học Máy tính,"Giới thiệu

Ngành Kỹ thuật Máy tỉnh thuộc nhóm ngành Máy tính và Công nghệ thông tin. Mục tiêu của chương trình ngành Kỹ thuật Máy tính là đào tạo ra những người học có chất lượng cao, có khả năng thiết kế, xây dựng và triển khai những hệ thống phần mềm và phần cứng cho máy tính và các thiết bị điều khiển nhằm đáp ứng nhu cầu trong nước và quốc tế. Đặc biệt, ngành Kỹ thuật Máy tính hướng tới những người học có khả năng thiết kế, hiện thực và tạo được các vì mạch bằng các công nghệ khác nhau. Người học tốt nghiệp ngành Kỹ thuật Máy tính cũng được trang bị những kiến thức cần thiết để có thể học tiếp cao học và tiến sĩ trong lĩnh vực Máy tính và Công nghệ thông tin.

Kỹ thuật Máy tính là ngành kỹ thuật, có sự giao thoa giữa ngành - Khoa học Máy tính và Điện tử. Ngoài các vấn đề thuộc về máy tính như lập trình, thiết kế phần mềm, mạng máy tính và hệ điều hành, ngành Kỹ thuật Máy tính còn liên quan đến phần cứng và thiết kế vi mạch để hướng tới việc phát triển các ứng dụng phần mềm trên các hệ thống tính toán chuyên biệt, ví dụ nhận dạng khuôn mặt trên nền tảng thiết bị nhúng dùng trong nhà thông minh, giám sát chất lượng không khí sử dụng công nghệ internet vạn vật - cảm biến năng lượng thấp - điện toán đám mây. Đặc biệt, ở chuyên ngành Thiết kế Vi mạch số, người học có thể tập trung vào quy trình thiết kế và hiện thực các vi mạch với các công nghệ khác nhau để từ đó làm chủ công việc thiết kế vi mạch.

Hiện tại, sinh viên theo học ngành Kỹ thuật Máy tính có thể theo đuổi các định hướng sau:
Hệ thống tính toán hiện đại: người học sẽ đào sâu các kiến thức và kỹ năng liên quan đến các thống tính toán như hiệu năng cao, hệ thống nhúng, hệ thống lái cấu hình và thiết kế vi mạch dùng trong các nhóm ứng dụng như sử dụng trí tuệ nhân tạo, phân tích dữ liệu lớn, phân tích dữ liệu sinh học....
Internet vạn vật (Internet of Things): người học sẽ đào sâu các kiến thức và kỹ năng liên quan đến các việc xây dựng các hệ thống dựa trên nền tảng Internet vạn vật như hệ thống tự hành, hệ thống giám sát môi trường, hệ thống điều khiển tự động hay các hệ thống liên quan đến an ninh mạng như phòng chống tấn công mạng, phòng chống giả mạo trên môi trường mạng, bảo mật các hệ thống mạng....
Thiết kế Vi mạch số (Digital VLSI Design): người học được tìm hiểu, nghiên cứu và thực hành với các công cụ thiết kế vi mạch tiêu chuẩn của thế giới và sử dụng các thiết bị hỗ trợ thử nghiệm tiên tiến. Hàng năm, sản phẩm thiết kế tiêu biểu của sinh viên có thể được mang đi dự thi các cuộc thi thiết kế vi mạch trong và ngoài nước hoặc hỗ trợ chế tạo chịp thử nghiệm thông qua các đối tác là các trường và viện nghiên cứu ở nước ngoài."
124,Thầy Lê Hồng Trang là ai?,"Kỹ thuật Máy tính, Hệ thống Tính toán Nâng cao, Internet Vạn vật, Thiết kế Vi mạch số","Giới thiệu

Ngành Kỹ thuật Máy tỉnh thuộc nhóm ngành Máy tính và Công nghệ thông tin. Mục tiêu của chương trình ngành Kỹ thuật Máy tính là đào tạo ra những người học có chất lượng cao, có khả năng thiết kế, xây dựng và triển khai những hệ thống phần mềm và phần cứng cho máy tính và các thiết bị điều khiển nhằm đáp ứng nhu cầu trong nước và quốc tế. Đặc biệt, ngành Kỹ thuật Máy tính hướng tới những người học có khả năng thiết kế, hiện thực và tạo được các vì mạch bằng các công nghệ khác nhau. Người học tốt nghiệp ngành Kỹ thuật Máy tính cũng được trang bị những kiến thức cần thiết để có thể học tiếp cao học và tiến sĩ trong lĩnh vực Máy tính và Công nghệ thông tin.

Kỹ thuật Máy tính là ngành kỹ thuật, có sự giao thoa giữa ngành - Khoa học Máy tính và Điện tử. Ngoài các vấn đề thuộc về máy tính như lập trình, thiết kế phần mềm, mạng máy tính và hệ điều hành, ngành Kỹ thuật Máy tính còn liên quan đến phần cứng và thiết kế vi mạch để hướng tới việc phát triển các ứng dụng phần mềm trên các hệ thống tính toán chuyên biệt, ví dụ nhận dạng khuôn mặt trên nền tảng thiết bị nhúng dùng trong nhà thông minh, giám sát chất lượng không khí sử dụng công nghệ internet vạn vật - cảm biến năng lượng thấp - điện toán đám mây. Đặc biệt, ở chuyên ngành Thiết kế Vi mạch số, người học có thể tập trung vào quy trình thiết kế và hiện thực các vi mạch với các công nghệ khác nhau để từ đó làm chủ công việc thiết kế vi mạch."
125,Các ngành đào tạo thạc sĩ của khoa Khoa học và Kỹ thuật máy tính?,Phó trưởng khoa Khoa học và Kỹ thuật máy tính,"Giới thiệu

Ngành Kỹ thuật Máy tỉnh thuộc nhóm ngành Máy tính và Công nghệ thông tin. Mục tiêu của chương trình ngành Kỹ thuật Máy tính là đào tạo ra những người học có chất lượng cao, có khả năng thiết kế, xây dựng và triển khai những hệ thống phần mềm và phần cứng cho máy tính và các thiết bị điều khiển nhằm đáp ứng nhu cầu trong nước và quốc tế. Đặc biệt, ngành Kỹ thuật Máy tính hướng tới những người học có khả năng thiết kế, hiện thực và tạo được các vì mạch bằng các công nghệ khác nhau. Người học tốt nghiệp ngành Kỹ thuật Máy tính cũng được trang bị những kiến thức cần thiết để có thể học tiếp cao học và tiến sĩ trong lĩnh vực Máy tính và Công nghệ thông tin.

Kỹ thuật Máy tính là ngành kỹ thuật, có sự giao thoa giữa ngành - Khoa học Máy tính và Điện tử. Ngoài các vấn đề thuộc về máy tính như lập trình, thiết kế phần mềm, mạng máy tính và hệ điều hành, ngành Kỹ thuật Máy tính còn liên quan đến phần cứng và thiết kế vi mạch để hướng tới việc phát triển các ứng dụng phần mềm trên các hệ thống tính toán chuyên biệt, ví dụ nhận dạng khuôn mặt trên nền tảng thiết bị nhúng dùng trong nhà thông minh, giám sát chất lượng không khí sử dụng công nghệ internet vạn vật - cảm biến năng lượng thấp - điện toán đám mây. Đặc biệt, ở chuyên ngành Thiết kế Vi mạch số, người học có thể tập trung vào quy trình thiết kế và hiện thực các vi mạch với các công nghệ khác nhau để từ đó làm chủ công việc thiết kế vi mạch."
126,Các chuyên ngành của ngành Kỹ thuật máy tính?,"Có các ngành:  - Cơ Kỹ thuật  
  - Vật lý Kỹ thuật  
  - Toán Ứng dụng  
  - Khoa học Tính toán","Giới thiệu

Ngành Kỹ thuật Máy tỉnh thuộc nhóm ngành Máy tính và Công nghệ thông tin. Mục tiêu của chương trình ngành Kỹ thuật Máy tính là đào tạo ra những người học có chất lượng cao, có khả năng thiết kế, xây dựng và triển khai những hệ thống phần mềm và phần cứng cho máy tính và các thiết bị điều khiển nhằm đáp ứng nhu cầu trong nước và quốc tế. Đặc biệt, ngành Kỹ thuật Máy tính hướng tới những người học có khả năng thiết kế, hiện thực và tạo được các vì mạch bằng các công nghệ khác nhau. Người học tốt nghiệp ngành Kỹ thuật Máy tính cũng được trang bị những kiến thức cần thiết để có thể học tiếp cao học và tiến sĩ trong lĩnh vực Máy tính và Công nghệ thông tin.

Kỹ thuật Máy tính là ngành kỹ thuật, có sự giao thoa giữa ngành - Khoa học Máy tính và Điện tử. Ngoài các vấn đề thuộc về máy tính như lập trình, thiết kế phần mềm, mạng máy tính và hệ điều hành, ngành Kỹ thuật Máy tính còn liên quan đến phần cứng và thiết kế vi mạch để hướng tới việc phát triển các ứng dụng phần mềm trên các hệ thống tính toán chuyên biệt, ví dụ nhận dạng khuôn mặt trên nền tảng thiết bị nhúng dùng trong nhà thông minh, giám sát chất lượng không khí sử dụng công nghệ internet vạn vật - cảm biến năng lượng thấp - điện toán đám mây. Đặc biệt, ở chuyên ngành Thiết kế Vi mạch số, người học có thể tập trung vào quy trình thiết kế và hiện thực các vi mạch với các công nghệ khác nhau để từ đó làm chủ công việc thiết kế vi mạch.

Hiện tại, sinh viên theo học ngành Kỹ thuật Máy tính có thể theo đuổi các định hướng sau:
Hệ thống tính toán hiện đại: người học sẽ đào sâu các kiến thức và kỹ năng liên quan đến các thống tính toán như hiệu năng cao, hệ thống nhúng, hệ thống lái cấu hình và thiết kế vi mạch dùng trong các nhóm ứng dụng như sử dụng trí tuệ nhân tạo, phân tích dữ liệu lớn, phân tích dữ liệu sinh học....
Internet vạn vật (Internet of Things): người học sẽ đào sâu các kiến thức và kỹ năng liên quan đến các việc xây dựng các hệ thống dựa trên nền tảng Internet vạn vật như hệ thống tự hành, hệ thống giám sát môi trường, hệ thống điều khiển tự động hay các hệ thống liên quan đến an ninh mạng như phòng chống tấn công mạng, phòng chống giả mạo trên môi trường mạng, bảo mật các hệ thống mạng....
Thiết kế Vi mạch số (Digital VLSI Design): người học được tìm hiểu, nghiên cứu và thực hành với các công cụ thiết kế vi mạch tiêu chuẩn của thế giới và sử dụng các thiết bị hỗ trợ thử nghiệm tiên tiến. Hàng năm, sản phẩm thiết kế tiêu biểu của sinh viên có thể được mang đi dự thi các cuộc thi thiết kế vi mạch trong và ngoài nước hoặc hỗ trợ chế tạo chịp thử nghiệm thông qua các đối tác là các trường và viện nghiên cứu ở nước ngoài."
128,Thầy Trần Ngọc Thịnh là ai?,"- PTN Cơ học Ứng dụng  
    - Trưởng PTN: TS. Phạm Bảo Toàn  
    - Email: baotoanbk@hcmut.edu.vn  
  - PTN Vật lý Tính toán  
    - Trưởng PTN: PGS. TS. Đỗ Ngọc Sơn  
    - Email: dnson@hcmut.edu.vn  
  - PTN Công nghệ Laser  
    - Trưởng PTN: PGS. TS. Trần Trung Nghĩa  
    - Email: ttnghia@hcmut.edu.vn  
  - PTN Vật lý Đại cương  
    - Trưởng PTN: TS. Trần Anh Tú  
    - Email: tranatu@hcmut.edu.vn","Giới thiệu

Vật lý Kỹ thuật là ngành đào tạo ứng dụng các nguyên lý của khoa học cơ bản để phân tích, giải quyết các vấn đề kỹ thuật và ứng dụng liên ngành. Ngành Vật lý Kỹ thuật tại trường Đại học Bách khoa tập trung đào tạo vào 03 chuyên ngành chính: Kỹ thuật Y sinh, Vật lý Tính toán, và Vật lý Kỹ thuật. Với lịch sử đào tạo hơn 02 thập kỷ, trường ĐH Bách khoa tự hào là một trong những đơn vị đi đầu trong việc đào tạo nguồn nhân lực chất lượng cao cho lĩnh vực Vật lý Kỹ thuật và nâng cao đời sống con người theo mục tiêu phát triển bền vững của UNESCO về ""good health and well-being"".

Chương trình đào tạo ngành Vật lý Kỹ thuật hướng đến mục tiêu chung là đào tạo ra những kỹ sư có năng lực chuyên môn cao, đạo đức nghề nghiệp, khả năng tự học, học tập suốt đời và năng lực lãnh đạo tinh tế. Ngành Vật lý kỹ thuật đã và đang cung cấp các chương trình đào tạo chuyên sâu, chuẩn quốc tế ở cả bậc Đại học và Sau Đại học.

Sinh viên được trang bị kiến thức nền tảng về Vật lý, Toán học, Tin học, và Kỹ thuật cơ bản với các nội dung chuyên ngành một cách linh hoạt nhằm đáp ứng nhu cầu đào tạo nguồn nhân lực cho nhiều lĩnh vực Vật lý Ứng dụng hiện đại.

Sinh viên tốt nghiệp có khả năng vận hành, tính toán, thiết kế, tư vấn, bảo trì, bảo dưỡng trang thiết bị y sinh cho các cơ sở y tế và viện nghiên cứu y sinh; tham gia nghiên cứu phát triển các lĩnh vực công nghệ y sinh, năng lượng tái tạo, và vật liệu tiên tiến ở các bộ phận R&D của các tổ chức, doanh nghiệp, trường đại học, và viện nghiên cứu."
129,Khoa khoa học ứng dụng có đào tạo bạc thạc sĩ không,"### Chương trình Đào tạo Liên quan đến Hóa Học của Khoa Khoa học Ứng dụngKhoa Khoa học Ứng dụng tại Trường Đại học Bách khoa có một số chương trình đào tạo liên quan đến hóa học, cụ thể như sau:#### 1. **Chương trình Tiêu chuẩn và Dạy và Học bằng Tiếng Anh: Khoa học Dữ liệu**- **Đặc Điểm**:   - Chương trình này không trực tiếp đào tạo về hóa học, nhưng sinh viên sẽ được trang bị kiến thức về thống kê, toán học, và khoa học máy tính, những kiến thức này rất hữu ích trong lĩnh vực hóa học hiện đại, đặc biệt là hóa học phân tử, hóa học hữu cơ, và hóa học phân tích.  - Sinh viên có thể lựa chọn các môn học chuyên ngành liên quan đến hóa học nếu họ có hứng thú.#### 2. **Chương trình Định Hướng Nhật Bản: Khoa học Máy Tính**- **Đặc Điểm**:   - Chương trình này không tập trung vào hóa học, nhưng nó cung cấp kiến thức cơ bản về khoa học máy tính và kỹ thuật, giúp sinh viên có thể áp dụng các công nghệ hiện đại vào nghiên cứu hóa học.### Chi Tiết về Chương trình Khoa học Dữ liệu- **Giới Thiệu**:   - Ngành Khoa học Dữ liệu bắt đầu tuyển sinh từ năm 2024 và được thiết kế để đáp ứng nhu cầu ngày càng tăng về nguồn nhân lực có chuyên môn cao trong lĩnh vực khoa học dữ liệu.  - Sinh viên sẽ được trang bị kiến thức vững chắc về toán học, thống kê, và khoa học máy tính, đồng thời có cơ hội học các môn học chuyên ngành liên quan đến hóa học.- **Cơ Sở Vật Chất**:   - Chương trình sử dụng các phòng thí nghiệm và lab hiện đại, giúp sinh viên thực hành và nghiên cứu các vấn đề liên quan đến hóa học.- **Vị Trí Việc Làm**:   - Sinh viên có thể làm việc trong các lĩnh vực như phân tích dữ liệu hóa học, phát triển mô hình hóa học, và sử dụng dữ liệu để hỗ trợ nghiên cứu hóa học.### Kết LuậnTrong tổng thể, mặc dù Khoa Khoa học Ứng dụng không có chương trình chuyên biệt","Giới thiệu
Ngành Khoa học Dữ liệu là một ngành của Khoa Khoa học Ứng dụng, bắt đầu tuyển sinh từ năm 2024. Ngành Khoa học Dữ liệu được ra đời nhằm đáp ứng nhu cầu ngày càng tăng về việc làm trong lĩnh vực Khoa học Dữ liệu, đặc biệt là nguồn nhân lực có chuyên môn cao. Các chuyên gia trong lĩnh vực này đều được trả lương cao và có cơ hội làm việc ở nhiều lĩnh vực khác nhau. Sứ mệnh của ngành Khoa học Dữ liệu là đào tạo những Cử nhân Kỹ thuật có trình độ cao, kiến thức chuyên sâu có tính liên ngành và có tính thời sự cấp thiết cho nhiều ứng dụng khoa học kỹ thuật công nghệ cao. Đối tượng: Học sinh/sinh viên có khả năng học toán, thống kê, lập trình; yêu thích trí tuệ nhân tạo, dữ liệu đa lĩnh vực,... Khoa học Dữ liệu là một ngành học có tính liên ngành rất cao với ba trụ cột: Toán và Thống kê, Khoa học máy tính và lĩnh vực tri thức liên ngành (tải chính, công nghệ sinh học, y tế, giáo dục, kỹ thuật đo lường, logistics....). Chương trình đào tạo được thiết kế dựa trên bộ tiêu chuẩn ABET và bộ kỹ năng nghề nghiệp của IBM. Sinh viên tốt nghiệp có khả năng xử lý, phân tích và trực quan hoá dữ liệu; có kỹ năng sử dụng nhiều phần mềm xử lý dữ liệu; có khả năng ứng dụng các kiến thức và kỹ năng khoa học dữ liệu vào thực tế cuộc sống; có thể lập kế hoạch, triển khai và quản lý dự án liên quan dữ liệu."
130,Hãy cho tôi thông tin chi tiết về trưởng phòng thí nghiệm vật lý tính toán,Chỉ có ngành Cơ Kỹ thuật,"Giới thiệu

Cơ Kỹ thuật là ngành đào tạo ứng dụng các nguyên lý Cơ học và Toán học để phân tích, tính toán và giải quyết các vấn đề kỹ thuật trong các ứng dụng đa ngành. Chương trình đào tạo ngành Cơ Kỹ thuật nhằm mục tiêu tổng quát đào tạo kỹ sư có năng lực chuyên môn, đạo đức nghề nghiệp và sức khỏe tốt để phụng sự cho đất nước.

Sinh viên được trang bị các kiến thức cơ bản và cơ sở ngành nhằm giúp sinh viên tự tin trong hoạt động nghề nghiệp, có khả năng giải quyết độc lập các vấn đề kỹ thuật thuộc lĩnh vực cơ học kỹ thuật, có khả năng phát triển nghiên cứu và ứng dụng với 03 hướng chính là: Mô phỏng Cơ Kỹ thuật, Kỹ thuật đo lường, Động lực học và điều khiển, đáp ứng nhu cầu lao động có trình độ kỹ thuật cao của đất nước.

Sinh viên tốt nghiệp có khả năng tính toán, thiết kế mô phỏng các vấn đề cơ học trong kỹ thuật như tính toán mô phỏng các kết cấu cơ khí, kết cấu trong xây dựng, cầu đường, hệ thống đường ống, cơ lưu chất, cơ sinh học, hệ thống nhiệt...

Chương trình đào tạo được xây dựng trên cơ sở kinh nghiệm triển khai hoạt động đào tạo của ngành từ năm 2002 ở các bậc học Đại học và Sau Đại học, tham khảo các chương trình giảng dạy bậc đại học của các nước tiên tiến trên thế giới, ý kiến của chuyên gia trong ngành và khảo sát ý kiến của các bên liên quan, đặc biệt là của doanh nghiệp và cựu sinh viên."
131,Khoa Khoa học Ứng dụng có những Phòng thí nghiệm nào?,"Có ngành Cơ kỹ thuật, nhưng cái này chỉ có trên web chứ không có trong data, làm sao miniRAG trả lời được??","Giới thiệu
Ngành Khoa học Dữ liệu là một ngành của Khoa Khoa học Ứng dụng, bắt đầu tuyển sinh từ năm 2024. Ngành Khoa học Dữ liệu được ra đời nhằm đáp ứng nhu cầu ngày càng tăng về việc làm trong lĩnh vực Khoa học Dữ liệu, đặc biệt là nguồn nhân lực có chuyên môn cao. Các chuyên gia trong lĩnh vực này đều được trả lương cao và có cơ hội làm việc ở nhiều lĩnh vực khác nhau.
Sứ mệnh của ngành Khoa học Dữ liệu là đào tạo những Cử nhân Kỹ thuật có trình độ cao, kiến thức chuyên sâu có tính liên ngành và có tính thời sự cấp thiết cho nhiều ứng dụng khoa học kỹ thuật công nghệ cao.
Đối tượng: Học sinh/sinh viên có khả năng học toán, thống kê, lập trình; yêu thích trí tuệ nhân tạo, dữ liệu đa lĩnh vực,...
Khoa học Dữ liệu là một ngành học có tính liên ngành rất cao với ba trụ cột: Toán và Thống kê, Khoa học máy tính và lĩnh vực tri thức liên ngành (tải chính, công nghệ sinh học, y tế, giáo dục, kỹ thuật đo lường, logistics....). Chương trình đào tạo được thiết kế dựa trên bộ tiêu chuẩn ABET và bộ kỹ năng nghề nghiệp của IBM. Sinh viên tốt nghiệp có khả năng xử lý, phân tích và trực quan hoá dữ liệu; có kỹ năng sử dụng nhiều phần mềm xử lý dữ liệu; có khả năng ứng dụng các kiến thức và kỹ năng khoa học dữ liệu vào thực tế cuộc sống; có thể lập kế hoạch, triển khai và quản lý dự án liên quan dữ liệu."
132,Những chương trình đào tạo nào của khoa Khoa học Ứng dụng đào tạo các ngành liên quan đến hóa học,"Hiểu là đang nói về khoa Khoa học Ứng dụng,
nhưng mà hỏi riêng lẻ từng câu 
(không có history)
thì không có đánh giá được :))","Giới thiệu
Ngành Khoa học Dữ liệu là một ngành của Khoa Khoa học Ứng dụng, bắt đầu tuyển sinh từ năm 2024. Ngành Khoa học Dữ liệu được ra đời nhằm đáp ứng nhu cầu ngày càng tăng về việc làm trong lĩnh vực Khoa học Dữ liệu, đặc biệt là nguồn nhân lực có chuyên môn cao. Các chuyên gia trong lĩnh vực này đều được trả lương cao và có cơ hội làm việc ở nhiều lĩnh vực khác nhau.
Sứ mệnh của ngành Khoa học Dữ liệu là đào tạo những Cử nhân Kỹ thuật có trình độ cao, kiến thức chuyên sâu có tính liên ngành và có tính thời sự cấp thiết cho nhiều ứng dụng khoa học kỹ thuật công nghệ cao.
Đối tượng: Học sinh/sinh viên có khả năng học toán, thống kê, lập trình; yêu thích trí tuệ nhân tạo, dữ liệu đa lĩnh vực,...
Khoa học Dữ liệu là một ngành học có tính liên ngành rất cao với ba trụ cột: Toán và Thống kê, Khoa học máy tính và lĩnh vực tri thức liên ngành (tải chính, công nghệ sinh học, y tế, giáo dục, kỹ thuật đo lường, logistics....). Chương trình đào tạo được thiết kế dựa trên bộ tiêu chuẩn ABET và bộ kỹ năng nghề nghiệp của IBM. Sinh viên tốt nghiệp có khả năng xử lý, phân tích và trực quan hoá dữ liệu; có kỹ năng sử dụng nhiều phần mềm xử lý dữ liệu; có khả năng ứng dụng các kiến thức và kỹ năng khoa học dữ liệu vào thực tế cuộc sống; có thể lập kế hoạch, triển khai và quản lý dự án liên quan dữ liệu."
133,Ngành nào của khoa Khoa học Ứng dụng có chương trình định hướng Nhật Bản,,"Giới thiệu
Ngành Khoa học Dữ liệu là một ngành của Khoa Khoa học Ứng dụng, bắt đầu tuyển sinh từ năm 2024. Ngành Khoa học Dữ liệu được ra đời nhằm đáp ứng nhu cầu ngày càng tăng về việc làm trong lĩnh vực Khoa học Dữ liệu, đặc biệt là nguồn nhân lực có chuyên môn cao. Các chuyên gia trong lĩnh vực này đều được trả lương cao và có cơ hội làm việc ở nhiều lĩnh vực khác nhau. Sứ mệnh của ngành Khoa học Dữ liệu là đào tạo những Cử nhân Kỹ thuật có trình độ cao, kiến thức chuyên sâu có tính liên ngành và có tính thời sự cấp thiết cho nhiều ứng dụng khoa học kỹ thuật công nghệ cao. Đối tượng: Học sinh/sinh viên có khả năng học toán, thống kê, lập trình; yêu thích trí tuệ nhân tạo, dữ liệu đa lĩnh vực,..."
134,Phòng thí nghệm hiện trường của khoa do ai phụ trách?,"- Trưởng bộ môn: TS. Mai Cao Lân  
  - Email: maicaolan@hcmut.edu.vn","Phòng thí nghiệm hiện trường địa kỹ thuật là nơi chuyên thí nghiệm trực tiếp các thông số cơ lý của đất đá tại hiện trường bằng các thiết bị thí nghiệm hiện đại đòi hỏi yêu cầu kỹ thuật cao.. Phòng thí nghiệm địa kỹ thuật là nơi chuyên nghiên cứu và thực hiện các thí nghiệm trong phòng để đánh giá tính chất cơ lý đất và đã để cung cấp số liệu cho quá trình khảo sát, tính toán, thiết kế và xây dựng các công trình xây dựng. Phòng thí nghiệm Tài nguyên Trái Đất và Môi trường là nơi chuyên thực hiện các nghiên cứu và chuyển giao công nghệ liên quan đến khai thác và sử dụng tài nguyên hợp lý, tư vấn các vấn đề môi trường và phát triển bền vững, tới chế nguồn chất thải thành nguồn tài nguyên. Phòng thí nghiệm Mô phỏng là nơi chuyên nghiên cứu Mô hình hóa, mô phỏng địa cơ vỉa, và phương pháp số ứng dụng trong Công nghệ và kỹ thuật Dầu khí Mỏ và Địa chất; Nghiên cứu bản chất các đặc tính của đất đã, vía chứa, điều kiện hình thành và biến đổi của chúng ngay tại các mỏ và thí nghiệm trong phòng: Nghiên cứu áp dụng các công nghệ mới trong tìm kiếm, thăm dò và khai thác dầu khí và tài nguyên năng lượng và đúc rút kinh nghiệm đạt được. Nghiên cứu điều kiện hình thành và tích tụ dầu khí, khai thác hợp lý các mỏ và nghiên cứu áp dụng công nghệ mới xử lý các thông số, số liệu liên quan kết quả thăm dò và khai thác dầu khí và tài nguyên năng lượng."
135,Trưởng bộ môn Khoan và Khai thác Dầu khí là ai?,"- Trưởng bộ môn: TS. Ngô Tấn Phong  
  - Email: ngotanphong@hcmut.edu.vn","Giới thiệu

 Ngành Kỹ thuật Dầu khí Ngành Kỹ thuật Dầu khí của Khoa Kỹ thuật Địa chất Dầu khí, Trường Đại học Bách khoa - ĐHQG-HCM hiện đang xếp hạng 51-100 trên thế giới theo bảng xếp hạng của Tổ chức QS (World University Ranking by Subjects). Ngành Kỹ thuật Dầu khí của Khoa Kỹ thuật Địa chất và Dầu khí đã đạt kiểm định Quốc tế theo Tiêu chuẩn AUN-QA. Chương trình đào tạo của Ngành Kỹ thuật Dầu khí bao gồm các chủ đề: Tìm kiếm, thăm dò và khai thác các nguồn tài nguyên dầu khí Địa chất, khoan, khai thác, xử lý, lưu trữ và vận chuyển dầu khí Các nguồn tài nguyên phi truyền thống Năng lượng sạch, bảo vệ môi trường

Ngành Kỹ thuật Địa chất Ngành Kỹ thuật Địa chất bao gồm ba chuyên ngành: Địa kỹ thuật, Địa chất môi trường, Quản lý tài nguyên đất và khoáng sản. Chuyên ngành Địa Kỹ thuật nghiên cứu cơ học đất đá, địa chất thủy văn, các phương pháp cải tạo đất nền, tính toán ổn định công trình xây dựng và thiết kế, vận hành hệ thống quan trắc. Hướng ứng dụng: khảo sát, tính toán và thiết kế nền móng công trình dân dụng, công nghiệp, đường cao tốc, công trình ngầm, khai thác mỏ, điện gió ven biển... Chuyên ngành Địa chất môi trường áp dụng kiến thức khoa học Trái Đất để bảo vệ tài nguyên môi trường an toàn - bền vững. Các môn học cung cấp kiến thức và kỹ năng kỹ thuật môi trường, quản lý môi trường, đánh giá tác động môi trường, ứng dụng công nghệ thông tin, viễn thám trong quản lý tài nguyên và môi trường. Chuyên ngành Quản lý đất và tài nguyên khoáng sản, bao gồm phân bố, kinh tế, tìm kiếm, đánh giá tác động môi trường và quản lý."
136,PTN mô phỏng hiện nay do ai phụ trách?,Khoa nào?,"Cơ sở vật chất
Phòng Thí nghiệm (PTN) Phân tích Môi trường (Environmental Analysis Laboratory)
Là PTN trọng tâm và chủ yếu phục vụ giảng dạy và nghiên cứu cho toàn bộ khoa và sinh viên. với diện tích 550m2 tại CS1 và 2.000 m2 tại CS2 (Dĩ An). PTN được trang bị đầy đủ các thiết bị hiện đại phục vụ cho việc phân tích các thông số môi trường từ cơ bản đến nâng cao như máy quang phổ AAS, GC-MS, HPLC, GC, TOC, ICP-OES, Zetasizer, UV-Vis....
PTN cũng có nhiều mô hình xử lý quy mô phòng thí nghiệm và quy mô thí điểm khác nhau để sinh viên thực hành và thực hiện các ý tưởng nghiên cứu của mình về kỹ thuật xử lý nước cấp, nước thải; kỹ thuật xử lý khí thải; và kỹ thuật xử lý chất thải rắn."
137,Trưởng bộ môn Địa Kỹ Thuật là ai?,"- Trưởng bộ môn: TS. Đặng Thương Huyền  
  - Email: huyenus@hcmut.edu.vn","Ngành Địa kỹ thuật Xây dựng thuộc nhóm ngành Xây dựng, là 01 trong 05 nhóm ngành tạo ra nhiều việc làm và đang cần nguồn nhân lực chất lượng cao cho xã hội, đồng thời cũng chính là ""chìa khóa để giải quyết các thách thức"". Ngành Địa Kỹ thuật Xây dựng tập trung giải quyết các vấn đề liên quan đến: Công trình dân dụng và công nghiệp, nhà cao tầng Công trình giao thông, đường cao tốc, sân bay.... Công trình thủy lợi: đê, đập.... Công trình tầng hầm, công trình ngầm Các công trình hạ tầng kỹ thuật. Đội ngũ giảng viên Hơn 641 giảng viên Trường Đại học Bách khoa - ĐHQG-HCM; 81 Nghiên cứu viên; 13 Giáo sư, 132 Phó Giáo sư, 265 Tiến sĩ, 211 Thạc sĩ. Hơn 97% giảng viên là Tiến sĩ. Thạc sĩ (số liệu năm 2023) Giảng viên Khoa có 03 Phó Giáo sư, 18 Tiến sĩ chủ yếu tốt nghiệp từ các Trường Đại học của Mỹ, Úc, Nhật Bản, Hàn Quốc, Châu Âu và Đông Nam Á. Cơ sở vật chất chất lượng cao Hơn 164 phòng thí nghiệm, xưởng thực tập, các phòng thí nghiệm trọng điểm quốc gia và đại học quốc gia. Nhà thi đấu thể thao đa năng, sân đá banh, sân bóng rổ."
138,Cách liên hệ với trưởng bộ môn Tài nguyên Trái đất và Môi trường?,"- Trưởng bộ môn: TS. Bùi Ngọc Pha  
  - Email: buingocpha@hcmut.edu.vn","Phòng thí nghiệm Tài nguyên Trái Đất và Môi trường là nơi chuyên thực hiện các nghiên cứu và chuyển giao công nghệ liên quan đến khai thác và sử dụng tài nguyên hợp lý, tư vấn các vấn đề môi trường và phát triển bền vững, tới chế nguồn chất thải thành nguồn tài nguyên. Phòng thí nghiệm Mô phỏng là nơi chuyên nghiên cứu Mô hình hóa, mô phỏng địa cơ vỉa, và phương pháp số ứng dụng trong Công nghệ và kỹ thuật Dầu khí Mỏ và Địa chất; Nghiên cứu bản chất các đặc tính của đất đã, vía chứa, điều kiện hình thành và biến đổi của chúng ngay tại các mỏ và thí nghiệm trong phòng: Nghiên cứu áp dụng các công nghệ mới trong tìm kiếm, thăm dò và khai thác dầu khí và tài nguyên năng lượng và đúc rút kinh nghiệm đạt được. Nghiên cứu điều kiện hình thành và tích tụ dầu khí, khai thác hợp lý các mỏ và nghiên cứu áp dụng công nghệ mới xử lý các thông số, số liệu liên quan kết quả thăm dò và khai thác dầu khí và tài nguyên năng lượng."
139,Cho tôi thông tin của phó trưởng khoa Hoá,"Nhóm ngành: Hoá - Thực phẩm - Sinh học: Chuyên ngành: Công nghệ Thực phẩm; Công nghệ Sinh học; Kỹ thuật Hóa học, Công nghệ Hóa dược, Công nghệ Mỹ phẩm","Giới thiệu
Ngành Kỹ thuật Hóa học dành cho các sinh viên yêu thích làm việc trong lĩnh vực công nghiệp hóa học, CÓ SỞ thích thiết kế các quá trình hóa học trong công nghiệp, nghiên cứu và phát triển các quá trình hóa học mới, xanh hơn, sạch hơn, tiết kiệm hơn hưởng đến ngành công nghiệp hóa học bền vững, an toàn và hiệu quả. đặc biệt trong các lĩnh vực: lọc - hóa dầu, hóa dược, mỹ phẩm, vật liệu, xử lý môi trường, năng lượng, sản xuất sản phẩm hóa học, kỹ thuật phân tích, công nghệ điện hóa - chống ăn mòn....

Chương trình bao gồm các môn cốt lõi cần thiết về Kỹ thuật Hóa học và nhiều môn lựa chọn về công nghệ chuyên ngành. Đặc biệt, từ năm 2024, hai chuyên ngành đào tạo mới bao gồm công nghệ hoá dược và công nghệ mỹ phẩm sẽ được triển khai nhằm đáp ứng nhu cầu và sự quan tâm ngày càng cao của xã hội về các lĩnh vực này. Ngoài ra, chương trình được gắn kết với chương trình đào tạo thạc sỹ/tiến sỹ ngành Kỹ thuật Hóa học tại Trường Đại học Bách khoa - ĐHQG-HCM.

Sinh viên sau khi tốt nghiệp ngành Kỹ thuật hóa học sẽ trở thành những kỹ sư có tay nghề cao, có thể phát triển, thiết kế và tính toán các giải pháp kỹ thuật về quy trình công nghệ, sản phẩm mới, nghiên cứu khoa học trong các chuyên ngành khoa học và công nghệ liên quan."
140,Xin thông tin liên hệ của Trưởng bộ môn Công nghệ Sinh học thuộc Khoa Kỹ thuật Hóa học đi,"### Giới thiệu về Khoa Kỹ thuật Hóa họcKhoa Kỹ thuật Hóa học tại Trường Đại học Bách khoa - ĐHQG-HCM là một trong những khoa lớn và lâu đời, đóng góp quan trọng vào sự phát triển của ngành công nghiệp hóa học ở Việt Nam. Khoa tập trung vào việc đào tạo sinh viên về các lĩnh vực như thiết kế và tối ưu hóa quy trình hóa học, nghiên cứu và phát triển các quy trình mới, và ứng dụng công nghệ hóa học trong nhiều lĩnh vực khác nhau.#### Cơ cấu Nhân Sự- **Ban Chủ nhiệm Khoa**  - Trưởng Khoa: PGS. TS. Nguyễn Quang Long (Email: nqlong@hcmut.edu.vn)  - Phó Trưởng Khoa: PGS. TS. Trần Tấn Việt (Email: trantanviet@hcmut.edu.vn)  - Phó Trưởng Khoa: PGS. TS. Võ Đình Lệ Tâm (Email: vdlt@hcmut.edu.vn)  - Phó Trưởng Khoa: TS. Nguyễn Minh Kha (Email: nmkha@hcmut.edu.vn)- **Bộ Môn**  - Bộ môn Công nghệ Sinh học:     - Trưởng bộ môn: PGS. TS. Lê Thị Thủy Tiên (Email: ltttien@hcmut.edu.vn)  - Bộ môn Công nghệ Thực phẩm:    - Trưởng bộ môn: GS. TS. Lê Văn Việt Mẫn (Email: lvvman@hcmut.edu.vn)  - Bộ môn Kỹ thuật Hóa vô cơ:    - Trưởng bộ môn: PGS. TS. Lê Minh Viễn (Email: lmvien@hcmut.edu.vn)  - Bộ môn Kỹ thuật Hóa hữu cơ:    - Trưởng bộ môn: PGS. TS. Lê Vũ Hà (Email: lvh@hcmut.edu.vn)  - Bộ môn Kỹ thuật Chế biến Dầu khí:    - Trưởng bộ môn: TS. Phạm Hồ Mỹ Phương (Email: phmphuong@hcmut.edu.vn)  - Bộ môn Kỹ thuật Hóa lý & Phân tích:    - Trưởng bộ môn: PGS. TS. Nguyễn Trường Sơn (Email: ntson@hcmut.edu.vn)  - Bộ môn Quá trình và Thiết bị:    - Trưởng bộ môn: TS","Giới thiệu
Ngành Công nghệ Sinh học có những ứng dụng quan trọng trong nhiều lĩnh vực của đời sống xã hội: thực phẩm, nông nghiệp, y dược và môi trường. Trong những năm vừa qua, khi thế giới đang đối mặt với đại dịch Covid-19, ngành Công nghệ Sinh học đã nhấn mạnh vai trò quan trọng trong hỗ trợ tiến trình tái lập điều kiện an toàn trong tình hình mới thông qua việc phát triển kịt xét nghiệm, vaccine phòng ngừa Covid, thuốc điều trị Covid.... Sự chú tâm phát triển ngành Công nghệ Sinh học trong nước và quy mô toàn cầu đòi hỏi nguồn nhân lực vừa có trình độ kỹ thuật cao, vừa có khả năng giao tiếp tốt, đặc biệt, việc sử dụng ngoại ngữ trong giao tiếp. Nắm bắt được nhu cầu xã hội, Trường Đại học Bách khoa đào tạo ngành Công nghệ Sinh học từ năm 2001 (chương trình đại trà) và từ năm 2022 (chương trình tiếng Anh). Đến nay, với hơn 1.000 sinh viên tốt nghiệp, Trường Đại học Bách khoa đã cung cấp kỹ sư Công nghệ Sinh học làm việc trong các lĩnh vực Thực phẩm, Mỹ phẩm, Nông nghiệp, Y dược, Môi trường, Hóa chất, Thiết bị Công nghệ Sinh học.... của hầu hết các tỉnh thành phía Nam, đáp ứng đáng kể nhân sự cho các đơn vị trong và ngoài nước. Sinh viên tốt nghiệp ngành Công nghệ Sinh học Trường Đại học Bách khoa được nhà tuyển dụng đánh giá cao về kiến thức, năng lực, kỹ năng và thái độ trong các hoạt động nghiên cứu cũng như sản xuất. Bên cạnh đó, những sinh viên tiếp tục chương trình đào tạo sau đại học đã cung cấp nguồn nhân lực đáng kể cho các trường đại học, viện nghiên cứu và trung tâm nghiên cứu về Công nghệ Sinh học.

Mã ngành
Chương trình Tiêu chuẩn: 114
Chương trình Dạy và học bằng tiếng Anh: 218

Các điểm đặc biệt của ngành
Chương trình đào tạo ngành Công nghệ Sinh học được xây dựng nhằm đào tạo cán bộ chủ lực trong các đơn vị sản xuất, quản lý và nghiên cứu về Công nghệ Sinh học, đặc biệt theo hướng Công nghiệp Công nghệ Sinh học. Chương trình học được xây dựng theo 3 mức độ: đại cương, cơ sở ngành và chuyên ngành. Mức cơ sở ngành dựa trên nền tảng Sinh học, mức chuyên ngành dựa vào các kiến thức cơ sở ngành để tập trung vào các nguyên lý và phương pháp khai thác tiềm năng của tế bào sinh vật phục vụ cho con người. Các vấn đề này được thể hiện qua các nhóm môn học về Công nghệ tế bào, Công nghệ lên men, Công nghệ protein enzyme và Công nghệ gen. Từ các nguyên lý cơ sở này, sinh viên sau khi tốt nghiệp có thể triển khai trong nghiên cứu khoa học, trong quản lý và trong sản xuất công nghiệp."
141,Cho tôi email liên hệ của trưởng bộ môn Quá trình và Thiết bị ở khoa Hóa đi,"- Kỹ thuật Hóa học  
    - Kỹ thuật Hóa học - chuyên ngành Kỹ thuật Hóa dược  
    - Công nghệ Thực phẩm","Ngành Kỹ thuật Hóa học dành cho các sinh viên yêu thích làm việc trong lĩnh vực công nghiệp hóa học, CÓ SỞ thích thiết kế các quá trình hóa học trong công nghiệp, nghiên cứu và phát triển các quá trình hóa học mới, xanh hơn, sạch hơn, tiết kiệm hơn hưởng đến ngành công nghiệp hóa học bền vững, an toàn và hiệu quả. đặc biệt trong các lĩnh vực: lọc - hóa dầu, hóa dược, mỹ phẩm, vật liệu, xử lý môi trường, năng lượng, sản xuất sản phẩm hóa học, kỹ thuật phân tích, công nghệ điện hóa - chống ăn mòn....

Chương trình bao gồm các môn cốt lõi cần thiết về Kỹ thuật Hóa học và nhiều môn lựa chọn về công nghệ chuyên ngành. Đặc biệt, từ năm 2024, hai chuyên ngành đào tạo mới bao gồm công nghệ hoá dược và công nghệ mỹ phẩm sẽ được triển khai nhằm đáp ứng nhu cầu và sự quan tâm ngày càng cao của xã hội về các lĩnh vực này. Ngoài ra, chương trình được gắn kết với chương trình đào tạo thạc sỹ/tiến sỹ ngành Kỹ thuật Hóa học tại Trường Đại học Bách khoa - ĐHQG-HCM.

Sinh viên sau khi tốt nghiệp ngành Kỹ thuật hóa học sẽ trở thành những kỹ sư có tay nghề cao, có thể phát triển, thiết kế và tính toán các giải pháp kỹ thuật về quy trình công nghệ, sản phẩm mới, nghiên cứu khoa học trong các chuyên ngành khoa học và công nghệ liên quan."
142,Chương trình Tiêu chuẩn ở bậc Đại học thuộc Khoa Kỹ thuật Hóa học bao gồm những nhóm ngành và chuyên ngành nào?,"- Kỹ thuật hóa học  
  - Kỹ thuật hóa dầu và lọc dầu  
  - Công nghệ thực phẩm  
  - Công nghệ Sinh học","Giới thiệu
Ngành Kỹ thuật Hóa học dành cho các sinh viên yêu thích làm việc trong lĩnh vực công nghiệp hóa học, CÓ SỞ thích thiết kế các quá trình hóa học trong công nghiệp, nghiên cứu và phát triển các quá trình hóa học mới, xanh hơn, sạch hơn, tiết kiệm hơn hưởng đến ngành công nghiệp hóa học bền vững, an toàn và hiệu quả. đặc biệt trong các lĩnh vực: lọc - hóa dầu, hóa dược, mỹ phẩm, vật liệu, xử lý môi trường, năng lượng, sản xuất sản phẩm hóa học, kỹ thuật phân tích, công nghệ điện hóa - chống ăn mòn....

Chương trình bao gồm các môn cốt lõi cần thiết về Kỹ thuật Hóa học và nhiều môn lựa chọn về công nghệ chuyên ngành. Đặc biệt, từ năm 2024, hai chuyên ngành đào tạo mới bao gồm công nghệ hoá dược và công nghệ mỹ phẩm sẽ được triển khai nhằm đáp ứng nhu cầu và sự quan tâm ngày càng cao của xã hội về các lĩnh vực này. Ngoài ra, chương trình được gắn kết với chương trình đào tạo thạc sỹ/tiến sỹ ngành Kỹ thuật Hóa học tại Trường Đại học Bách khoa - ĐHQG-HCM.

Sinh viên sau khi tốt nghiệp ngành Kỹ thuật hóa học sẽ trở thành những kỹ sư có tay nghề cao, có thể phát triển, thiết kế và tính toán các giải pháp kỹ thuật về quy trình công nghệ, sản phẩm mới, nghiên cứu khoa học trong các chuyên ngành khoa học và công nghệ liên quan."
143,Cho tui thông tin về ngành học và chuyên ngành của khoa Hóa đi,"Biolab 2: PTN Hóa sinh
Biolab 3: PTN Vi sinh","Giới thiệu
Ngành Kỹ thuật Hóa học dành cho các sinh viên yêu thích làm việc trong lĩnh vực công nghiệp hóa học, CÓ SỞ thích thiết kế các quá trình hóa học trong công nghiệp, nghiên cứu và phát triển các quá trình hóa học mới, xanh hơn, sạch hơn, tiết kiệm hơn hưởng đến ngành công nghiệp hóa học bền vững, an toàn và hiệu quả. đặc biệt trong các lĩnh vực: lọc - hóa dầu, hóa dược, mỹ phẩm, vật liệu, xử lý môi trường, năng lượng, sản xuất sản phẩm hóa học, kỹ thuật phân tích, công nghệ điện hóa - chống ăn mòn....

Chương trình bao gồm các môn cốt lõi cần thiết về Kỹ thuật Hóa học và nhiều môn lựa chọn về công nghệ chuyên ngành. Đặc biệt, từ năm 2024, hai chuyên ngành đào tạo mới bao gồm công nghệ hoá dược và công nghệ mỹ phẩm sẽ được triển khai nhằm đáp ứng nhu cầu và sự quan tâm ngày càng cao của xã hội về các lĩnh vực này. Ngoài ra, chương trình được gắn kết với chương trình đào tạo thạc sỹ/tiến sỹ ngành Kỹ thuật Hóa học tại Trường Đại học Bách khoa - ĐHQG-HCM.

Sinh viên sau khi tốt nghiệp ngành Kỹ thuật hóa học sẽ trở thành những kỹ sư có tay nghề cao, có thể phát triển, thiết kế và tính toán các giải pháp kỹ thuật về quy trình công nghệ, sản phẩm mới, nghiên cứu khoa học trong các chuyên ngành khoa học và công nghệ liên quan.

Mã ngành
Chương trình Tiêu chuẩn: 114
Chương trình Dạy và học bằng tiếng Anh: 214

Các điểm đặc biệt của ngành
1. Về nội dung chương trình: Chương trình cung cấp kiến thức nền tảng vững chắc về Kỹ thuật Hóa học giúp sinh viên:
- Dễ dàng tiếp thu các kiến thức chuyên sâu (được dạy trong chương trình) như: lọc hóa dầu, hóa dược, công nghệ hóa hữu cơ, công nghệ hóa vô cơ, công nghệ điện hóa - chống ăn mòn....
- Dễ dàng tiếp cận các kiến thức về các lĩnh vực liên quan khác như: công nghệ thực phẩm, công nghệ sinh học, công nghệ vật liệu, công nghệ môi trường....."
144,Chương trình Chuyển tiếp Quốc tế của khoa Hoá bao gồm những ngành học nào,"Hệ thống phòng thí nghiệm Công nghệ Thực phẩm tại Trường ĐH Bách khoa với diện tích hơn 1000m2 và có 5 module: (1) Phân tích những thành phần dinh dưỡng, độc tố và tính chất hóa lý của thực phẩm (205m2): (i) Phân tích vi sinh vật (120m2); (ii) Đánh giá cảm quan (120m2): (iv) Nghiên cứu phát triển những quy trình công nghệ mới để làm tăng chất lượng thực phẩm và giảm tổn thất sản xuất (320m2): (v) Nghiên cứu phát triển thực phẩm mới như thực phẩm phòng/ trị bệnh, thực phẩm không sử dụng phụ gia tổng hợp (300m2).","Hệ thống phòng thí nghiệm Công nghệ Thực phẩm tại Trường ĐH Bách khoa với diện tích hơn 1000m2 và có 5 module: (1) Phân tích những thành phần dinh dưỡng, độc tố và tính chất hóa lý của thực phẩm (205m2): (i) Phân tích vi sinh vật (120m2); (ii) Đánh giá cảm quan (120m2): (iv) Nghiên cứu phát triển những quy trình công nghệ mới để làm tăng chất lượng thực phẩm và giảm tổn thất sản xuất (320m2): (v) Nghiên cứu phát triển thực phẩm mới như thực phẩm phòng/ trị bệnh, thực phẩm không sử dụng phụ gia tổng hợp (300m2)."
145,Khoa Kỹ thuật Hóa học hiện đào tạo những ngành nào ở bậc Thạc sĩ,"Ít nhất nên có:
- PTN Hóa học và Hóa sinh thực phẩm
- PTN Hóa lý  
- PTN Hóa phân tích  
- PTN Xúc tác  
- PTN Điện hóa","Ngành Kỹ thuật Hóa học dành cho các sinh viên yêu thích làm việc trong lĩnh vực công nghiệp hóa học, CÓ SỞ thích thiết kế các quá trình hóa học trong công nghiệp, nghiên cứu và phát triển các quá trình hóa học mới, xanh hơn, sạch hơn, tiết kiệm hơn hưởng đến ngành công nghiệp hóa học bền vững, an toàn và hiệu quả. đặc biệt trong các lĩnh vực: lọc - hóa dầu, hóa dược, mỹ phẩm, vật liệu, xử lý môi trường, năng lượng, sản xuất sản phẩm hóa học, kỹ thuật phân tích, công nghệ điện hóa - chống ăn mòn....

Chương trình bao gồm các môn cốt lõi cần thiết về Kỹ thuật Hóa học và nhiều môn lựa chọn về công nghệ chuyên ngành. Đặc biệt, từ năm 2024, hai chuyên ngành đào tạo mới bao gồm công nghệ hoá dược và công nghệ mỹ phẩm sẽ được triển khai nhằm đáp ứng nhu cầu và sự quan tâm ngày càng cao của xã hội về các lĩnh vực này. Ngoài ra, chương trình được gắn kết với chương trình đào tạo thạc sỹ/tiến sỹ ngành Kỹ thuật Hóa học tại Trường Đại học Bách khoa - ĐHQG-HCM.

Sinh viên sau khi tốt nghiệp ngành Kỹ thuật hóa học sẽ trở thành những kỹ sư có tay nghề cao, có thể phát triển, thiết kế và tính toán các giải pháp kỹ thuật về quy trình công nghệ, sản phẩm mới, nghiên cứu khoa học trong các chuyên ngành khoa học và công nghệ liên quan."
146,Biolab 2 và Biolab 3 là những phòng thí nghiệm nghiên cứu về lĩnh vực gì vậy,"Biolab 1: PTN Sinh học phân tử  
- Biolab 2: PTN Hoá sinh  
- Biolab 3: PTN Vi sinh  
- Biolab 4: PTN Tế bào thực vật  
- Biolab 5: PTN Tế bào động vật","Giới thiệu
Ngành Công nghệ Sinh học có những ứng dụng quan trọng trong nhiều lĩnh vực của đời sống xã hội: thực phẩm, nông nghiệp, y dược và môi trường. Trong những năm vừa qua, khi thế giới đang đối mặt với đại dịch Covid-19, ngành Công nghệ Sinh học đã nhấn mạnh vai trò quan trọng trong hỗ trợ tiến trình tái lập điều kiện an toàn trong tình hình mới thông qua việc phát triển kịt xét nghiệm, vaccine phòng ngừa Covid, thuốc điều trị Covid.... Sự chú tâm phát triển ngành Công nghệ Sinh học trong nước và quy mô toàn cầu đòi hỏi nguồn nhân lực vừa có trình độ kỹ thuật cao, vừa có khả năng giao tiếp tốt, đặc biệt, việc sử dụng ngoại ngữ trong giao tiếp. Nắm bắt được nhu cầu xã hội, Trường Đại học Bách khoa đào tạo ngành Công nghệ Sinh học từ năm 2001 (chương trình đại trà) và từ năm 2022 (chương trình tiếng Anh). Đến nay, với hơn 1.000 sinh viên tốt nghiệp, Trường Đại học Bách khoa đã cung cấp kỹ sư Công nghệ Sinh học làm việc trong các lĩnh vực Thực phẩm, Mỹ phẩm, Nông nghiệp, Y dược, Môi trường, Hóa chất, Thiết bị Công nghệ Sinh học.... của hầu hết các tỉnh thành phía Nam, đáp ứng đáng kể nhân sự cho các đơn vị trong và ngoài nước. Sinh viên tốt nghiệp ngành Công nghệ Sinh học Trường Đại học Bách khoa được nhà tuyển dụng đánh giá cao về kiến thức, năng lực, kỹ năng và thái độ trong các hoạt động nghiên cứu cũng như sản xuất. Bên cạnh đó, những sinh viên tiếp tục chương trình đào tạo sau đại học đã cung cấp nguồn nhân lực đáng kể cho các trường đại học, viện nghiên cứu và trung tâm nghiên cứu về Công nghệ Sinh học.

Mã ngành
Chương trình Tiêu chuẩn: 114
Chương trình Dạy và học bằng tiếng Anh: 218

Các điểm đặc biệt của ngành
Chương trình đào tạo ngành Công nghệ Sinh học được xây dựng nhằm đào tạo cán bộ chủ lực trong các đơn vị sản xuất, quản lý và nghiên cứu về Công nghệ Sinh học, đặc biệt theo hướng Công nghiệp Công nghệ Sinh học. Chương trình học được xây dựng theo 3 mức độ: đại cương, cơ sở ngành và chuyên ngành. Mức cơ sở ngành dựa trên nền tảng Sinh học, mức chuyên ngành dựa vào các kiến thức cơ sở ngành để tập trung vào các nguyên lý và phương pháp khai thác tiềm năng của tế bào sinh vật phục vụ cho con người. Các vấn đề này được thể hiện qua các nhóm môn học về Công nghệ tế bào, Công nghệ lên men, Công nghệ protein enzyme và Công nghệ gen. Từ các nguyên lý cơ sở này, sinh viên sau khi tốt nghiệp có thể triển khai trong nghiên cứu khoa học, trong quản lý và trong sản xuất công nghiệp."
147,Khoa có những phòng thí nghiệm nào chuyên về Công nghệ thực phẩm?,"18 Phòng thí nghiệm:
- Biolab 1: PTN Sinh học phân tử  
- Biolab 2: PTN Hoá sinh  
- Biolab 3: PTN Vi sinh  
- Biolab 4: PTN Tế bào thực vật  
- Biolab 5: PTN Tế bào động vật  
- PTN Hóa học và Hóa sinh thực phẩm  
- PTN Vi sinh thực phẩm  
- PTN Phân tích cảm quan  
- PTN Phân tích thực phẩm  
- PTN Công nghệ thực phẩm 1  
- PTN Công nghệ thực phẩm 2  
- PTN Công nghệ thực phẩm 3  
- PTN Hóa lý  
- PTN Hóa phân tích  
- PTN Xúc tác  
- PTN Điện hóa  
- PTN Điều khiển quá trình  
- PTN Quá trình Thiết bị","Ngành Công nghệ Thực phẩm dành cho những người học yêu thích hoặc đam mê về công nghệ sản xuất thực phẩm ở quy mô công nghiệp. Chương trình đào tạo bao gồm các môn học cốt lõi về khoa học thực phẩm, dinh dưỡng, kỹ thuật thực phẩm, công nghệ chế biến, đánh giá chất lượng thực phẩm, quản trị sản xuất và chất lượng thực phẩm.

Người học sẽ được đào tạo để trở thành những kỹ sư có chuyên môn và kỹ năng vững vàng, có khả năng tự học và thích nghi tốt để hội nhập với xu hướng phát triển của ngành Công nghệ Thực phẩm trong tương lai. Tiếp nối thế hệ đi trước, thế hệ trẻ ngày nay cần tiếp tục xây dựng nhiều hơn nữa các thương hiệu thực phẩm chế biến công nghiệp ""Made in Vietnam"" để xuất khẩu, từ đó giúp cho ngành Công nghiệp thực phẩm của nước ta phát triển bền vững và sánh vai với các nước phát triển trong khu vực Đông Nam Á và châu Á.

Mã ngành
Chương trình Tiêu chuẩn: 114
Chương trình Dạy và học bằng tiếng Anh: 219

Các điểm đặc biệt của ngành
Năm 1976, Trường ĐH Bách khoa là cơ sở đào tạo đầu tiên ở phía Nam nước ta xây dựng và vận hành chương trình đại học ngành Công nghệ Thực phẩm. Từ năm 2020, chương trình đào tạo ngành Công nghệ Thực phẩm của Trường ĐH Bách khoa - ĐHQG-HCM là chương trình đại học đầu tiên của Việt Nam đạt chuẩn kiểm định IFT (Hoa kỳ). Từ năm 2022 đến nay, đây cũng là chương trình đầu tiên và duy nhất ở nước ta đạt chuẩn kiểm định ASIIN (CHLB Đức)."
148,"Ngoài các phòng liên quan đến thực phẩm, khoa còn có những phòng thí nghiệm nào liên quan đến lĩnh vực hóa học ứng dụng?","7 bộ môn: Công nghệ Sinh học, Công nghệ thực phẩm, Kỹ thuật hóa vô cơ, Kỹ thuật hóa hữu cơ, Kỹ thuật chế biến Dầu khí, Kỹ thuật Hóa lý & Phân tích, Quá trình và Thiết bị","Ngành Kỹ thuật Hóa học dành cho các sinh viên yêu thích làm việc trong lĩnh vực công nghiệp hóa học, CÓ SỞ thích thiết kế các quá trình hóa học trong công nghiệp, nghiên cứu và phát triển các quá trình hóa học mới, xanh hơn, sạch hơn, tiết kiệm hơn hưởng đến ngành công nghiệp hóa học bền vững, an toàn và hiệu quả. đặc biệt trong các lĩnh vực: lọc - hóa dầu, hóa dược, mỹ phẩm, vật liệu, xử lý môi trường, năng lượng, sản xuất sản phẩm hóa học, kỹ thuật phân tích, công nghệ điện hóa - chống ăn mòn....

Chương trình bao gồm các môn cốt lõi cần thiết về Kỹ thuật Hóa học và nhiều môn lựa chọn về công nghệ chuyên ngành. Đặc biệt, từ năm 2024, hai chuyên ngành đào tạo mới bao gồm công nghệ hoá dược và công nghệ mỹ phẩm sẽ được triển khai nhằm đáp ứng nhu cầu và sự quan tâm ngày càng cao của xã hội về các lĩnh vực này. Ngoài ra, chương trình được gắn kết với chương trình đào tạo thạc sỹ/tiến sỹ ngành Kỹ thuật Hóa học tại Trường Đại học Bách khoa - ĐHQG-HCM.

Sinh viên sau khi tốt nghiệp ngành Kỹ thuật hóa học sẽ trở thành những kỹ sư có tay nghề cao, có thể phát triển, thiết kế và tính toán các giải pháp kỹ thuật về quy trình công nghệ, sản phẩm mới, nghiên cứu khoa học trong các chuyên ngành khoa học và công nghệ liên quan."
149,Có bao nhiêu Biolab?,"- Trưởng khoa: PGS. TS. Nguyễn Quang Long (Email: nqlong@hcmut.edu.vn)  
- Phó Trưởng khoa: PGS. TS. Trần Tấn Việt (Email: trantanviet@hcmut.edu.vn)  
- Phó Trưởng khoa: PGS. TS. Võ Đình Lệ Tâm (Email: vdlt@hcmut.edu.vn)  
- Phó Trưởng khoa: TS. Nguyễn Minh Kha (Email: nmkha@hcmut.edu.vn)  
* **Bộ môn**  
- Bộ môn Công nghệ Sinh học:   
  - Trưởng bộ môn: PGS. TS. Lê Thị Thủy Tiên  
  - Email: ltttien@hcmut.edu.vn  
- Bộ môn Công nghệ Thực phẩm:  
  - Trưởng bộ môn: GS. TS. Lê Văn Việt Mẫn  
  - Email: lvvman@hcmut.edu.vn  
- Bộ môn Kỹ thuật Hóa vô cơ:   
  - Trưởng bộ môn: PGS. TS. Lê Minh Viễn  
  - Email: lmvien@hcmut.edu.vn  
  - Bộ môn Kỹ thuật Hóa Hữu cơ:   
  - Trưởng bộ môn: PGS. TS. Lê Vũ Hà  
  - Email: lvh@hcmut.edu.vn  
  - Bộ môn Kỹ thuật Chế biến Dầu khí:  
  - Trưởng bộ môn: TS. Phạm Hồ Mỹ Phương  
  - Email: phmphuong@hcmut.edu.vn  
  - Bộ môn Kỹ thuật Hóa lý & Phân tích:   
  - Trưởng bộ môn: PGS. TS. Nguyễn Trường Sơn  
  - Email: ntson@hcmut.edu.vn  
- Bộ môn Quá trình và Thiết bị:   
  - Trưởng bộ môn: TS. Bùi Ngọc Pha  
  - Email: buingocpha@hcmut.edu.vn","Ngành Công nghệ Sinh học có những ứng dụng quan trọng trong nhiều lĩnh vực của đời sống xã hội: thực phẩm, nông nghiệp, y dược và môi trường. Trong những năm vừa qua, khi thế giới đang đối mặt với đại dịch Covid-19, ngành Công nghệ Sinh học đã nhấn mạnh vai trò quan trọng trong hỗ trợ tiến trình tái lập điều kiện an toàn trong tình hình mới thông qua việc phát triển kịt xét nghiệm, vaccine phòng ngừa Covid, thuốc điều trị Covid.... Sự chú tâm phát triển ngành Công nghệ Sinh học trong nước và quy mô toàn cầu đòi hỏi nguồn nhân lực vừa có trình độ kỹ thuật cao, vừa có khả năng giao tiếp tốt, đặc biệt, việc sử dụng ngoại ngữ trong giao tiếp. Nắm bắt được nhu cầu xã hội, Trường Đại học Bách khoa đào tạo ngành Công nghệ Sinh học từ năm 2001 (chương trình đại trà) và từ năm 2022 (chương trình tiếng Anh). Đến nay, với hơn 1.000 sinh viên tốt nghiệp, Trường Đại học Bách khoa đã cung cấp kỹ sư Công nghệ Sinh học làm việc trong các lĩnh vực Thực phẩm, Mỹ phẩm, Nông nghiệp, Y dược, Môi trường, Hóa chất, Thiết bị Công nghệ Sinh học.... của hầu hết các tỉnh thành phía Nam, đáp ứng đáng kể nhân sự cho các đơn vị trong và ngoài nước. Sinh viên tốt nghiệp ngành Công nghệ Sinh học Trường Đại học Bách khoa được nhà tuyển dụng đánh giá cao về kiến thức, năng lực, kỹ năng và thái độ trong các hoạt động nghiên cứu cũng như sản xuất. Bên cạnh đó, những sinh viên tiếp tục chương trình đào tạo sau đại học đã cung cấp nguồn nhân lực đáng kể cho các trường đại học, viện nghiên cứu và trung tâm nghiên cứu về Công nghệ Sinh học."
150,Có tổng cộng bao nhiêu xưởng và phòng thí nghiệm cho khoa Hóa vậy?,"Có, mã ngành 313 Kỹ thuật Hóa học - chuyên ngành Kỹ thuật Hóa dược","Giới thiệu
Ngành Kỹ thuật Hóa học dành cho các sinh viên yêu thích làm việc trong lĩnh vực công nghiệp hóa học, CÓ SỞ thích thiết kế các quá trình hóa học trong công nghiệp, nghiên cứu và phát triển các quá trình hóa học mới, xanh hơn, sạch hơn, tiết kiệm hơn hưởng đến ngành công nghiệp hóa học bền vững, an toàn và hiệu quả. đặc biệt trong các lĩnh vực: lọc - hóa dầu, hóa dược, mỹ phẩm, vật liệu, xử lý môi trường, năng lượng, sản xuất sản phẩm hóa học, kỹ thuật phân tích, công nghệ điện hóa - chống ăn mòn....

Chương trình bao gồm các môn cốt lõi cần thiết về Kỹ thuật Hóa học và nhiều môn lựa chọn về công nghệ chuyên ngành. Đặc biệt, từ năm 2024, hai chuyên ngành đào tạo mới bao gồm công nghệ hoá dược và công nghệ mỹ phẩm sẽ được triển khai nhằm đáp ứng nhu cầu và sự quan tâm ngày càng cao của xã hội về các lĩnh vực này. Ngoài ra, chương trình được gắn kết với chương trình đào tạo thạc sỹ/tiến sỹ ngành Kỹ thuật Hóa học tại Trường Đại học Bách khoa - ĐHQG-HCM.

Sinh viên sau khi tốt nghiệp ngành Kỹ thuật hóa học sẽ trở thành những kỹ sư có tay nghề cao, có thể phát triển, thiết kế và tính toán các giải pháp kỹ thuật về quy trình công nghệ, sản phẩm mới, nghiên cứu khoa học trong các chuyên ngành khoa học và công nghệ liên quan.

Mã ngành
Chương trình Tiêu chuẩn: 114
Chương trình Dạy và học bằng tiếng Anh: 214

Các điểm đặc biệt của ngành
1. Về nội dung chương trình: Chương trình cung cấp kiến thức nền tảng vững chắc về Kỹ thuật Hóa học giúp sinh viên:
- Dễ dàng tiếp thu các kiến thức chuyên sâu (được dạy trong chương trình) như: lọc hóa dầu, hóa dược, công nghệ hóa hữu cơ, công nghệ hóa vô cơ, công nghệ điện hóa - chống ăn mòn....
- Dễ dàng tiếp cận các kiến thức về các lĩnh vực liên quan khác như: công nghệ thực phẩm, công nghệ sinh học, công nghệ vật liệu, công nghệ môi trường.....
2. Chương trình kỹ sư tài năng: là chương trình đặc biệt dành cho các sinh viên giỏi được tuyển chọn từ cuối năm thứ nhất với các hỗ trợ từ nhà trường.
3. Về đội ngũ giảng viên: Khoa Kỹ thuật Hóa học hiện có 67 giảng viên có bằng Tiến sĩ và đa số được đào tạo ở nước ngoài, trong đó có 30 Giáo sư và Phó Giáo sư."
151,Trong cơ cấu nhân sự của khoa Hóa có bao nhiêu bộ môn?,"- Trưởng khoa: PGS. TS. Lê Anh Tuấn (Email: [latuan@hcmut.edu.vn](mailto:latuan@hcmut.edu.vn))  
- Phó Trưởng khoa: PGS. TS. Lương Văn Hải (Email: lvhai@hcmut.edu.vn)  
- Phó Trưởng khoa: TS. Lưu Xuân Lộc (Email: lxloc@hcmut.edu.vn)  
- Phó Trưởng khoa: TS. Lê Hoài Long (Email: lehoailong@hcmut.edu.vn)","Ngành Kỹ thuật Hóa học dành cho các sinh viên yêu thích làm việc trong lĩnh vực công nghiệp hóa học, CÓ SỞ thích thiết kế các quá trình hóa học trong công nghiệp, nghiên cứu và phát triển các quá trình hóa học mới, xanh hơn, sạch hơn, tiết kiệm hơn hưởng đến ngành công nghiệp hóa học bền vững, an toàn và hiệu quả. đặc biệt trong các lĩnh vực: lọc - hóa dầu, hóa dược, mỹ phẩm, vật liệu, xử lý môi trường, năng lượng, sản xuất sản phẩm hóa học, kỹ thuật phân tích, công nghệ điện hóa - chống ăn mòn....

Chương trình bao gồm các môn cốt lõi cần thiết về Kỹ thuật Hóa học và nhiều môn lựa chọn về công nghệ chuyên ngành. Đặc biệt, từ năm 2024, hai chuyên ngành đào tạo mới bao gồm công nghệ hoá dược và công nghệ mỹ phẩm sẽ được triển khai nhằm đáp ứng nhu cầu và sự quan tâm ngày càng cao của xã hội về các lĩnh vực này. Ngoài ra, chương trình được gắn kết với chương trình đào tạo thạc sỹ/tiến sỹ ngành Kỹ thuật Hóa học tại Trường Đại học Bách khoa - ĐHQG-HCM.

Sinh viên sau khi tốt nghiệp ngành Kỹ thuật hóa học sẽ trở thành những kỹ sư có tay nghề cao, có thể phát triển, thiết kế và tính toán các giải pháp kỹ thuật về quy trình công nghệ, sản phẩm mới, nghiên cứu khoa học trong các chuyên ngành khoa học và công nghệ liên quan."
152,"Tui đang làm nghiên cứu trong mãng công nghệ sinh học , cho tui xin thông tin về 1 số thầy cô khoa Hoá để tui có thể liên lạc được không?","**Ban Chủ nhiệm Khoa**  
- Trưởng khoa: PGS. TS. Lê Anh Tuấn (Email: [latuan@hcmut.edu.vn](mailto:latuan@hcmut.edu.vn))  
- Phó Trưởng khoa: PGS. TS. Lương Văn Hải (Email: lvhai@hcmut.edu.vn)  
- Phó Trưởng khoa: TS. Lưu Xuân Lộc (Email: lxloc@hcmut.edu.vn)  
- Phó Trưởng khoa: TS. Lê Hoài Long (Email: lehoailong@hcmut.edu.vn)  
...","Giới thiệu
Ngành Kỹ thuật Hóa học dành cho các sinh viên yêu thích làm việc trong lĩnh vực công nghiệp hóa học, CÓ SỞ thích thiết kế các quá trình hóa học trong công nghiệp, nghiên cứu và phát triển các quá trình hóa học mới, xanh hơn, sạch hơn, tiết kiệm hơn hưởng đến ngành công nghiệp hóa học bền vững, an toàn và hiệu quả. đặc biệt trong các lĩnh vực: lọc - hóa dầu, hóa dược, mỹ phẩm, vật liệu, xử lý môi trường, năng lượng, sản xuất sản phẩm hóa học, kỹ thuật phân tích, công nghệ điện hóa - chống ăn mòn....

Chương trình bao gồm các môn cốt lõi cần thiết về Kỹ thuật Hóa học và nhiều môn lựa chọn về công nghệ chuyên ngành. Đặc biệt, từ năm 2024, hai chuyên ngành đào tạo mới bao gồm công nghệ hoá dược và công nghệ mỹ phẩm sẽ được triển khai nhằm đáp ứng nhu cầu và sự quan tâm ngày càng cao của xã hội về các lĩnh vực này. Ngoài ra, chương trình được gắn kết với chương trình đào tạo thạc sỹ/tiến sỹ ngành Kỹ thuật Hóa học tại Trường Đại học Bách khoa - ĐHQG-HCM.

Sinh viên sau khi tốt nghiệp ngành Kỹ thuật hóa học sẽ trở thành những kỹ sư có tay nghề cao, có thể phát triển, thiết kế và tính toán các giải pháp kỹ thuật về quy trình công nghệ, sản phẩm mới, nghiên cứu khoa học trong các chuyên ngành khoa học và công nghệ liên quan.

Mã ngành
Chương trình Tiêu chuẩn: 114
Chương trình Dạy và học bằng tiếng Anh: 214

Các điểm đặc biệt của ngành
1. Về nội dung chương trình: Chương trình cung cấp kiến thức nền tảng vững chắc về Kỹ thuật Hóa học giúp sinh viên:
- Dễ dàng tiếp thu các kiến thức chuyên sâu (được dạy trong chương trình) như: lọc hóa dầu, hóa dược, công nghệ hóa hữu cơ, công nghệ hóa vô cơ, công nghệ điện hóa - chống ăn mòn....
- Dễ dàng tiếp cận các kiến thức về các lĩnh vực liên quan khác như: công nghệ thực phẩm, công nghệ sinh học, công nghệ vật liệu, công nghệ môi trường.....
2. Chương trình kỹ sư tài năng: là chương trình đặc biệt dành cho các sinh viên giỏi được tuyển chọn từ cuối năm thứ nhất với các hỗ trợ từ nhà trường.
3. Về đội ngũ giảng viên: Khoa Kỹ thuật Hóa học hiện có 67 giảng viên có bằng Tiến sĩ và đa số được đào tạo ở nước ngoài, trong đó có 30 Giáo sư và Phó Giáo sư.
4. Hỗ trợ sinh viên: với hệ thống quản lý tiến độ học tập online, hệ thống hỗ trợ học tập - giảng dạy online, hệ thống giáo viên chủ nhiệm tư vấn sinh viên....
5. Về lực lượng cựu sinh viên: Kỹ sư Hóa học tốt nghiệp Trường Đại học Bách khoa từ năm 1968 đến nay đang công tác tại các công ty, tổ chức luôn đồng hành và là chỗ dựa vững chắc cho các thế hệ Kỹ sư Hóa học tiếp theo của Trường Đại học Bách khoa."
153,"Khoa hoá có chương trình 2 + 2 không, tui muốn đi du học Úc ở năm 3,4",latuan@hcmut.edu.vn,"Ngành Kỹ thuật Hóa học dành cho các sinh viên yêu thích làm việc trong lĩnh vực công nghiệp hóa học, CÓ SỞ thích thiết kế các quá trình hóa học trong công nghiệp, nghiên cứu và phát triển các quá trình hóa học mới, xanh hơn, sạch hơn, tiết kiệm hơn hưởng đến ngành công nghiệp hóa học bền vững, an toàn và hiệu quả. đặc biệt trong các lĩnh vực: lọc - hóa dầu, hóa dược, mỹ phẩm, vật liệu, xử lý môi trường, năng lượng, sản xuất sản phẩm hóa học, kỹ thuật phân tích, công nghệ điện hóa - chống ăn mòn....

Chương trình bao gồm các môn cốt lõi cần thiết về Kỹ thuật Hóa học và nhiều môn lựa chọn về công nghệ chuyên ngành. Đặc biệt, từ năm 2024, hai chuyên ngành đào tạo mới bao gồm công nghệ hoá dược và công nghệ mỹ phẩm sẽ được triển khai nhằm đáp ứng nhu cầu và sự quan tâm ngày càng cao của xã hội về các lĩnh vực này. Ngoài ra, chương trình được gắn kết với chương trình đào tạo thạc sỹ/tiến sỹ ngành Kỹ thuật Hóa học tại Trường Đại học Bách khoa - ĐHQG-HCM.

Sinh viên sau khi tốt nghiệp ngành Kỹ thuật hóa học sẽ trở thành những kỹ sư có tay nghề cao, có thể phát triển, thiết kế và tính toán các giải pháp kỹ thuật về quy trình công nghệ, sản phẩm mới, nghiên cứu khoa học trong các chuyên ngành khoa học và công nghệ liên quan.

Mã ngành
Chương trình Tiêu chuẩn: 114
Chương trình Dạy và học bằng tiếng Anh: 214

Các điểm đặc biệt của ngành
1. Về nội dung chương trình: Chương trình cung cấp kiến thức nền tảng vững chắc về Kỹ thuật Hóa học giúp sinh viên:
- Dễ dàng tiếp thu các kiến thức chuyên sâu (được dạy trong chương trình) như: lọc hóa dầu, hóa dược, công nghệ hóa hữu cơ, công nghệ hóa vô cơ, công nghệ điện hóa - chống ăn mòn....
- Dễ dàng tiếp cận các kiến thức về các lĩnh vực liên quan khác như: công nghệ thực phẩm, công nghệ sinh học, công nghệ vật liệu, công nghệ môi trường.....
2. Chương trình kỹ sư tài năng: là chương trình đặc biệt dành cho các sinh viên giỏi được tuyển chọn từ cuối năm thứ nhất với các hỗ trợ từ nhà trường.
3. Về đội ngũ giảng viên: Khoa Kỹ thuật Hóa học hiện có 67 giảng viên có bằng Tiến sĩ và đa số được đào tạo ở nước ngoài, trong đó có 30 Giáo sư và Phó Giáo sư.
4. Hỗ trợ sinh viên: với hệ thống quản lý tiến độ học tập online, hệ thống hỗ trợ học tập - giảng dạy online, hệ thống giáo viên chủ nhiệm tư vấn sinh viên....
5. Về lực lượng cựu sinh viên: Kỹ sư Hóa học tốt nghiệp Trường Đại học Bách khoa từ năm 1968 đến nay đang công tác tại các công ty, tổ chức luôn đồng hành và là chỗ dựa vững chắc cho các thế hệ Kỹ sư Hóa học tiếp theo của Trường Đại học Bách khoa."
154,Ban chủ nhiệm khoa kỹ thuật xây dựng gồm những ai z,"- Xây dựng và Quản lý Dự án Xây dựng: Chuyên ngành: Kỹ thuật Xây dựng, Quản lý Dự án Xây dựng; Kỹ thuật Xây dựng Công trình Giao thông; Kỹ thuật Xây dựng Công trình Thủy; Kỹ thuật Xây dựng Công trình Biển; Kỹ thuật Cơ sở Hạ tầng; Kỹ thuật Trắc địa \- Bản đồ; Công nghệ Kỹ thuật Vật liệu Xây dựng  
    - Kiến trúc: Chuyên ngành: Kiến trúc, Kiến trúc Cảnh quan  
    - Kinh tế xây dựng","Ngành Kỹ thuật Xây dựng thuộc nhóm ngành Xây dựng với chương trình đào tạo cử nhân xây dựng có năng lực chuyên môn từ cơ bản đến chuyên sâu về ngành Xây dựng, có phẩm chất chính trị, đạo đức và sức khỏe tốt, đáp ứng nhu cầu lao động có trình độ kỹ thuật cao của đất nước. Sinh viên ngành Kỹ thuật Xây dựng có thể vận dụng sáng tạo và hiệu quả vào quá trình phân tích tình hình thiết kế thực tế, đề xuất các giải pháp kết cấu, công nghệ và giải quyết những vấn đề kỹ thuật trong hoạt động thực tiễn. Bên cạnh các kiến thức chuyên môn, sinh viên còn được trang bị các kỹ năng mềm khác trong quá trình học để đáp ứng nhu cầu công việc hiện tại, giải quyết những vấn đề trong xây dựng công trình giao thông hay hệ thống giao thông (kẹt xe, hệ thống giao thông thông minh, tổ chức giao thông trong các khu đô thị mới,...). Chuyên môn ngành được đảm bảo từ 12 giảng viên cơ hữu gồm 05 phó giáo sư, 05 tiến sĩ, 02 thạc sĩ đều được đào tạo sau đại học từ nước ngoài kết hợp với các cựu sinh viên đang làm việc trong doanh nghiệp, cơ quan nhà nước."
155,Cách liên lạc với các giảng viên của khoa kỹ thuật xây dựng,Cụ thể ngành nào? So với chương trình nào?,"Liên hệ
Tòa 111 B6, Trường Đại học Bách khoa - ĐHQG-HCM, 268 Lý Thường Kiệt, Phường 14, Quận 10, TP. Hồ Chí Minh
028 38650714
facebook.com/lxd.dhbk
fce.hcmut.edu.vn
vlxd-bk@hcmut.edu.vn"
156,Email của trưởng khoa ktxd là gì v,Khoa nào?,"Cơ sở vật chất chất lượng cao Phòng thí nghiệm Vật liệu Xây dựng nằm trong tòa nhà B6, Bộ môn Vật liệu Xây dựng, Khoa Kỹ thuật Xây dựng. Với tổng diện tích là 430 m², phòng thí nghiệm được trang bị các máy móc, thiết bị và dụng cụ thí nghiệm phù hợp theo tiêu chuẩn Việt Nam cũng như các tiêu chuẩn quốc tế khác nhằm phục vụ cho công tác đào tạo đại học và sau đại học và nghiên cứu khoa học. Phòng thí nghiệm luôn tạo điều kiện cho người học tìm hiểu và thực hành các thí nghiệm theo các tiêu chuẩn cũng như tiếp cận các kỹ thuật và công nghệ mới trong nước và trên thế giới trong lĩnh vực vật liệu công trình xây dựng."
157,Chương trình tiêu chuẩn của ktxd gồm những ngành và chuyên ngành nào,"- Kỹ thuật  Xây dựng  
  - Kỹ thuật Xây dựng công trình giao thông  
  - Quản lý xây dựng  
  - Kỹ thuật  Xây dựng công trình ngầm  
  - Kỹ thuật Tài nguyên nước  
  - Kỹ thuật Xây dựng công trình Thủy  
  - Kỹ thuật Trắc địa – Bản đồ  
  - Bản đồ \- Viễn Thám \- GIS  
  - Kỹ thuật công trình biển  
  - Địa kỹ thuật Xây dựng","Giới thiệu

Ngành Kỹ thuật Xây dựng thuộc nhóm ngành Xây dựng với chương trình đào tạo cử nhân xây dựng có năng lực chuyên môn từ cơ bản đến chuyên sâu về ngành Xây dựng, có phẩm chất chính trị, đạo đức và sức khỏe tốt, đáp ứng nhu cầu lao động có trình độ kỹ thuật cao của đất nước. Sinh viên ngành Kỹ thuật Xây dựng có thể vận dụng sáng tạo và hiệu quả vào quá trình phân tích tình hình thiết kế thực tế, đề xuất các giải pháp kết cấu, công nghệ và giải quyết những vấn đề kỹ thuật trong hoạt động thực tiễn. Bên cạnh các kiến thức chuyên môn, sinh viên còn được trang bị các kỹ năng mềm khác trong quá trình học để đáp ứng nhu cầu công việc hiện tại, giải quyết những vấn đề trong xây dựng công trình giao thông hay hệ thống giao thông (kẹt xe, hệ thống giao thông thông minh, tổ chức giao thông trong các khu đô thị mới,...). Chuyên môn ngành được đảm bảo từ 12 giảng viên cơ hữu gồm 05 phó giáo sư, 05 tiến sĩ, 02 thạc sĩ đều được đào tạo sau đại học từ nước ngoài kết hợp với các cựu sinh viên đang làm việc trong doanh nghiệp, cơ quan nhà nước.

Mã ngành Chương trình Tiêu chuẩn: 115 Chương trình Dạy và học bằng tiếng Anh: 215

Các điểm đặc biệt của ngành Chương trình đào tạo cử nhân của ngành Kỹ thuật Xây dựng gồm 131 tín chỉ bao hàm các khối kiến thức tự nhiên – xã hội, kiến 1 thức cơ sở ngành và kiến thức chuyên ngành để sinh viên có thể tham gia vào các cơ quan nhà nước, doanh nghiệp trong và ngoài nước về lĩnh vực xây dựng. Chương trình đào tạo những cử nhân có chuyên môn, kỹ năng tốt để xây dựng công trình."
158,tôi muốn học thạc sĩ ktxd thì có những lựa chọn nào,"Trưởng PTN: PGS. TS. Nguyễn Minh Long  
  - Email: nguyenminhlong@hcmut.edu.vn","Ngành Kinh tế Xây dựng cung cấp kiến thức và thông tin về Luật Xây dựng áp dụng đối với cơ quan, tổ chức, cá nhân trong nước; tổ chức, cá nhân nước ngoài hoạt động đầu tư xây dựng trên lãnh thổ Việt Nam. Bảo đảm đầu tư xây dựng công trình theo quy hoạch, thiết kế, bảo vệ cảnh quan, môi trường; phù hợp với điều kiện tự nhiên, xã hội, đặc điểm văn hóa của địa phương; bảo đảm ổn định cuộc sống của Nhân dân; kết hợp phát triển kinh tế - xã hội với quốc phòng, an ninh, phòng, chống thiên tai và ứng phó với biến đổi khí hậu.

Các điểm đặc biệt của ngành
Chương trình đa ngành: Chương trình học ngành Kinh tế Xây dựng kết hợp kiến thức kinh tế, quản lý, và kỹ thuật xây dựng.
Thực hành và dự án tốt nghiệp: Sinh viên được tham gia vào các dự án thực tế, từ việc thiết kế, quản lý đến thực hiện dự án, giúp họ phát triển kỹ năng thực tiễn.
Đa dạng về lựa chọn nghề nghiệp: Từ làm việc trong các công ty xây dựng, tư vấn đầu tư bất động sản, đến làm việc cho các tổ chức quản lý dự án công cộng hoặc tư nhân. Điều này tạo ra sự linh hoạt và tiềm năng phát triển sự nghiệp của sinh viên.
Tương tác với chuyên gia ngành: Chương trình thường có sự hỗ trợ từ các chuyên gia trong ngành, từ giảng viên đến các diễn giả khách mời. Từ đó sinh viên có thêm cơ hội học hỏi và mở rộng mạng lưới quan hệ nghề nghiệp của mình."
159,tôi muốn học lên bậc tiến sĩ của khoa ktxd thì có những option nào,"Trưởng PTN: ThS. Nguyễn Quang Trường  
    - Email: nqtruong@hcmut.edu.vn","Cơ sở vật chất chất lượng cao Phòng thí nghiệm Kỹ thuật Tài nguyên nước nằm trong tòa nhà Bồ. Bộ môn Kỹ thuật và Quản lý Tài nguyên nước, Khoa Kỹ thuật Xây dựng. Với tổng diện tích là 450 m2, phòng thí nghiệm được trang bị các máy móc, thiết bị và dụng cụ thí nghiệm phù hợp theo tiêu chuẩn Việt Nam cũng như các tiêu chuẩn quốc tế khác nhằm phục vụ cho công tác đào tạo đại học và sau đại học, và nghiên cứu khoa học. Phòng thí nghiệm luôn tạo điều kiện cho người học tìm hiểu và thực hành các thí nghiệm theo các tiêu chuẩn cũng như tiếp cận các kỹ thuật và công nghệ mới trong nước và trên thế giới trong lĩnh vực công trình xây dựng. Cơ hội việc làm Nhu cầu tuyển dụng việc làm cho kỹ sư ngành Kỹ thuật Kỹ thuật Cơ sở hạ tầng hằng năm là khoảng 150 người dựa theo thông báo tuyển dụng trực tiếp gửi về Khoa Kỹ thuật Xây dựng và Bộ môn. Theo thống kê, sau khi tốt nghiệp, 100% kỹ sư ngành có việc làm trong các tập đoàn, công ty thi công, tư vấn thiết kế, các trung tâm, viện nghiên cứu trong lĩnh vực cấp nước, thoát nước, hạ tầng kỹ thuật và kỳ sư cơ điện các cơ quan như Sở Xây Dựng, Sở Khoa học và Công nghệ ở các tỉnh thành, các Phòng, Ban quản lý đô thị, dự án xây dựng của quận, huyện, các công ty có chức năng tư vấn, quản lý cơ sở hạ tầng và vận hành tòa nhà... Quan hệ hợp tác và tuyển dụng Bộ môn Kỹ thuật và Quản lý Tài nguyên nước duy trì và mở rộng các mối quan hệ hợp tác với các doanh nghiệp, nhà máy sản xuất, các công ty xây dựng trong việc hỗ trợ sinh viên của ngành nói riêng trong quá trình học tập, thực tập, học bổng, tuyển dụng. Đồng thời cùng phối hợp với Khoa Kỹ thuật Xây dựng duy trì và phát triển mạng lưới cựu sinh viên rộng lớn, khoảng hơn 2000 doanh nghiệp hỗ trợ các hoạt động của sinh viên Khoa Kỹ thuật Xây dựng nói chung. Học bổng Bên cạnh học bổng khuyến khích của Trường ĐH Bách khoa, sinh viên của ngành Kỹ thuật Cơ sở Hạ tầng còn có cơ hội nhận được các học bổng khác như học bổng của ban liên lạc cựu sinh viên và các doanh nghiệp, công ty, nhà máy với tổng trị giá 1 tỷ đồng hằng năm. Học bổng trao đổi và học bổng toàn phần Sau đại học Khoa Kỹ thuật Xây dựng nói chung và Bộ môn Kỹ thuật và Quản lý Tài nguyên nước nói riêng luôn duy trì mở rộng và phát triển hợp tác với nhiều giáo sư, trường đại học và viện nghiên cứu trên thế giới để thúc đẩy các chương trình học bổng trao đổi (như chương trình trao đổi hằng năm với Đại học Kyoto, Hiroshima, Nhật Bản), và học bổng toàn phần sau đại học (học bổng của chính phủ Đài Loan, Hàn Quốc và Nhật Bản) cho sinh viên ngành Kỹ thuật Cơ sở Hạ tầng. Liên hệ Tòa nhà B6, Trường Đại học Bách khoa - ĐHQG-HCM, 268 Lý Thường Kiệt, Phường 14, Quận 10, Tp. Hồ Chí Minh 028.38651307 fb.com/tainguyennuoc.bk.7 fce.hcmut.edu.vn nqtruong@hcmut.edu.vn"
160,khoa ktxd có những ptn nào vậy,"Mỗi năm, sinh viên Khoa Kỹ thuật Xây dựng có hơn 10 suất học bổng toàn phần du học đến các quốc gia phát triển như Nhật, Hàn, Singapore, Hoa Kỳ, Úc và một số quốc gia ở châu Âu.

Khoa Kỹ thuật Xây dựng nói chung và Bộ môn Kỹ thuật và Quản lý Tài nguyên nước nói riêng luôn duy trì mở rộng và phát triển hợp tác với nhiều giáo sư, trường đại học và viện nghiên cứu trên thế giới để thúc đẩy các chương trình học bổng trao đổi (như chương trình trao đổi hằng năm với Đại học Kyoto, Hiroshima, Nhật Bản), và học bổng toàn phần sau đại học (học bổng của chính phủ Đài Loan, Hàn Quốc và Nhật Bản) cho sinh viên ngành Kỹ thuật Cơ sở Hạ tầng.","Học bổng trao đổi và học bổng toàn phần Sau đại học Khoa Kỹ thuật Xây dựng nói chung và Bộ môn Kỹ thuật và Quản lý Tài nguyên nước nói riêng luôn duy trì mở rộng và phát triển hợp tác với nhiều giáo sư, trường đại học và viện nghiên cứu trên thế giới để thúc đẩy các chương trình học bổng trao đổi (như chương trình trao đổi hằng năm với Đại học Kyoto, Hiroshima, Nhật Bản), và học bổng toàn phần sau đại học (học bổng của chính phủ Đài Loan, Hàn Quốc và Nhật Bản) cho sinh viên ngành Kỹ thuật Cơ sở Hạ tầng."
161,đặt lịch phòng thí nghiệm kết cấu công trình làm sao vậy,"Kỹ thuật Xây dựng, Quản lý Dự án Xây dựng; Kỹ thuật Xây dựng Công trình Giao thông; Kỹ thuật Xây dựng Công trình Thủy; Kỹ thuật Xây dựng Công trình Biển; Kỹ thuật Cơ sở Hạ tầng; Kỹ thuật Trắc địa \- Bản đồ; Công nghệ Kỹ thuật Vật liệu Xây dựng","Giới thiệu

Ngành Kỹ thuật Xây dựng thuộc nhóm ngành Xây dựng với chương trình đào tạo cử nhân xây dựng có năng lực chuyên môn từ cơ bản đến chuyên sâu về ngành Xây dựng, có phẩm chất chính trị, đạo đức và sức khỏe tốt, đáp ứng nhu cầu lao động có trình độ kỹ thuật cao của đất nước. Sinh viên ngành Kỹ thuật Xây dựng có thể vận dụng sáng tạo và hiệu quả vào quá trình phân tích tình hình thiết kế thực tế, đề xuất các giải pháp kết cấu, công nghệ và giải quyết những vấn đề kỹ thuật trong hoạt động thực tiễn. Bên cạnh các kiến thức chuyên môn, sinh viên còn được trang bị các kỹ năng mềm khác trong quá trình học để đáp ứng nhu cầu công việc hiện tại, giải quyết những vấn đề trong xây dựng công trình giao thông hay hệ thống giao thông (kẹt xe, hệ thống giao thông thông minh, tổ chức giao thông trong các khu đô thị mới,...). Chuyên môn ngành được đảm bảo từ 12 giảng viên cơ hữu gồm 05 phó giáo sư, 05 tiến sĩ, 02 thạc sĩ đều được đào tạo sau đại học từ nước ngoài kết hợp với các cựu sinh viên đang làm việc trong doanh nghiệp, cơ quan nhà nước.

Mã ngành Chương trình Tiêu chuẩn: 115 Chương trình Dạy và học bằng tiếng Anh: 215

Các điểm đặc biệt của ngành Chương trình đào tạo cử nhân của ngành Kỹ thuật Xây dựng gồm 131 tín chỉ bao hàm các khối kiến thức tự nhiên – xã hội, kiến 1 thức cơ sở ngành và kiến thức chuyên ngành để sinh viên có thể tham gia vào các cơ quan nhà nước, doanh nghiệp trong và ngoài nước về lĩnh vực xây dựng. Chương trình đào tạo những cử nhân có chuyên môn, kỹ năng tốt để xây dựng công trình."
162,muốn sử dụng ptn kỹ thuật và quản lý tài nguyên nước phải làm sao,"Trưởng bộ môn: TS. Huỳnh Tấn Phát  
  - Email: nguyentrungkien@hcmut.edu.vn","Giới thiệu
Chương trình đào tạo Kỹ sư Chất lượng cao tại Việt Nam (PFIEV) Ngành Kỹ thuật và Quản lý Nước đô thị ra đời từ năm 2019, liên kết với Trường Đại học Bách Khoa Quốc Gia Grenoble, Pháp (Institut National Polytechnique de Grenoble). Chương trình đào tạo ngành Kỹ thuật và Quản lý Nước đô thị được tích hợp kiến thức về kết cấu công trình xây dựng, hạ tầng môi trường nước đô thị, xử lý nước thải và nước cấp, hệ thống cấp thoát nước cho đô thị và nhà cao tầng, có khả năng đưa ra các giải pháp để xử lý các vấn đề hiện tại về cơ sở hạ tầng đô thị và môi trường nước đô thị cũng như giải pháp tổng thể ban đầu về quy hoạch để có được những đô thị sạch ngay từ trong thiết kế. Nhu cầu đào tạo và nghiên cứu về ngành Kỹ thuật và Quản lý Nước đô thị nhằm kiểm soát và giảm thiểu ô nhiễm môi trường, ngập lụt đô thị ngày càng tăng nhanh cùng với sự phát triển kinh tế, đô thị hóa và công nghiệp hóa. Chương trình đào tạo Kỹ thuật và Quản lý Nước đô thị hoàn toàn phù hợp với nhu cầu về phát triển kinh tế xã hội ở Việt Nam trong tình hình hiện nay cũng như trong tương lai. Diện đầu tư phát triển cho lĩnh vực Kỹ thuật và Quản lý Nước đô thị không chỉ tập trung vào các đô thị lớn mà ngày càng được quan tâm nhiều hơn ở các đô thị vừa và nhỏ, tập trung vào các đô thị vùng duyên hải miền Trung, Tây nguyên, đồng bằng sông Cửu Long... Lĩnh vực được chú ý ưu tiên là xây dựng các công trình nhằm mục đích cấp nước sạch, thoát nước, kiểm soát ngập lụt đô thị và vệ sinh môi trường."
163,học khoa ktxd có chương trình hỗ trợ đi du học không,"Trưởng bộ môn: TS. Nguyễn Quốc Vinh  
  - Email: vinh.bmkt@hcmut.edu.vn","Học bổng trao đổi và học bổng toàn phần Sau đại học
Khoa Kỹ thuật Xây dựng nói chung và Bộ môn Kỹ thuật và Quản lý Tài nguyên nước nói riêng luôn duy trì mở rộng và phát triển hợp tác với nhiều giáo sư, trường đại học và viện nghiên cứu trên thế giới để thúc đẩy các chương trình học bổng trao đổi (như chương trình trao đổi hằng năm với Đại học Kyoto, Hiroshima, Nhật Bản), và học bổng toàn phần sau đại học (học bổng của chính phủ Đài Loan, Hàn Quốc và Nhật Bản) cho sinh viên ngành Kỹ thuật Cơ sở Hạ tầng.

Liên hệ
Tòa nhà B6, Trường Đại học Bách khoa - ĐHQG-HCM, 268 Lý Thường Kiệt, Phường 14, Quận 10, Tp. Hồ Chí Minh
028.38651307
fb.com/tainguyennuoc.bk.7
fce.hcmut.edu.vn
nqtruong@hcmut.edu.vn"
164,khoa ktxd có những môn chuyên ngành nào vậy,PGS. TS. Trần Hữu Nhân,"Ngành Kỹ thuật Xây dựng thuộc nhóm ngành Xây dựng với chương trình đào tạo cử nhân xây dựng có năng lực chuyên môn từ cơ bản đến chuyên sâu về ngành Xây dựng, có phẩm chất chính trị, đạo đức và sức khỏe tốt, đáp ứng nhu cầu lao động có trình độ kỹ thuật cao của đất nước. Sinh viên ngành Kỹ thuật Xây dựng có thể vận dụng sáng tạo và hiệu quả vào quá trình phân tích tình hình thiết kế thực tế, đề xuất các giải pháp kết cấu, công nghệ và giải quyết những vấn đề kỹ thuật trong hoạt động thực tiễn. Bên cạnh các kiến thức chuyên môn, sinh viên còn được trang bị các kỹ năng mềm khác trong quá trình học để đáp ứng nhu cầu công việc hiện tại, giải quyết những vấn đề trong xây dựng công trình giao thông hay hệ thống giao thông (kẹt xe, hệ thống giao thông thông minh, tổ chức giao thông trong các khu đô thị mới,...). Chuyên môn ngành được đảm bảo từ 12 giảng viên cơ hữu gồm 05 phó giáo sư, 05 tiến sĩ, 02 thạc sĩ đều được đào tạo sau đại học từ nước ngoài kết hợp với các cựu sinh viên đang làm việc trong doanh nghiệp, cơ quan nhà nước. Mã ngành Chương trình Tiêu chuẩn: 115 Chương trình Dạy và học bằng tiếng Anh: 215 Các điểm đặc biệt của ngành Chương trình đào tạo cử nhân của ngành Kỹ thuật Xây dựng gồm 131 tín chỉ bao hàm các khối kiến thức tự nhiên – xã hội, kiến 1 thức cơ sở ngành và kiến thức chuyên ngành để sinh viên có thể tham gia vào các cơ quan nhà nước, doanh nghiệp trong và ngoài nước về lĩnh vực xây dựng. Chương trình đào tạo những cử nhân có chuyên môn, kỹ năng tốt để xây dựng công trình."
165,cho mình cách liên lạc với trưởng môn vẽ kỹ thuật đi,"- Phó Trưởng khoa: PGS. TS. Lê Tất Hiển (Email: hienlt@hcmut.edu.vn)  
- Phó Trưởng khoa: TS. Nguyễn Song Thanh Thảo (Email: nguyensongthanhthao@hcmut.edu.vn)","Giới thiệu

Ngành Kỹ thuật Xây dựng thuộc nhóm ngành Xây dựng với chương trình đào tạo cử nhân xây dựng có năng lực chuyên môn từ cơ bản đến chuyên sâu về ngành Xây dựng, có phẩm chất chính trị, đạo đức và sức khỏe tốt, đáp ứng nhu cầu lao động có trình độ kỹ thuật cao của đất nước.
Sinh viên ngành Kỹ thuật Xây dựng có thể vận dụng sáng tạo và hiệu quả vào quá trình phân tích tình hình thiết kế thực tế, đề xuất các giải pháp kết cấu, công nghệ và giải quyết những vấn đề kỹ thuật trong hoạt động thực tiễn. Bên cạnh các kiến thức chuyên môn, sinh viên còn được trang bị các kỹ năng mềm khác trong quá trình học để đáp ứng nhu cầu công việc hiện tại, giải quyết những vấn đề trong xây dựng công trình giao thông hay hệ thống giao thông (kẹt xe, hệ thống giao thông thông minh, tổ chức giao thông trong các khu đô thị mới,...). Chuyên môn ngành được đảm bảo từ 12 giảng viên cơ hữu gồm 05 phó giáo sư, 05 tiến sĩ, 02 thạc sĩ đều được đào tạo sau đại học từ nước ngoài kết hợp với các cựu sinh viên đang làm việc trong doanh nghiệp, cơ quan nhà nước.

Mã ngành
Chương trình Tiêu chuẩn: 115
Chương trình Dạy và học bằng tiếng Anh: 215

Các điểm đặc biệt của ngành
Chương trình đào tạo cử nhân của ngành Kỹ thuật Xây dựng gồm 131 tín chỉ bao hàm các khối kiến thức tự nhiên – xã hội, kiến 1 thức cơ sở ngành và kiến thức chuyên ngành để sinh viên có thể tham gia vào các cơ quan nhà nước, doanh nghiệp trong và ngoài nước về lĩnh vực xây dựng. Chương trình đào tạo những cử nhân có chuyên môn, kỹ năng tốt để xây dựng công trình."
167,Ai là Trưởng khoa Khoa Kỹ thuật Giao thông hiện tại vậy?,"6 xưởng và PTN:
Xưởng Ô-tô:  
  - Trưởng PTN: ThS. Nguyễn Đình Hùng  
  - Email: nguyendinhhung@hcmut.edu.vn  
  PTN KT Hàng không:  
  - Trưởng PTN: ThS. Đặng Trung Duẩn  
  - Email: dangtrungduan@hcmut.edu.vn  
  PTN KT Tàu thủy:  
    - Trưởng PTN: TS. Trần Hải  
    - Email: [haitran@hcmut.edu.vn](mailto:haitran@hcmut.edu.vn)  
    PTN Khí động \- Hầm gió (Wind tunnel)  
    PTN Công nghệ Ô tô \- Bosch  
    Xưởng thực tập Ô tô","Chương trình đào tạo Kỹ thuật Ô tô được thiết kế theo hướng tiếp cận CDIO (Conceive-Design-Implement-Operate) nhằm đào tạo SV có tư duy thiết kế và năng lực giải quyết vấn đề kỳ thuật với các kỳ năng hình thành ý tưởng, thiết kế chi tiết, thiết kế công nghệ, vận hành và khai thác trong lĩnh vực ô tô. Bên cạnh đó, SV được trang bị nền tảng chuyên môn vững chắc, kỹ năng khai thác và ứng dụng các thiết bị thí nghiệm và phần mềm tiên tiến thuộc lĩnh vực chuyên ngành để tiếp tục học tập các bộc Thạc sĩ và Tiến sĩ ở trong và ngoài nước.

Sau giai đoạn học kiến thức đại cương của khối ngành kỹ thuật và giai đoạn học kiến thức cơ sở ngành kỹ thuật cơ khí (2 năm đầu). SV được học các kiến thức chuyên ngành kỹ thuật ô tô, được định hướng nghề nghiệp chuyên sâu về kỹ thuật cơ khí và kỹ thuật cơ-điện tử ứng dụng trong ô tô.

Trong quá trình học tập. SV được phát triển tính tự chủ và phản biện, khả năng tự học liên tục nhờ môi trường học tập trải nghiệm, gắn kết chặt chẽ giữa lý thuyết với thực hành, và được khám phá các hướng chuyên môn mới.

SV tốt nghiệp có khả năng lãnh đạo và làm việc nhóm, biết ứng xử chuyên nghiệp, có khả năng làm việc trong môi trường hiện đại đa ngành và đa văn hóa, biết quản lý thời gian, có khả năng chịu áp lực cao, và nhanh chóng hoàn thiện nghề nghiệp trong 3-5 năm sau khi tốt nghiệp."
168,Khoa Kỹ thuật Giao thông có bao nhiêu Phó Trưởng khoa hiện tại?,"Có 3 bộ môn:
- Bộ môn Ô tô \- Máy Động lực:   
  Trưởng bộ môn: TS. Trần Đăng Long  
  Email: trandanglong@hcmut.edu.vn  
- Bộ môn Kỹ thuật Hàng không:  
  Trưởng bộ môn: TS. Lê Thị Hồng Hiếu  
  Email: honghieu.le@hcmut.edu.vn  
- Bộ môn Kỹ thuật Tàu thủy:   
Trưởng bộ môn: TS. Trần Hải  
Email: haitran@hcmut.edu.vn","Ngành Kỹ thuật Hàng không dành cho các sinh viên có đam mê về máy bay và các phương tiện bay. Chương trình đào tạo các sinh viên thành những cử nhân, kỹ sư có tay nghề cao với mảng kiến thức nền rộng, có chất lượng và có kỹ năng vững vàng trong các hoạt động sau: Quản lý, khai thác, vận hành, bảo dưỡng máy bay. Nghiên cứu, thiết kế, chế tạo các loại máy bay nhỏ và các phương tiện giao thông lưỡng dụng (thuỷ phi cơ, tàu đệm khí,...) Ứng dụng kiến thức kỹ thuật hàng không trong các lĩnh vực liên quan: kỹ thuật hàng hải, năng lượng tái tạo, cơ khí, điều khiển tự động, xây dựng... Sinh viên quan tâm đến chuyên ngành có thể đăng ký vào các hệ đào tạo sau: Chương trình Dạy và học bằng tiếng Anh, bằng cấp cử nhân ngành Kỹ thuật Hàng không (4 năm). Chương trình Tiêu chuẩn, bằng cấp Cử nhân ngành Kỹ thuật Hàng không & Cử nhân ngành Kỹ thuật Tàu Thủy (5 năm). Chương trình Kỹ sư Chất lượng cao Việt-Pháp (PFIEV), bằng cấp Kỹ sư ngành Kỹ thuật Hàng không (5 năm)."
169,Địa chỉ email của Trưởng khoa Khoa Kỹ Thuật Giao thông hiện tại là gì?,có chương trình giảng dạy bằng tiếng Anh,"Chương trình Dạy và học bằng tiếng Anh ngành Kỹ thuật Môi trường được tổ chức tại cơ sở nội thành (Quận 10) có những điểm nổi bật như sau: Được giảng dạy hoàn toàn bằng tiếng Anh, bởi đội ngũ giáo sư trong nước và quốc tế từ các Trường Đại học danh tiếng ở Châu Á, Châu Âu, Úc, Nhật, Mỹ. Sinh viên có cơ hội tiếp cận dễ dàng với các đề tài nghiên cứu khoa học hoặc các dự án nghiên cứu hợp tác của các giảng viên và giáo sư. Điều kiện học tập: Trong môi trường cạnh tranh quốc tế cao, khả năng tự học tập nghiên cứu chuyên sâu. Sinh viên làm việc với Doanh nghiệp ngay tại ghế nhà trường, tham gia các dự án Quốc tế. Có thể tham gia đăng ký chương trình dạy và học bằng tiếng Anh 100% tại Cơ sở Lý Thường Kiệt. Nhiều cơ hội học tập nâng cao (học bổng Thạc sĩ, Tiến sĩ và trao đổi) và công việc tương lai trong môi trường hội nhập quốc tế."
170,Khoa Kỹ Thuật Giao thông có bao nhiêu xưởng hoặc phòng thí nghiệm chính?,PTN Khí động \- Hầm gió (Wind tunnel),"Cơ sở vật chất
Phòng thí nghiệm Kỹ thuật Hàng không bao gồm các thiết bị cơ bản cho đào tạo chuyên ngành.
Các thiết bị tiêu biểu:
Ống khí động hở, ống khí động kín, cân khí động
Hệ thống thủy lực, quạt ly tâm, hệ thống quạt
Thiết bị đo cơ tính vật liệu vạn năng EM1100, tải tối đa 100 kN
Các máy bay mô hình"
171,Có bao nhiêu bộ môn trực thuộc Khoa Kỹ thuật Giao thông?,Bosch (?),"CƠ HỘI NGHỀ NGHIỆP – CÔNG TY ĐỐI TÁC
Schneider,  VINCI, MEGGITT, HLS, Fujikura, COTECONS, VAECO, AKSELOS, BOSCH, SolarBK, EVN, VNPT, BACHY SOLETANCHE"
172,Ngành Kỹ thuật Ô tô có được giảng dạy bằng tiếng Anh không?,Ngành Cơ khí Động lực,"Giới thiệu

Chương trình đào tạo Kỹ thuật Ô tô được thiết kế theo hướng tiếp cận CDIO (Conceive-Design-Implement-Operate) nhằm đào tạo SV có tư duy thiết kế và năng lực giải quyết vấn đề kỳ thuật với các kỳ năng hình thành ý tưởng, thiết kế chi tiết, thiết kế công nghệ, vận hành và khai thác trong lĩnh vực ô tô. Bên cạnh đó, SV được trang bị nền tảng chuyên môn vững chắc, kỹ năng khai thác và ứng dụng các thiết bị thí nghiệm và phần mềm tiên tiến thuộc lĩnh vực chuyên ngành để tiếp tục học tập các bộc Thạc sĩ và Tiến sĩ ở trong và ngoài nước.

Sau giai đoạn học kiến thức đại cương của khối ngành kỹ thuật và giai đoạn học kiến thức cơ sở ngành kỹ thuật cơ khí (2 năm đầu). SV được học các kiến thức chuyên ngành kỹ thuật ô tô, được định hướng nghề nghiệp chuyên sâu về kỹ thuật cơ khí và kỹ thuật cơ-điện tử ứng dụng trong ô tô.

Trong quá trình học tập. SV được phát triển tính tự chủ và phản biện, khả năng tự học liên tục nhờ môi trường học tập trải nghiệm, gắn kết chặt chẽ giữa lý thuyết với thực hành, và được khám phá các hướng chuyên môn mới.

SV tốt nghiệp có khả năng lãnh đạo và làm việc nhóm, biết ứng xử chuyên nghiệp, có khả năng làm việc trong môi trường hiện đại đa ngành và đa văn hóa, biết quản lý thời gian, có khả năng chịu áp lực cao, và nhanh chóng hoàn thiện nghề nghiệp trong 3-5 năm sau khi tốt nghiệp.

- Tiêu chuẩn đánh giá: Đạt tiêu chuẩn AUN-QA năm 2021.
- Bằng cấp khi tốt nghiệp: Cử nhân Kỹ thuật Ô tô.
- Thời gian đào tạo: 04 năm.
- Khối lượng học tập: 132 tín chỉ - bao gồm: 100 tín chỉ bắt buộc, 3 tín chỉ tự chọn, 12 tín chỉ tự chọn tự do, và 8 tín chỉ ngoại ngữ (tiếng Anh).
- Tuyển sinh: Theo quy định tuyển sinh hàng năm của Trường ĐHBK.
- Web Tuyển sinh: https://hcmut.edu.vn/tuyen-sinh-dh/dai-hoc-chinh-quy
- Điều kiện tốt nghiệp: Hoàn thành khối lượng học tập; và đạt các chứng chỉ Giáo dục Quốc phòng và chứng chỉ Giáo dục Thể chất; và đạt trình độ tiếng Anh TOEIC ≥ 600 với 4 kỹ năng Nghe - Nói - Đọc - Viết (chương trình Tiêu chuẩn); và tham gia đủ 15 ngày Công tác Xã hội."
173,Khoa Kỹ Thuật Giao thông có phòng thí nghiệm nào liên quan đến khí động học không?,Kỹ thuật Ô tô và Kỹ thuật Tàu Thủy,"Giới thiệu
Chương trình sẽ trang bị cho sinh viên các kiến thức chuyên sâu trong lĩnh vực kỹ thuật tàu thủy: tính toán thiết kế, đóng mới và sửa chữa phương tiện thủy, công trình ngoài khơi và các phương tiện giao thông thủy thông minh, logistics và quản lý hàng hải. Chương trình đào tạo những kỹ sư có khả năng thiết kế phương tiện thủy, tính toán các hệ thống trên tàu thủy và công trình ngoài khơi, có phương pháp phân tích và khả năng áp dụng các phần mềm chuyên ngành, có khả năng khai thác và bảo trì các hệ thống động lực thuộc chuyên ngành kỹ thuật tàu thủy, logistics và quản lý hàng hải. Bằng cấp khi tốt nghiệp: Cử nhân Kỹ thuật Tàu thủy Thời gian đào tạo: 04 năm Khối lượng học tập: 129 tín chỉ - bao gồm: 100 tín chỉ bắt buộc, 12 tín chỉ tự chọn, 9 tín chỉ tự chọn tự do và 8 tín chỉ ngoại ngữ (tiếng Anh). Tuyển sinh:Theo quy định tuyển sinh hàng năm của Trường ĐH Bách khoa. (hcmut.edu.vn/tuyen-sinh/dai-hoc-chinh-quy) Điều kiện tốt nghiệp: Hoàn thành khối lượng học tập: đạt các chứng chỉ Giáo dục Quốc phòng và chứng chỉ Giáo dục Thể chất; đạt trình độ tiếng Anh TOEIC ≥ 600 với 4 kỹ năng Nghe - Nói - Đọc - Viết (chương trình Tiêu chuẩn) hay trình độ tiếng Anh IELTS 26.0 và tham gia đủ 15 ngày Công tác Xã hội.

Các điểm đặc biệt của ngành Năm 2015, chương trình đại học ngành Kỹ thuật Tàu Thủy được xây dựng dựa trên các tiêu chí CDIO dành cho sinh viên khối ngành kỹ thuật. Ngoài ra, sinh viên còn được khuyến khích tham gia nghiên cứu khoa học thông qua các đề tài khoa học của khoa, các hoạt động thực hành thực tế tại phòng thí nghiệm kỹ thuật tàu thủy."
174,PTN Công nghệ Ô tô liên kết với đơn vị nào?,Đồng chí Lê Minh Phương,"Chương trình đào tạo Kỹ thuật Ô tô được thiết kế theo hướng tiếp cận CDIO (Conceive-Design-Implement-Operate) nhằm đào tạo SV có tư duy thiết kế và năng lực giải quyết vấn đề kỳ thuật với các kỳ năng hình thành ý tưởng, thiết kế chi tiết, thiết kế công nghệ, vận hành và khai thác trong lĩnh vực ô tô. Bên cạnh đó, SV được trang bị nền tảng chuyên môn vững chắc, kỹ năng khai thác và ứng dụng các thiết bị thí nghiệm và phần mềm tiên tiến thuộc lĩnh vực chuyên ngành để tiếp tục học tập các bộc Thạc sĩ và Tiến sĩ ở trong và ngoài nước.

Sau giai đoạn học kiến thức đại cương của khối ngành kỹ thuật và giai đoạn học kiến thức cơ sở ngành kỹ thuật cơ khí (2 năm đầu). SV được học các kiến thức chuyên ngành kỹ thuật ô tô, được định hướng nghề nghiệp chuyên sâu về kỹ thuật cơ khí và kỹ thuật cơ-điện tử ứng dụng trong ô tô.

Trong quá trình học tập. SV được phát triển tính tự chủ và phản biện, khả năng tự học liên tục nhờ môi trường học tập trải nghiệm, gắn kết chặt chẽ giữa lý thuyết với thực hành, và được khám phá các hướng chuyên môn mới.

SV tốt nghiệp có khả năng lãnh đạo và làm việc nhóm, biết ứng xử chuyên nghiệp, có khả năng làm việc trong môi trường hiện đại đa ngành và đa văn hóa, biết quản lý thời gian, có khả năng chịu áp lực cao, và nhanh chóng hoàn thiện nghề nghiệp trong 3-5 năm sau khi tốt nghiệp.

- Tiêu chuẩn đánh giá: Đạt tiêu chuẩn AUN-QA năm 2021.
- Bằng cấp khi tốt nghiệp: Cử nhân Kỹ thuật Ô tô.
- Thời gian đào tạo: 04 năm.
- Khối lượng học tập: 132 tín chỉ - bao gồm: 100 tín chỉ bắt buộc, 3 tín chỉ tự chọn, 12 tín chỉ tự chọn tự do, và 8 tín chỉ ngoại ngữ (tiếng Anh).
- Tuyển sinh: Theo quy định tuyển sinh hàng năm của Trường ĐHBK.
- Web Tuyển sinh: https://hcmut.edu.vn/tuyen-sinh-dh/dai-hoc-chinh-quy
- Điều kiện tốt nghiệp: Hoàn thành khối lượng học tập; và đạt các chứng chỉ Giáo dục Quốc phòng và chứng chỉ Giáo dục Thể chất; và đạt trình độ tiếng Anh TOEIC ≥ 600 với 4 kỹ năng Nghe - Nói - Đọc - Viết (chương trình Tiêu chuẩn); và tham gia đủ 15 ngày Công tác Xã hội."
175,Bậc thạc sĩ của ngành Kỹ Thuật Ô tô có đào tạo ngành nào?,Đồng chí Mai Thanh Phong và Đồng chí Lê Thị Hồng Nhan,"Chương trình đào tạo Kỹ thuật Ô tô được thiết kế theo hướng tiếp cận CDIO (Conceive-Design-Implement-Operate) nhằm đào tạo SV có tư duy thiết kế và năng lực giải quyết vấn đề kỳ thuật với các kỳ năng hình thành ý tưởng, thiết kế chi tiết, thiết kế công nghệ, vận hành và khai thác trong lĩnh vực ô tô. Bên cạnh đó, SV được trang bị nền tảng chuyên môn vững chắc, kỹ năng khai thác và ứng dụng các thiết bị thí nghiệm và phần mềm tiên tiến thuộc lĩnh vực chuyên ngành để tiếp tục học tập các bộc Thạc sĩ và Tiến sĩ ở trong và ngoài nước. Sau giai đoạn học kiến thức đại cương của khối ngành kỹ thuật và giai đoạn học kiến thức cơ sở ngành kỹ thuật cơ khí (2 năm đầu). SV được học các kiến thức chuyên ngành kỹ thuật ô tô, được định hướng nghề nghiệp chuyên sâu về kỹ thuật cơ khí và kỹ thuật cơ-điện tử ứng dụng trong ô tô. Trong quá trình học tập. SV được phát triển tính tự chủ và phản biện, khả năng tự học liên tục nhờ môi trường học tập trải nghiệm, gắn kết chặt chẽ giữa lý thuyết với thực hành, và được khám phá các hướng chuyên môn mới. SV tốt nghiệp có khả năng lãnh đạo và làm việc nhóm, biết ứng xử chuyên nghiệp, có khả năng làm việc trong môi trường hiện đại đa ngành và đa văn hóa, biết quản lý thời gian, có khả năng chịu áp lực cao, và nhanh chóng hoàn thiện nghề nghiệp trong 3-5 năm sau khi tốt nghiệp."
176,"Ở bậc đại học, chương trình song ngành của Khoa Kỹ Thuật Giao thông gồm những ngành nào?",GS. TS. Lê Minh Phương,"NGÀNH/CHUYÊN NGÀNH ĐÀO TẠO Chương trình PFIEV tại trường ĐH Bách khoa - ĐHQG TPHCM đào tạo 8 CHUYÊN NGÀNH với các trường đối tác Pháp như sau: KỸ THUẬT ĐIỆN (VIỄN THÔNG) Trường IMT Atlantique Bretagne-Pays de la Loire KỸ THUẬT VẬT LIỆU (VẬT LIỆU VÀ NĂNG LƯỢNG) Trường CentraleSupélec KỸ THUẬT ĐIỆN (HỆ THỐNG NĂNG LƯỢNG ĐIỆN) Viện Bách khoa Quốc gia Toulouse (INPT) KỸ THUẬT CƠ KHÍ (CƠ ĐIỆN TỬ) Trường Bách khoa Quốc gia Grenoble (Grenoble INP, ESISAR) KỸ THUẬT XÂY DỰNG (KỸ THUẬT VÀ QUẢN LÝ NƯỚC ĐÔ THỊ) Trường Bách khoa Quốc gia Grenoble (Grenoble INP, Ense3) KỸ THUẬT XÂY DỰNG (XÂY DỰNG DÂN DỤNG - CÔNG NGHIỆP VÀ HIỆU QUẢ NĂNG LƯỢNG) Trường Ponts ParisTech, (tiền thân là Trường Cầu đường Paris) KỸ THUẬT HÀNG KHÔNG Trường Đại học Quốc gia Cơ khí và Hàng không (ISAE-ENSMA) KỸ THUẬT VẬT LIỆU (VẬT LIỆU POLYMER VÀ COMPOSITE) và KỸ THUẬT XÂY DỰNG (XÂY DỰNG DÂN DỤNG - CÔNG NGHIỆP VÀ HIỆU QUẢ NĂNG LƯỢNG) Trường Quốc gia khoa học ứng dụng Lyon (INSA-Lyon)"
177,Ai là Bí thư Đảng bộ Trường?,GS. TS. Mai Thanh Phong,"THÔNG TIN LÃNH ĐẠO CÁC ĐƠN VỊ
1. ĐẢNG BỘ TRƯỜNG
BAN CHẤP HÀNH ĐẢNG BỘ NHIỆM KỲ 2020-2025
- Đồng chí Lê Minh Phương – Bí Thư
- Đồng chí Mai Thanh Phong – Phó Bí thư
- Đồng chí Lê Thị Hồng Nhan – Phó Bí thư
- Đồng chí Phạm Trần Vũ
- Đồng chí Lưu Đình Hiệp
- Đồng chí Đặng Đăng Tùng
- Đồng chí Mai Thị Thùy Hương
- Đồng chí Bùi Mai Hương
- Đồng chí Huỳnh Kỳ Phương Hạ
- Đồng chí Trần Hữu Nhân
- Đồng chí Lê Anh Tuấn
- Đồng chí Hoàng Trang
- Đồng chí Đào Vũ Hoàng Nam
- Đồng chí Phan Quốc Thái"
178,Ai là Phó Bí thư Đảng bộ Trường?,PGS. TS. Huỳnh Kỳ Phương Hạ,"BAN CHẤP HÀNH ĐẢNG BỘ NHIỆM KỲ 2020-2025
- Đồng chí Lê Minh Phương – Bí Thư
- Đồng chí Mai Thanh Phong – Phó Bí thư
- Đồng chí Lê Thị Hồng Nhan – Phó Bí thư
- Đồng chí Phạm Trần Vũ
- Đồng chí Lưu Đình Hiệp
- Đồng chí Đặng Đăng Tùng
- Đồng chí Mai Thị Thùy Hương
- Đồng chí Bùi Mai Hương
- Đồng chí Huỳnh Kỳ Phương Hạ
- Đồng chí Trần Hữu Nhân
- Đồng chí Lê Anh Tuấn
- Đồng chí Hoàng Trang
- Đồng chí Đào Vũ Hoàng Nam
- Đồng chí Phan Quốc Thái"
179,Ai là Chủ tịch Hội đồng Trường?,25 thành viên,"2. HỘI ĐỒNG TRƯỜNG
Trong năm học 2021- 2022, trường bắt đầu thực hiện theo cơ chế tự chủ, góp phần tạo nên sự đột phá để thúc đẩy sự phát triển trong giai đoạn mới. Theo đó, nguồn nhân lực của Trường được phát huy tối đa năng lực, nhiệm vụ quản trị đại học được thực hiện có hiệu quả, chất lượng giáo dục theo chuẩn quốc tế. Bên cạnh đó, Nhà trường chú trọng xây dựng môi trường học tập hiện đại, hội nhập quốc tế cao, đầu tư cho nghiên cứu khoa học để đạt được hiệu quả tương xứng.
25 thành viên điều hành các hoạt động của trường:
GS. TS. Lê Minh Phương – Bí thư Đảng ủy Trường Đại học Bách khoa – Chủ tịch Hội đồng Trường
GS. TS. Mai Thanh Phong – Phó Bí thư Đảng ủy - Hiệu trưởng Trường Đại học Bách khoa – Phó Chủ tịch Hội đồng Trường
PGS. TS. Huỳnh Kỳ Phương Hạ - Phó Hiệu trưởng Trường Đại học Bách khoa – Thư ký Hội đồng Trường
PGS. TS. Trần Thiên Phúc – Phó Hiệu trưởng Trường Đại học Bách khoa - Thành viên Hội đồng Trường
PGS. TS. Phạm Trần Vũ – Phó Hiệu trưởng Trường Đại học Bách khoa - Thành viên Hội đồng Trường
PGS. TS. Lê Thị Hồng Nhan – Chủ tịch Công đoàn Trường – Thành viên Hội đồng Trường
Ông Phan Quốc Thái - Bí thư Đoàn Thanh niên Trường - Thành viên Hội đồng Trường"
180,Ai là Hiệu trưởng Trường?,"Trong năm học 2021- 2022, trường bắt đầu thực hiện theo cơ chế tự chủ, góp phần tạo nên sự đột phá để thúc đẩy sự phát triển trong giai đoạn mới. Theo đó, nguồn nhân lực của Trường được phát huy tối đa năng lực, nhiệm vụ quản trị đại học được thực hiện có hiệu quả, chất lượng giáo dục theo chuẩn quốc tế. Bên cạnh đó, Nhà trường chú trọng xây dựng môi trường học tập hiện đại, hội nhập quốc tế cao, đầu tư cho nghiên cứu khoa học để đạt được hiệu quả tương xứng.","3. BAN GIÁM HIỆU
NGƯT. GS. TS. Mai Thanh Phong - Hiệu trưởng: 
Lãnh đạo và quản lý toàn diện mọi hoạt động thuộc chức năng, nhiệm vụ và quyền hạn của trường đại học và hiệu trưởng được quy định trong Luật giáo dục đại học, Luật sửa đổi, bổ sung một số Điều của Luật giáo dục đại học, Quy chế tổ chức và hoạt động của nhà trường và các văn bản pháp quy liên quan; chịu trách nhiệm trước Giám đốc ĐHQG-HCM và các cơ quan quản lý cấp trên về mọi mặt hoạt động của trường.
Trực tiếp chỉ đạo và quản lý công tác: Quy hoạch, định hướng phát triển, tổ chức - nhân sự, kế hoạch – tài chính, đầu tư phát triển, cơ sở vật chất, truyền thông.
Trực tiếp phụ trách các đơn vị: Khoa Kỹ thuật Hóa học, Khoa Điện – Điện tử, Khoa Kỹ thuật Xây dựng, Phòng Kế hoạch –Tài chính, Phòng Quản Thôtrị – Thiết bị, Phòng Quản trị Thương hiệu - Truyền thông, Văn phòng Đào tạo Quốc tế, Trung tâm Dữ liệu và Công nghệ Thông tin, các Hội đồng cấp trường theo quy định."
181,Ai là Thư ký Hội đồng Trường?,Đ/c Lê Thị Hồng Nhan,"2. HỘI ĐỒNG TRƯỜNG
Trong năm học 2021- 2022, trường bắt đầu thực hiện theo cơ chế tự chủ, góp phần tạo nên sự đột phá để thúc đẩy sự phát triển trong giai đoạn mới. Theo đó, nguồn nhân lực của Trường được phát huy tối đa năng lực, nhiệm vụ quản trị đại học được thực hiện có hiệu quả, chất lượng giáo dục theo chuẩn quốc tế. Bên cạnh đó, Nhà trường chú trọng xây dựng môi trường học tập hiện đại, hội nhập quốc tế cao, đầu tư cho nghiên cứu khoa học để đạt được hiệu quả tương xứng.
25 thành viên điều hành các hoạt động của trường:
GS. TS. Lê Minh Phương – Bí thư Đảng ủy Trường Đại học Bách khoa – Chủ tịch Hội đồng Trường
GS. TS. Mai Thanh Phong – Phó Bí thư Đảng ủy - Hiệu trưởng Trường Đại học Bách khoa – Phó Chủ tịch Hội đồng Trường
PGS. TS. Huỳnh Kỳ Phương Hạ - Phó Hiệu trưởng Trường Đại học Bách khoa – Thư ký Hội đồng Trường
PGS. TS. Trần Thiên Phúc – Phó Hiệu trưởng Trường Đại học Bách khoa - Thành viên Hội đồng Trường
PGS. TS. Phạm Trần Vũ – Phó Hiệu trưởng Trường Đại học Bách khoa - Thành viên Hội đồng Trường
PGS. TS. Lê Thị Hồng Nhan – Chủ tịch Công đoàn Trường – Thành viên Hội đồng Trường"
182,Hội đồng Trường có bao nhiêu thành viên?,Ông Phan Quốc Thái,"2. HỘI ĐỒNG TRƯỜNG
Trong năm học 2021- 2022, trường bắt đầu thực hiện theo cơ chế tự chủ, góp phần tạo nên sự đột phá để thúc đẩy sự phát triển trong giai đoạn mới. Theo đó, nguồn nhân lực của Trường được phát huy tối đa năng lực, nhiệm vụ quản trị đại học được thực hiện có hiệu quả, chất lượng giáo dục theo chuẩn quốc tế. Bên cạnh đó, Nhà trường chú trọng xây dựng môi trường học tập hiện đại, hội nhập quốc tế cao, đầu tư cho nghiên cứu khoa học để đạt được hiệu quả tương xứng.
25 thành viên điều hành các hoạt động của trường:
GS. TS. Lê Minh Phương – Bí thư Đảng ủy Trường Đại học Bách khoa – Chủ tịch Hội đồng Trường
GS. TS. Mai Thanh Phong – Phó Bí thư Đảng ủy - Hiệu trưởng Trường Đại học Bách khoa – Phó Chủ tịch Hội đồng Trường
PGS. TS. Huỳnh Kỳ Phương Hạ - Phó Hiệu trưởng Trường Đại học Bách khoa – Thư ký Hội đồng Trường
PGS. TS. Trần Thiên Phúc – Phó Hiệu trưởng Trường Đại học Bách khoa - Thành viên Hội đồng Trường
PGS. TS. Phạm Trần Vũ – Phó Hiệu trưởng Trường Đại học Bách khoa - Thành viên Hội đồng Trường
PGS. TS. Lê Thị Hồng Nhan – Chủ tịch Công đoàn Trường – Thành viên Hội đồng Trường
Ông Phan Quốc Thái - Bí thư Đoàn Thanh niên Trường - Thành viên Hội đồng Trường"
183,Năm nào trường bắt đầu tự chủ?,GS. TS. Mai Thanh Phong,"Trong năm học 2021- 2022, trường bắt đầu thực hiện theo cơ chế tự chủ, góp phần tạo nên sự đột phá để thúc đẩy sự phát triển trong giai đoạn mới. Theo đó, nguồn nhân lực của Trường được phát huy tối đa năng lực, nhiệm vụ quản trị đại học được thực hiện có hiệu quả, chất lượng giáo dục theo chuẩn quốc tế. Bên cạnh đó, Nhà trường chú trọng xây dựng môi trường học tập hiện đại, hội nhập quốc tế cao, đầu tư cho nghiên cứu khoa học để đạt được hiệu quả tương xứng."
184,Ai là Chủ tịch Công đoàn Trường?,Không có trong data,"PGS. TS. Lê Thị Hồng Nhan – Chủ tịch Công đoàn Trường – Thành viên Hội đồng Trường
Ông Phan Quốc Thái - Bí thư Đoàn Thanh niên Trường - Thành viên Hội đồng Trường
ThS. Mai Thị Thùy Hương – Trưởng phòng Kế hoạch – Tài chính, Trường Đại học Bách khoa – Thành viên Hội đồng Trường
PGS. TS. Nguyễn Minh Tâm – Phó Giám đốc ĐHQG-HCM – Thành viên Hội đồng Trường
PGS. TS. Phạm Tấn Thi - Trưởng phòng Khoa học Công nghệ và Dự án, Trường Đại học Bách khoa – Thành viên Hội đồng Trường
PGS. TS. Thoại Nam – Viện trưởng Viện Khoa học và Công nghệ tiên tiến liên ngành, Trường Đại học Bách khoa – Thành viên Hội đồng Trường
PGS. TS. Đậu Văn Ngọ - Tổng Giám đốc Công ty CP KHCN Bách khoa TP. HCM, Trường Đại học Bách khoa – Thành viên Hội đồng Trường
PGS. TS. Bùi Hoài Thắng – Trưởng phòng Đào tạo, Trường Đại học Bách khoa - Thành viên Hội đồng Trường
PGS. TS. Hoàng Trang – Trưởng phòng Khảo thí và Bảo đảm Chất lượng, Trường Đại học Bách khoa - Thành viên Hội đồng Trường
PGS. TS. Bùi Trọng Hiếu - Trưởng khoa Cơ khí, Trường Đại học Bách khoa - Thành viên Hội đồng Trường
PGS. TS. Lê Anh Tuấn – Trưởng khoa Kỹ thuật Xây dựng, Trường Đại học Bách khoa - Thành viên Hội đồng Trường
TS. Nguyễn Quang Nam - Trưởng khoa Điện – Điện tử, Trường Đại học Bách khoa - Thành viên Hội đồng Trường"
185,Ai là Bí thư Đoàn Thanh niên Trường?,"Nhà trường chú trọng xây dựng môi trường học tập hiện đại, hội nhập quốc tế cao, đầu tư cho nghiên cứu khoa học để đạt được hiệu quả tương xứng.","2. HỘI ĐỒNG TRƯỜNG
Trong năm học 2021- 2022, trường bắt đầu thực hiện theo cơ chế tự chủ, góp phần tạo nên sự đột phá để thúc đẩy sự phát triển trong giai đoạn mới. Theo đó, nguồn nhân lực của Trường được phát huy tối đa năng lực, nhiệm vụ quản trị đại học được thực hiện có hiệu quả, chất lượng giáo dục theo chuẩn quốc tế. Bên cạnh đó, Nhà trường chú trọng xây dựng môi trường học tập hiện đại, hội nhập quốc tế cao, đầu tư cho nghiên cứu khoa học để đạt được hiệu quả tương xứng.
25 thành viên điều hành các hoạt động của trường:
GS. TS. Lê Minh Phương – Bí thư Đảng ủy Trường Đại học Bách khoa – Chủ tịch Hội đồng Trường
GS. TS. Mai Thanh Phong – Phó Bí thư Đảng ủy - Hiệu trưởng Trường Đại học Bách khoa – Phó Chủ tịch Hội đồng Trường
PGS. TS. Huỳnh Kỳ Phương Hạ - Phó Hiệu trưởng Trường Đại học Bách khoa – Thư ký Hội đồng Trường
PGS. TS. Trần Thiên Phúc – Phó Hiệu trưởng Trường Đại học Bách khoa - Thành viên Hội đồng Trường
PGS. TS. Phạm Trần Vũ – Phó Hiệu trưởng Trường Đại học Bách khoa - Thành viên Hội đồng Trường
PGS. TS. Lê Thị Hồng Nhan – Chủ tịch Công đoàn Trường – Thành viên Hội đồng Trường
Ông Phan Quốc Thái - Bí thư Đoàn Thanh niên Trường - Thành viên Hội đồng Trường"
186,Ai là Phó Chủ tịch Hội đồng Trường?,"**2\. HỘI ĐỒNG TRƯỜNG**  
Trong năm học 2021- 2022, trường bắt đầu thực hiện theo cơ chế tự chủ, góp phần tạo nên sự đột phá để thúc đẩy sự phát triển trong giai đoạn mới. Theo đó, nguồn nhân lực của Trường được phát huy tối đa năng lực, nhiệm vụ quản trị đại học được thực hiện có hiệu quả, chất lượng giáo dục theo chuẩn quốc tế. Bên cạnh đó, Nhà trường chú trọng xây dựng môi trường học tập hiện đại, hội nhập quốc tế cao, đầu tư cho nghiên cứu khoa học để đạt được hiệu quả tương xứng.","2. HỘI ĐỒNG TRƯỜNG
Trong năm học 2021- 2022, trường bắt đầu thực hiện theo cơ chế tự chủ, góp phần tạo nên sự đột phá để thúc đẩy sự phát triển trong giai đoạn mới. Theo đó, nguồn nhân lực của Trường được phát huy tối đa năng lực, nhiệm vụ quản trị đại học được thực hiện có hiệu quả, chất lượng giáo dục theo chuẩn quốc tế. Bên cạnh đó, Nhà trường chú trọng xây dựng môi trường học tập hiện đại, hội nhập quốc tế cao, đầu tư cho nghiên cứu khoa học để đạt được hiệu quả tương xứng.
25 thành viên điều hành các hoạt động của trường:
GS. TS. Lê Minh Phương – Bí thư Đảng ủy Trường Đại học Bách khoa – Chủ tịch Hội đồng Trường
GS. TS. Mai Thanh Phong – Phó Bí thư Đảng ủy - Hiệu trưởng Trường Đại học Bách khoa – Phó Chủ tịch Hội đồng Trường
PGS. TS. Huỳnh Kỳ Phương Hạ - Phó Hiệu trưởng Trường Đại học Bách khoa – Thư ký Hội đồng Trường"
187,Trường đầu tư vào lĩnh vực nào để đạt hiệu quả tương xứng?,"Thành viên Ban chấp hành Đảng bộ 
Giám đốc Văn phòng đào tạo Quốc tế","3. BAN GIÁM HIỆU
NGƯT. GS. TS. Mai Thanh Phong - Hiệu trưởng: 
Lãnh đạo và quản lý toàn diện mọi hoạt động thuộc chức năng, nhiệm vụ và quyền hạn của trường đại học và hiệu trưởng được quy định trong Luật giáo dục đại học, Luật sửa đổi, bổ sung một số Điều của Luật giáo dục đại học, Quy chế tổ chức và hoạt động của nhà trường và các văn bản pháp quy liên quan; chịu trách nhiệm trước Giám đốc ĐHQG-HCM và các cơ quan quản lý cấp trên về mọi mặt hoạt động của trường.
Trực tiếp chỉ đạo và quản lý công tác: Quy hoạch, định hướng phát triển, tổ chức - nhân sự, kế hoạch – tài chính, đầu tư phát triển, cơ sở vật chất, truyền thông.
Trực tiếp phụ trách các đơn vị: Khoa Kỹ thuật Hóa học, Khoa Điện – Điện tử, Khoa Kỹ thuật Xây dựng, Phòng Kế hoạch –Tài chính, Phòng Quản Thôtrị – Thiết bị, Phòng Quản trị Thương hiệu - Truyền thông, Văn phòng Đào tạo Quốc tế, Trung tâm Dữ liệu và Công nghệ Thông tin, các Hội đồng cấp trường theo quy định."
188,Chức năng của hội đồng trường,"Phó bí thư Đảng ủy
Hiệu trưởng
Phó Chủ tịch Hội đồng trường","2. HỘI ĐỒNG TRƯỜNG
Trong năm học 2021- 2022, trường bắt đầu thực hiện theo cơ chế tự chủ, góp phần tạo nên sự đột phá để thúc đẩy sự phát triển trong giai đoạn mới. Theo đó, nguồn nhân lực của Trường được phát huy tối đa năng lực, nhiệm vụ quản trị đại học được thực hiện có hiệu quả, chất lượng giáo dục theo chuẩn quốc tế. Bên cạnh đó, Nhà trường chú trọng xây dựng môi trường học tập hiện đại, hội nhập quốc tế cao, đầu tư cho nghiên cứu khoa học để đạt được hiệu quả tương xứng.
25 thành viên điều hành các hoạt động của trường:
GS. TS. Lê Minh Phương – Bí thư Đảng ủy Trường Đại học Bách khoa – Chủ tịch Hội đồng Trường
GS. TS. Mai Thanh Phong – Phó Bí thư Đảng ủy - Hiệu trưởng Trường Đại học Bách khoa – Phó Chủ tịch Hội đồng Trường
PGS. TS. Huỳnh Kỳ Phương Hạ - Phó Hiệu trưởng Trường Đại học Bách khoa – Thư ký Hội đồng Trường"
189,Các chức vụ trong Ban Chấp hành Đảng bộ,,"1. ĐẢNG BỘ TRƯỜNG
BAN CHẤP HÀNH ĐẢNG BỘ NHIỆM KỲ 2020-2025
- Đồng chí Lê Minh Phương – Bí Thư
- Đồng chí Mai Thanh Phong – Phó Bí thư
- Đồng chí Lê Thị Hồng Nhan – Phó Bí thư
- Đồng chí Phạm Trần Vũ
- Đồng chí Lưu Đình Hiệp
- Đồng chí Đặng Đăng Tùng
- Đồng chí Mai Thị Thùy Hương
- Đồng chí Bùi Mai Hương
- Đồng chí Huỳnh Kỳ Phương Hạ
- Đồng chí Trần Hữu Nhân
- Đồng chí Lê Anh Tuấn
- Đồng chí Hoàng Trang
- Đồng chí Đào Vũ Hoàng Nam
- Đồng chí Phan Quốc Thái"
190,Ông Đặng Đăng Tùng là ai?,"Trưởng khoa: PGS. TS. Bùi Trọng Hiếu  
   Email của Trưởng khoa: hieubt@hcmut.edu.vn","Văn phòng Khoa Khoa Cơ khí nằm tại phòng B11 – 268 Lý Thường Kiệt, Quận 10, TP. Hồ Chí Minh. Quý phụ huynh và sinh viên có thể liên hệ qua số điện thoại 0283 8654 535 – 5886 hoặc truy cập website chính thức của khoa tại địa chỉ http://www.fme.hcmut.edu.vn để biết thêm thông tin. Trưởng khoa hiện nay là PGS. TS. Bùi Trọng Hiếu, có thể liên hệ qua email: hieubt@hcmut.edu.vn."
191,Ông Mai Thành Phong giữ các chức vụ gì,PGS. TS. Bùi Trọng Hiếu,"PGS. TS. Bùi Trọng Hiếu - Trưởng khoa Cơ khí, Trường Đại học Bách khoa - Thành viên Hội đồng Trường
PGS. TS. Lê Anh Tuấn – Trưởng khoa Kỹ thuật Xây dựng, Trường Đại học Bách khoa - Thành viên Hội đồng Trường
TS. Nguyễn Quang Nam - Trưởng khoa Điện – Điện tử, Trường Đại học Bách khoa - Thành viên Hội đồng Trường
PGS. TS. Phan Thanh Bình - Nguyên Ủy viên Trung ương Đảng, Nguyên Chủ nhiệm Ủy ban Văn hóa, Giáo dục, Thanh niên, Thiếu niên và Nhi đồng của Quốc hội - Thành viên Hội đồng Trường."
192,Thông tin liên hệ của thầy trưởng khoa Cơ khí là gì?,"Văn phòng: B11 – 268 Lý Thường Kiệt, Quận 10, TP. HCM","Khoa Cơ khí
Cơ cấu nhân sự:
Ban Chủ nhiệm Khoa
Trưởng khoa: PGS. TS. Bùi Trọng Hiếu (Email: hieubt@hcmut.edu.vn)
Lãnh đạo và quản lý toàn diện mọi hoạt động thuộc chức năng, nhiệm vụ và quyền hạn của Trưởng khoa trong trường đại học; chịu trách nhiệm trước Hiệu trưởng Trường Đại học Bách khoa – ĐHQG-HCM và các lãnh đạo cấp trên về mọi mặt hoạt động của Khoa.
Trực tiếp chỉ đạo và quản lý công tác:
Tổ chức – nhân sự.
Tài chính, cơ sở vật chất.
Thi đua – khen thưởng.
Phát triển đào tạo.
Đoàn thể.
Dự án đầu tư.
Triển khai thực hiện chiến lược, định hướng phát triển Khoa."
193,Ai là trưởng khoa Cơ khí ở trường Đại học Bách khoa thành phố Hồ Chí Minh?,hieubt@hcmut.edu.vn,"Khoa Cơ khí
Cơ cấu nhân sự:
Ban Chủ nhiệm Khoa
Trưởng khoa: PGS. TS. Bùi Trọng Hiếu (Email: hieubt@hcmut.edu.vn)
Lãnh đạo và quản lý toàn diện mọi hoạt động thuộc chức năng, nhiệm vụ và quyền hạn của Trưởng khoa trong trường đại học; chịu trách nhiệm trước Hiệu trưởng Trường Đại học Bách khoa – ĐHQG-HCM và các lãnh đạo cấp trên về mọi mặt hoạt động của Khoa.
Trực tiếp chỉ đạo và quản lý công tác:
Tổ chức – nhân sự.
Tài chính, cơ sở vật chất.
Thi đua – khen thưởng.
Phát triển đào tạo.
Đoàn thể.
Dự án đầu tư.
Triển khai thực hiện chiến lược, định hướng phát triển Khoa."
194,Mình có thể liên hệ với khoa Cơ khí qua số nào?,http://www.fme.hcmut.edu.vn,"Khoa Cơ khí
Cơ cấu nhân sự:
Ban Chủ nhiệm Khoa
Trưởng khoa: PGS. TS. Bùi Trọng Hiếu (Email: hieubt@hcmut.edu.vn)
Lãnh đạo và quản lý toàn diện mọi hoạt động thuộc chức năng, nhiệm vụ và quyền hạn của Trưởng khoa trong trường đại học; chịu trách nhiệm trước Hiệu trưởng Trường Đại học Bách khoa – ĐHQG-HCM và các lãnh đạo cấp trên về mọi mặt hoạt động của Khoa.
Trực tiếp chỉ đạo và quản lý công tác:
Tổ chức – nhân sự.
Tài chính, cơ sở vật chất.
Thi đua – khen thưởng.
Phát triển đào tạo.
Đoàn thể.
Dự án đầu tư.
Triển khai thực hiện chiến lược, định hướng phát triển Khoa.
Phó Trưởng khoa: TS. Phạm Minh Tuấn (Email: pminhtuan@hcmut.edu.vn)
			Phụ trách công tác:
Đào tạo đại học các hệ.
Đào tạo sau đại học.
Thực hành – Thí nghiệm.
Khảo thí – Bảo đảm Chất lượng.
Phó Trưởng khoa: PGS. TS. Nguyễn Quốc Chí (Email: nqchi@hcmut.edu.vn)
			Phụ trách công tác:
Khoa học và công nghệ.
Quan hệ quốc tế, quan hệ doanh nghiệp.
Thoả thuận hợp tác (MOU) giữa khoa với đối tác.
Dự toán mua sắm, sửa chữa thiết bị.
Cựu sinh viên.
Triển khai thực hiện chiến lược, định hướng phát triển Khoa.
Phó Trưởng khoa: PGS. TS. Phạm Quang Trung (Email: quangtrung@hcmut.edu.vn)
	Phụ trách công tác:
Sinh viên, giáo viên chủ nhiệm.
Quản trị thương hiệu – Truyền thông, tổ chức sự kiện.
ISO.
Quản lý website của Khoa.
Báo cáo, thống kê số liệu.
Tuyển sinh (tư vấn, tiếp đoàn học sinh tham quan,…).
Văn phòng Khoa."
195,Mình muốn tới văn phòng khoa Cơ khí thì cần đâu?,0283 8661 843,"Khoa Cơ khí
Cơ cấu nhân sự:
Ban Chủ nhiệm Khoa
Trưởng khoa: PGS. TS. Bùi Trọng Hiếu (Email: hieubt@hcmut.edu.vn)
Lãnh đạo và quản lý toàn diện mọi hoạt động thuộc chức năng, nhiệm vụ và quyền hạn của Trưởng khoa trong trường đại học; chịu trách nhiệm trước Hiệu trưởng Trường Đại học Bách khoa – ĐHQG-HCM và các lãnh đạo cấp trên về mọi mặt hoạt động của Khoa.
Trực tiếp chỉ đạo và quản lý công tác:
Tổ chức – nhân sự.
Tài chính, cơ sở vật chất.
Thi đua – khen thưởng.
Phát triển đào tạo.
Đoàn thể.
Dự án đầu tư.
Triển khai thực hiện chiến lược, định hướng phát triển Khoa.
Phó Trưởng khoa: TS. Phạm Minh Tuấn (Email: pminhtuan@hcmut.edu.vn)
			Phụ trách công tác:
Đào tạo đại học các hệ.
Đào tạo sau đại học.
Thực hành – Thí nghiệm.
Khảo thí – Bảo đảm Chất lượng.
Phó Trưởng khoa: PGS. TS. Nguyễn Quốc Chí (Email: nqchi@hcmut.edu.vn)
			Phụ trách công tác:
Khoa học và công nghệ.
Quan hệ quốc tế, quan hệ doanh nghiệp.
Thoả thuận hợp tác (MOU) giữa khoa với đối tác.
Dự toán mua sắm, sửa chữa thiết bị.
Cựu sinh viên.
Triển khai thực hiện chiến lược, định hướng phát triển Khoa.
Phó Trưởng khoa: PGS. TS. Phạm Quang Trung (Email: quangtrung@hcmut.edu.vn)
		Phụ trách công tác:
Sinh viên, giáo viên chủ nhiệm.
Quản trị thương hiệu – Truyền thông, tổ chức sự kiện.
ISO.
Quản lý website của Khoa.
Báo cáo, thống kê số liệu.
Tuyển sinh (tư vấn, tiếp đoàn học sinh tham quan,…).
Văn phòng Khoa."
196,Email của trưởng khoa Cơ khí là gì?,0283 8661 320 \- 5818,"Khoa Cơ khí
Cơ cấu nhân sự:
Ban Chủ nhiệm Khoa
Trưởng khoa: PGS. TS. Bùi Trọng Hiếu (Email: hieubt@hcmut.edu.vn)
Lãnh đạo và quản lý toàn diện mọi hoạt động thuộc chức năng, nhiệm vụ và quyền hạn của Trưởng khoa trong trường đại học; chịu trách nhiệm trước Hiệu trưởng Trường Đại học Bách khoa – ĐHQG-HCM và các lãnh đạo cấp trên về mọi mặt hoạt động của Khoa.
Trực tiếp chỉ đạo và quản lý công tác:
Tổ chức – nhân sự.
Tài chính, cơ sở vật chất.
Thi đua – khen thưởng.
Phát triển đào tạo.
Đoàn thể.
Dự án đầu tư.
Triển khai thực hiện chiến lược, định hướng phát triển Khoa."
197,Mình xin web của khoa Cơ khí với.,"Văn phòng: C4 – 268 Lý Thường Kiệt, Quận 10, TP. HCM  
   Điện thoại: 0283 8661 320 \- 5818  
   Fax: 0283 8661 843  
   Website: https://fmt.hcmut.edu.vn  
   Email: fmt@hcmut.edu.vn  
   Trưởng khoa: TS. Nguyễn Khánh Sơn  
   Email của Trưởng khoa: ksnguyen@hcmut.edu.vn","Khoa Công nghệ Vật liệu
Cơ cấu nhân sự: 
Ban Chủ nhiệm Khoa
Trưởng khoa: TS. Nguyễn Khánh Sơn (Email: ksnguyen@hcmut.edu.vn)
Lãnh đạo và quản lý toàn diện mọi hoạt động thuộc chức năng, nhiệm vụ và quyền hạn của Khoa, Trưởng khoa theo Quy chế tạm thời về tổ chức và hoạt động của Nhà Trường và các văn bản pháp lý liên quan. Chịu trách nhiệm trước Hiệu trưởng Trường Đại học Bách khoa về mọi mặt công tác thuộc chức năng, nhiệm vụ và quyền hạn của Khoa.
Trực tiếp chỉ đạo, xử lý và ký công văn, giấy tờ... công việc các mảng:
Triển khai chiến lược định hướng phát triển chung Khoa, tổ chức - nhân sự, kế hoạch - tài chính, cơ sở vật chất, thi đua - khen thưởng, các hội đồng;
Hệ thống quy trình, quản lý chất lượng theo tiêu chuẩn ISO 9001:2015;
An ninh nội bộ, An toàn vệ sinh lao động, Phòng cháy chữa cháy;
Truyền thông thương hiệu, Phong trào đoàn thể;
Kế hoạch họp giao ban hàng tháng, tổng kết và báo cáo tháng/năm;
Hướng nghiệp người học - Tuyển sinh;
Cựu sinh viên - Quan hệ Doanh nghiệp."
198,Fax của khoa Công nghệ Vật liệu?,ksnguyen@hcmut.edu.vn,"Khoa Công nghệ Vật liệu
Cơ cấu nhân sự: 
Ban Chủ nhiệm Khoa
Trưởng khoa: TS. Nguyễn Khánh Sơn (Email: ksnguyen@hcmut.edu.vn)
Lãnh đạo và quản lý toàn diện mọi hoạt động thuộc chức năng, nhiệm vụ và quyền hạn của Khoa, Trưởng khoa theo Quy chế tạm thời về tổ chức và hoạt động của Nhà Trường và các văn bản pháp lý liên quan. Chịu trách nhiệm trước Hiệu trưởng Trường Đại học Bách khoa về mọi mặt công tác thuộc chức năng, nhiệm vụ và quyền hạn của Khoa.
Trực tiếp chỉ đạo, xử lý và ký công văn, giấy tờ... công việc các mảng:
Triển khai chiến lược định hướng phát triển chung Khoa, tổ chức - nhân sự, kế hoạch - tài chính, cơ sở vật chất, thi đua - khen thưởng, các hội đồng;
Hệ thống quy trình, quản lý chất lượng theo tiêu chuẩn ISO 9001:2015;
An ninh nội bộ, An toàn vệ sinh lao động, Phòng cháy chữa cháy;
Truyền thông thương hiệu, Phong trào đoàn thể;
Kế hoạch họp giao ban hàng tháng, tổng kết và báo cáo tháng/năm;
Hướng nghiệp người học - Tuyển sinh;
Cựu sinh viên - Quan hệ Doanh nghiệp."
199,Số điện thoại của khoa Công nghệ Vật liệu là gì?,https://fmt.hcmut.edu.vn,"Khoa Công nghệ Vật liệu
Cơ cấu nhân sự: 
Ban Chủ nhiệm Khoa
Trưởng khoa: TS. Nguyễn Khánh Sơn (Email: ksnguyen@hcmut.edu.vn)
Lãnh đạo và quản lý toàn diện mọi hoạt động thuộc chức năng, nhiệm vụ và quyền hạn của Khoa, Trưởng khoa theo Quy chế tạm thời về tổ chức và hoạt động của Nhà Trường và các văn bản pháp lý liên quan. Chịu trách nhiệm trước Hiệu trưởng Trường Đại học Bách khoa về mọi mặt công tác thuộc chức năng, nhiệm vụ và quyền hạn của Khoa.
Trực tiếp chỉ đạo, xử lý và ký công văn, giấy tờ... công việc các mảng:
Triển khai chiến lược định hướng phát triển chung Khoa, tổ chức - nhân sự, kế hoạch - tài chính, cơ sở vật chất, thi đua - khen thưởng, các hội đồng;
Hệ thống quy trình, quản lý chất lượng theo tiêu chuẩn ISO 9001:2015;
An ninh nội bộ, An toàn vệ sinh lao động, Phòng cháy chữa cháy;
Truyền thông thương hiệu, Phong trào đoàn thể;
Kế hoạch họp giao ban hàng tháng, tổng kết và báo cáo tháng/năm;
Hướng nghiệp người học - Tuyển sinh;
Cựu sinh viên - Quan hệ Doanh nghiệp."
200,Mình có thế liên hệ với khoa Công nghệ Vật liệu qua đâu vậy?,TS. Nguyễn Khánh Sơn,"Khoa Công nghệ Vật liệu
Cơ cấu nhân sự: 
Ban Chủ nhiệm Khoa
Trưởng khoa: TS. Nguyễn Khánh Sơn (Email: ksnguyen@hcmut.edu.vn)
Lãnh đạo và quản lý toàn diện mọi hoạt động thuộc chức năng, nhiệm vụ và quyền hạn của Khoa, Trưởng khoa theo Quy chế tạm thời về tổ chức và hoạt động của Nhà Trường và các văn bản pháp lý liên quan. Chịu trách nhiệm trước Hiệu trưởng Trường Đại học Bách khoa về mọi mặt công tác thuộc chức năng, nhiệm vụ và quyền hạn của Khoa.
Trực tiếp chỉ đạo, xử lý và ký công văn, giấy tờ... công việc các mảng:
Triển khai chiến lược định hướng phát triển chung Khoa, tổ chức - nhân sự, kế hoạch - tài chính, cơ sở vật chất, thi đua - khen thưởng, các hội đồng;
Hệ thống quy trình, quản lý chất lượng theo tiêu chuẩn ISO 9001:2015;
An ninh nội bộ, An toàn vệ sinh lao động, Phòng cháy chữa cháy;
Truyền thông thương hiệu, Phong trào đoàn thể;
Kế hoạch họp giao ban hàng tháng, tổng kết và báo cáo tháng/năm;
Hướng nghiệp người học - Tuyển sinh;
Cựu sinh viên - Quan hệ Doanh nghiệp."
201,Email của thầy trưởng khoa Công nghệ Vật liệu là gì vậy?,"C4 – 268 Lý Thường Kiệt, Quận 10, TP. HCM","Khoa Công nghệ Vật liệu
Cơ cấu nhân sự: 
Ban Chủ nhiệm Khoa
Trưởng khoa: TS. Nguyễn Khánh Sơn (Email: ksnguyen@hcmut.edu.vn)
Lãnh đạo và quản lý toàn diện mọi hoạt động thuộc chức năng, nhiệm vụ và quyền hạn của Khoa, Trưởng khoa theo Quy chế tạm thời về tổ chức và hoạt động của Nhà Trường và các văn bản pháp lý liên quan. Chịu trách nhiệm trước Hiệu trưởng Trường Đại học Bách khoa về mọi mặt công tác thuộc chức năng, nhiệm vụ và quyền hạn của Khoa.
Trực tiếp chỉ đạo, xử lý và ký công văn, giấy tờ... công việc các mảng:
Triển khai chiến lược định hướng phát triển chung Khoa, tổ chức - nhân sự, kế hoạch - tài chính, cơ sở vật chất, thi đua - khen thưởng, các hội đồng;
Hệ thống quy trình, quản lý chất lượng theo tiêu chuẩn ISO 9001:2015;
An ninh nội bộ, An toàn vệ sinh lao động, Phòng cháy chữa cháy;
Truyền thông thương hiệu, Phong trào đoàn thể;
Kế hoạch họp giao ban hàng tháng, tổng kết và báo cáo tháng/năm;
Hướng nghiệp người học - Tuyển sinh;
Cựu sinh viên - Quan hệ Doanh nghiệp."
202,Web của khoa Công nghệ Vật liệu là gì vậy ạ?,"B1 – 268 Lý Thường Kiệt, Quận 10, TP. HCM","Khoa Công nghệ Vật liệu
Cơ cấu nhân sự: 
Ban Chủ nhiệm Khoa
Trưởng khoa: TS. Nguyễn Khánh Sơn (Email: ksnguyen@hcmut.edu.vn)
Lãnh đạo và quản lý toàn diện mọi hoạt động thuộc chức năng, nhiệm vụ và quyền hạn của Khoa, Trưởng khoa theo Quy chế tạm thời về tổ chức và hoạt động của Nhà Trường và các văn bản pháp lý liên quan. Chịu trách nhiệm trước Hiệu trưởng Trường Đại học Bách khoa về mọi mặt công tác thuộc chức năng, nhiệm vụ và quyền hạn của Khoa.
Trực tiếp chỉ đạo, xử lý và ký công văn, giấy tờ... công việc các mảng:
Triển khai chiến lược định hướng phát triển chung Khoa, tổ chức - nhân sự, kế hoạch - tài chính, cơ sở vật chất, thi đua - khen thưởng, các hội đồng;
Hệ thống quy trình, quản lý chất lượng theo tiêu chuẩn ISO 9001:2015;
An ninh nội bộ, An toàn vệ sinh lao động, Phòng cháy chữa cháy;
Truyền thông thương hiệu, Phong trào đoàn thể;
Kế hoạch họp giao ban hàng tháng, tổng kết và báo cáo tháng/năm;
Hướng nghiệp người học - Tuyển sinh;
Cựu sinh viên - Quan hệ Doanh nghiệp."
203,Ai đang là trưởng khoa Công nghệ Vật liệu của trường mình vậy?,0283 8657 296 \- 5746,"Khoa Công nghệ Vật liệu
Cơ cấu nhân sự: 
Ban Chủ nhiệm Khoa
Trưởng khoa: TS. Nguyễn Khánh Sơn (Email: ksnguyen@hcmut.edu.vn)
Lãnh đạo và quản lý toàn diện mọi hoạt động thuộc chức năng, nhiệm vụ và quyền hạn của Khoa, Trưởng khoa theo Quy chế tạm thời về tổ chức và hoạt động của Nhà Trường và các văn bản pháp lý liên quan. Chịu trách nhiệm trước Hiệu trưởng Trường Đại học Bách khoa về mọi mặt công tác thuộc chức năng, nhiệm vụ và quyền hạn của Khoa.
Trực tiếp chỉ đạo, xử lý và ký công văn, giấy tờ... công việc các mảng:
Triển khai chiến lược định hướng phát triển chung Khoa, tổ chức - nhân sự, kế hoạch - tài chính, cơ sở vật chất, thi đua - khen thưởng, các hội đồng;
Hệ thống quy trình, quản lý chất lượng theo tiêu chuẩn ISO 9001:2015;
An ninh nội bộ, An toàn vệ sinh lao động, Phòng cháy chữa cháy;
Truyền thông thương hiệu, Phong trào đoàn thể;
Kế hoạch họp giao ban hàng tháng, tổng kết và báo cáo tháng/năm;
Hướng nghiệp người học - Tuyển sinh;
Cựu sinh viên - Quan hệ Doanh nghiệp."
204,Văn phòng khoa Công nghệ Vật liệu ở đâu?,https://dee.hcmut.edu.vn/,"Khoa Công nghệ Vật liệu
Cơ cấu nhân sự: 
Ban Chủ nhiệm Khoa
Trưởng khoa: TS. Nguyễn Khánh Sơn (Email: ksnguyen@hcmut.edu.vn)
Lãnh đạo và quản lý toàn diện mọi hoạt động thuộc chức năng, nhiệm vụ và quyền hạn của Khoa, Trưởng khoa theo Quy chế tạm thời về tổ chức và hoạt động của Nhà Trường và các văn bản pháp lý liên quan. Chịu trách nhiệm trước Hiệu trưởng Trường Đại học Bách khoa về mọi mặt công tác thuộc chức năng, nhiệm vụ và quyền hạn của Khoa.
Trực tiếp chỉ đạo, xử lý và ký công văn, giấy tờ... công việc các mảng:
Triển khai chiến lược định hướng phát triển chung Khoa, tổ chức - nhân sự, kế hoạch - tài chính, cơ sở vật chất, thi đua - khen thưởng, các hội đồng;
Hệ thống quy trình, quản lý chất lượng theo tiêu chuẩn ISO 9001:2015;
An ninh nội bộ, An toàn vệ sinh lao động, Phòng cháy chữa cháy;
Truyền thông thương hiệu, Phong trào đoàn thể;
Kế hoạch họp giao ban hàng tháng, tổng kết và báo cáo tháng/năm;
Hướng nghiệp người học - Tuyển sinh;
Cựu sinh viên - Quan hệ Doanh nghiệp."
205,Văn phòng khoa Điện nằm ở đâu?,"Văn phòng: B1 – 268 Lý Thường Kiệt, Quận 10, TP. HCM  
   Điện thoại: 0283 8657 296 \- 5746  
   Fax: 0283 8645 796  
   Website: https://dee.hcmut.edu.vn/  
   Email: vpk\_dee@hcmut.edu.vn  
   Trưởng khoa: TS. Nguyễn Quang Nam  
   Email của Trưởng khoa: nqnam@hcmut.edu.vn","Khoa Điện - Điện tử
Cơ cấu nhân sự: 
Ban Chủ nhiệm Khoa
Trưởng khoa: TS. Nguyễn Quang Nam (Email: nqnam@hcmut.edu.vn)
Lãnh đạo và quản lý chung các hoạt động trong Khoa:
Công tác tổ chức nhân sự, tài chính.
Quản lý các dự án hợp tác quốc tế, các chương trình đào tạo quốc tế.
Xây dựng mô hình tổ chức hoạt động, định hướng phát triển của Khoa.
Tổ chức các hội đồng trong Khoa (Hội đồng Khoa học và Đào tạo, Hội đồng Tuyển dụng, Hội đồng Thi đua - Khen thưởng, Hội đồng Kỷ luật)."
206,Mình có thể gọi khoa Điện - Điện tử qua số nào?,TS. Nguyễn Quang Nam,"Khoa Điện - Điện tử
Cơ cấu nhân sự: 
Ban Chủ nhiệm Khoa
Trưởng khoa: TS. Nguyễn Quang Nam (Email: nqnam@hcmut.edu.vn)
Lãnh đạo và quản lý chung các hoạt động trong Khoa:
Công tác tổ chức nhân sự, tài chính.
Quản lý các dự án hợp tác quốc tế, các chương trình đào tạo quốc tế.
Xây dựng mô hình tổ chức hoạt động, định hướng phát triển của Khoa.
Tổ chức các hội đồng trong Khoa (Hội đồng Khoa học và Đào tạo, Hội đồng Tuyển dụng, Hội đồng Thi đua - Khen thưởng, Hội đồng Kỷ luật)."
207,Khoa Điện - Điện tử có web là gì á?,nqnam@hcmut.edu.vn,"Khoa Điện - Điện tử
Cơ cấu nhân sự: 
Ban Chủ nhiệm Khoa
Trưởng khoa: TS. Nguyễn Quang Nam (Email: nqnam@hcmut.edu.vn)
Lãnh đạo và quản lý chung các hoạt động trong Khoa:
Công tác tổ chức nhân sự, tài chính.
Quản lý các dự án hợp tác quốc tế, các chương trình đào tạo quốc tế.
Xây dựng mô hình tổ chức hoạt động, định hướng phát triển của Khoa.
Tổ chức các hội đồng trong Khoa (Hội đồng Khoa học và Đào tạo, Hội đồng Tuyển dụng, Hội đồng Thi đua - Khen thưởng, Hội đồng Kỷ luật)."
208,Mình có thể liên hệ với khoa Điện - Điện tử qua những cách nào?,0283 8645 796,"Khoa Điện - Điện tử
Cơ cấu nhân sự: 
Ban Chủ nhiệm Khoa
Trưởng khoa: TS. Nguyễn Quang Nam (Email: nqnam@hcmut.edu.vn)
Lãnh đạo và quản lý chung các hoạt động trong Khoa:
Công tác tổ chức nhân sự, tài chính.
Quản lý các dự án hợp tác quốc tế, các chương trình đào tạo quốc tế.
Xây dựng mô hình tổ chức hoạt động, định hướng phát triển của Khoa.
Tổ chức các hội đồng trong Khoa (Hội đồng Khoa học và Đào tạo, Hội đồng Tuyển dụng, Hội đồng Thi đua - Khen thưởng, Hội đồng Kỷ luật).
Phó Trưởng khoa: PGS. TS. Võ Ngọc Điều (Email: vndieu@hcmut.edu.vn)
Phụ trách Đảm bảo chất lượng, Cơ sở vật chất và KHCN:
Phát triển các dự án và lao động sản xuất.
Công tác phòng thí nghiệm, cơ sở vật chất và trang thiết bị.
Công tác kiểm định và đảm bảo chất lượng.
Phó Trưởng khoa: TS. Huỳnh Phú Minh Cường (Email: hpmcuong@hcmut.edu.vn)
Phụ trách Khoa học Công nghệ, Đào tạo Sau đại học và Đối ngoại:
Nghiên cứu khoa học và chuyển giao công nghệ.
Đào tạo sau đại học.
Quan hệ doanh nghiệp - cựu sinh viên - địa phương.
Truyền thông và quảng bá hình ảnh Khoa.
Phó Trưởng khoa: PGS. TS. Phan Quốc Dũng (Email: pqdung@hcmut.edu.vn)
Phụ trách Đào tạo Đại học và công tác sinh viên:
Đào tạo bậc đại học chính quy, không chính quy, liên kết cạnh xí nghiệp, liên kết địa phương, từ xa.
Công tác thư viện và giáo trình.
Công tác sinh viên, các hoạt động đoàn thể của sinh viên và dữ liệu thông tin cựu sinh viên."
209,Trưởng khoa Điện - Điện tử hiện đang là ai?,"Văn phòng: 101B4 – 268 Lý Thường Kiệt, Quận 10, TP. HCM  
   Điện thoại: 0283 8635 869 \- 5317  
   Fax: 0283 8635 869  
   Website: https://fas.hcmut.edu.vn  
   Email: fas@hcmut.edu.vn  
   Trưởng khoa: TS. Lê Xuân Đại   
   Email của Trưởng khoa: ytkadai@hcmut.edu.vn","Khoa Điện - Điện tử
Cơ cấu nhân sự: 
Ban Chủ nhiệm Khoa
Trưởng khoa: TS. Nguyễn Quang Nam (Email: nqnam@hcmut.edu.vn)
Lãnh đạo và quản lý chung các hoạt động trong Khoa:
Công tác tổ chức nhân sự, tài chính.
Quản lý các dự án hợp tác quốc tế, các chương trình đào tạo quốc tế.
Xây dựng mô hình tổ chức hoạt động, định hướng phát triển của Khoa.
Tổ chức các hội đồng trong Khoa (Hội đồng Khoa học và Đào tạo, Hội đồng Tuyển dụng, Hội đồng Thi đua - Khen thưởng, Hội đồng Kỷ luật)."
210,Email của trưởng khoa Điện - Điện tử là gì?,0283 8635 869 \- 5317,"Khoa Điện - Điện tử
Cơ cấu nhân sự: 
Ban Chủ nhiệm Khoa
Trưởng khoa: TS. Nguyễn Quang Nam (Email: nqnam@hcmut.edu.vn)
Lãnh đạo và quản lý chung các hoạt động trong Khoa:
Công tác tổ chức nhân sự, tài chính.
Quản lý các dự án hợp tác quốc tế, các chương trình đào tạo quốc tế.
Xây dựng mô hình tổ chức hoạt động, định hướng phát triển của Khoa.
Tổ chức các hội đồng trong Khoa (Hội đồng Khoa học và Đào tạo, Hội đồng Tuyển dụng, Hội đồng Thi đua - Khen thưởng, Hội đồng Kỷ luật)."
211,Số fax của khoa Điện - Điện tử là bao nhiêu vậy?,TS. Lê Xuân Đại,"Khoa Khoa học Ứng dụng
Cơ cấu nhân sự: 
Ban Chủ nhiệm Khoa
Trưởng khoa: TS. Lê Xuân Đại (Email: ytkadai@hcmut.edu.vn)
Phó Trưởng khoa: PGS. TS. Trần Trung Nghĩa (Email: ttnghia@hcmut.edu.vn)
Phó Trưởng khoa: TS. Đào Thị Bích Hồng (Email: daobichhong@hcmut.edu.vn)
Phó Trưởng khoa: PGS. TS. Nguyễn Thanh Nhã (Email: nhanguyen@hcmut.edu.vn)"
212,Mình có thể liên hệ với Khoa Khoa học Ứng dụng qua những cách nào?,101 nhà B4,"Khoa Khoa học Ứng dụng
Cơ cấu nhân sự: 
Ban Chủ nhiệm Khoa
Trưởng khoa: TS. Lê Xuân Đại (Email: ytkadai@hcmut.edu.vn)
Phó Trưởng khoa: PGS. TS. Trần Trung Nghĩa (Email: ttnghia@hcmut.edu.vn)
Phó Trưởng khoa: TS. Đào Thị Bích Hồng (Email: daobichhong@hcmut.edu.vn)
Phó Trưởng khoa: PGS. TS. Nguyễn Thanh Nhã (Email: nhanguyen@hcmut.edu.vn)
Bộ môn
Bộ môn Vật lý Kỹ thuật Y sinh
Trưởng bộ môn: PGS. TS. Trần Thị Thu Hạnh
Email: thuhanhsp@hcmut.edu.vn
Bộ môn Cơ kỹ thuật
Trưởng bộ môn: TS. Nguyễn Duy Khương
Email: ndkhuong@hcmut.edu.vn
Bộ môn Lý luận Chính trị
Trưởng bộ môn: TS. Đào Thị Bích Hồng
Email: daobichhong@hcmut.edu.vn
Bộ môn Toán ứng dụng
Trưởng bộ môn: TS. Nguyễn Tiến Dũng
Email: dungnt@hcmut.edu.vn
Bộ môn Vật lý Ứng dụng
Trưởng bộ môn: TS. Đậu Sỹ Hiếu
Email: dausyhieu@hcmut.edu.vn"
213,Số điện thoại của khoa Khoa học Ứng dụng là gì?,0283 8635 869,"Khoa Khoa học Ứng dụng
Cơ cấu nhân sự: 
Ban Chủ nhiệm Khoa
Trưởng khoa: TS. Lê Xuân Đại (Email: ytkadai@hcmut.edu.vn)
Phó Trưởng khoa: PGS. TS. Trần Trung Nghĩa (Email: ttnghia@hcmut.edu.vn)
Phó Trưởng khoa: TS. Đào Thị Bích Hồng (Email: daobichhong@hcmut.edu.vn)
Phó Trưởng khoa: PGS. TS. Nguyễn Thanh Nhã (Email: nhanguyen@hcmut.edu.vn)
Bộ môn
Bộ môn Vật lý Kỹ thuật Y sinh
Trưởng bộ môn: PGS. TS. Trần Thị Thu Hạnh
Email: thuhanhsp@hcmut.edu.vn
Bộ môn Cơ kỹ thuật
Trưởng bộ môn: TS. Nguyễn Duy Khương
Email: ndkhuong@hcmut.edu.vn
Bộ môn Lý luận Chính trị
Trưởng bộ môn: TS. Đào Thị Bích Hồng
Email: daobichhong@hcmut.edu.vn
Bộ môn Toán ứng dụng
Trưởng bộ môn: TS. Nguyễn Tiến Dũng
Email: dungnt@hcmut.edu.vn
Bộ môn Vật lý Ứng dụng
Trưởng bộ môn: TS. Đậu Sỹ Hiếu
Email: dausyhieu@hcmut.edu.vn"
214,Cho mình hỏi ailà trưởng khoa Khoa học Ứng dụng vậy ạ?,https://fas.hcmut.edu.vn,"Khoa Khoa học Ứng dụng
Cơ cấu nhân sự: 
Ban Chủ nhiệm Khoa
Trưởng khoa: TS. Lê Xuân Đại (Email: ytkadai@hcmut.edu.vn)
Phó Trưởng khoa: PGS. TS. Trần Trung Nghĩa (Email: ttnghia@hcmut.edu.vn)
Phó Trưởng khoa: TS. Đào Thị Bích Hồng (Email: daobichhong@hcmut.edu.vn)
Phó Trưởng khoa: PGS. TS. Nguyễn Thanh Nhã (Email: nhanguyen@hcmut.edu.vn)"
215,Văn phòng của Khoa học Ứng dụng ở đâu tại trường mình ạ?,ytkadai@hcmut.edu.vn,"Khoa Khoa học Ứng dụng
Cơ cấu nhân sự: 
Ban Chủ nhiệm Khoa
Trưởng khoa: TS. Lê Xuân Đại (Email: ytkadai@hcmut.edu.vn)
Phó Trưởng khoa: PGS. TS. Trần Trung Nghĩa (Email: ttnghia@hcmut.edu.vn)
Phó Trưởng khoa: TS. Đào Thị Bích Hồng (Email: daobichhong@hcmut.edu.vn)
Phó Trưởng khoa: PGS. TS. Nguyễn Thanh Nhã (Email: nhanguyen@hcmut.edu.vn)"
216,Fax của khoa Khoa học Ứng dụng là gì?,"Văn phòng: Tòa nhà A3 – 268 Lý Thường Kiệt, Phường 14, Quận 10, TP. HCM  
   Điện thoại: 0283 8647256 \- 7847  
   Fax: 0283 8645137  
   Website: https://cse.hcmut.edu.vn  
   Email: kkhktmt@hcmut.edu.vn  
   Trưởng khoa: PGS. TS. Quản Thành Thơ  
   Email của Trưởng khoa: qttho@hcmut.edu.vn","Khoa Khoa học và Kỹ thuật Máy tính
Cơ cấu nhân sự: 
Ban Chủ nhiệm Khoa
Trưởng khoa: PGS. TS. Quản Thành Thơ (Email: qttho@hcmut.edu.vn)
Phó Trưởng khoa: PGS. TS. Phạm Quốc Cường
Phó Trưởng khoa: PGS. TS. Phạm Hoàng Anh
Phó Trưởng khoa: PGS. TS. Trần Ngọc Thịnh
Bộ môn
Bộ môn Công nghệ Phần mềm: Trưởng bộ môn: TS. Trương Tuấn Anh
Bộ môn Hệ thống thông tin: Khoa trực tiếp phụ trách
Bộ môn Hệ thống và Mạng máy tính: Trưởng bộ môn: TS. Nguyễn Đức Thái
Bộ môn Khoa học Máy tính: Trưởng bộ môn: PGS. TS. Lê Hồng Trang
Bộ môn Kỹ thuật Máy tính: Khoa trực tiếp phụ trách
Đào tạo:
Bậc Đại học: 
Chương trình Tiêu chuẩn: 
Khoa học Máy tính: Chuyên ngành: Khoa học Máy tính, Công nghệ Dữ liệu và Dữ liệu lớn, An ninh Hệ thống và Mạng, Trí tuệ Nhân tạo, Công nghệ Phần mềm
Kỹ thuật Máy tính: Chuyên ngành: Kỹ thuật Máy tính, Hệ thống Tính toán Nâng cao, Internet Vạn vật, Thiết kế Vi mạch số
Chương trình Dạy và học bằng tiếng Anh: 
Khoa học Máy tính: Chuyên ngành: Khoa học Máy tính, Công nghệ Dữ liệu và Dữ liệu lớn, An ninh Hệ thống và Mạng, Trí tuệ Nhân tạo, Công nghệ Phần mềm
Kỹ thuật Máy tính: Chuyên ngành: Kỹ thuật Máy tính, Hệ thống Tính toán Nâng cao, Internet Vạn vật, Thiết kế Vi mạch số
Chương trình Định hướng Nhật Bản: Khoa học Máy tính: Chuyên ngành: Khoa học Máy tính, Công nghệ Dữ liệu và Dữ liệu lớn, An ninh Hệ thống và Mạng, Trí tuệ Nhân tạo, Công nghệ Phần mềm
Chương trình Chuyển tiếp Quốc tế: ngành Khoa học Máy tính, ngành Kỹ thuật Máy tính
Chương trình Liên kết Cử nhân Kỹ thuật Quốc tế: 
Trí tuệ nhân tạo
Công nghệ thông tin
Bậc Thạc sĩ
Khoa học Máy tính
Hệ thống Thông tin Quản lý
Xưởng, Phòng thí nghiệm:
PTN Tính toán hiệu năng cao
PTN Tính toán nâng cao
PTN HCMUT Renesas SuperH Lab
PTN An ninh mạng
PTN Trí tuệ nhân tạo
PTN Khoa học Dữ liệu
Trung tâm hợp tác nghiên cứu đổi mới và công nghệ HCMUT-UTS"
218,Email của trưởng khoa Khoa học Ứng dụng là gì?,PGS. TS. Quản Thành Thơ,"Khoa Khoa học và Kỹ thuật Máy tính
Cơ cấu nhân sự: 
Ban Chủ nhiệm Khoa
Trưởng khoa: PGS. TS. Quản Thành Thơ (Email: qttho@hcmut.edu.vn)
Phó Trưởng khoa: PGS. TS. Phạm Quốc Cường
Phó Trưởng khoa: PGS. TS. Phạm Hoàng Anh
Phó Trưởng khoa: PGS. TS. Trần Ngọc Thịnh
Bộ môn
Bộ môn Công nghệ Phần mềm: Trưởng bộ môn: TS. Trương Tuấn Anh
Bộ môn Hệ thống thông tin: Khoa trực tiếp phụ trách
Bộ môn Hệ thống và Mạng máy tính: Trưởng bộ môn: TS. Nguyễn Đức Thái
Bộ môn Khoa học Máy tính: Trưởng bộ môn: PGS. TS. Lê Hồng Trang
Bộ môn Kỹ thuật Máy tính: Khoa trực tiếp phụ trách"
219,Mình liên hệ với Khoa Khoa học và Kỹ thuật Máy tính qua đâu ạ?,0283 8647256 - 7847,"Khoa Khoa học và Kỹ thuật Máy tính
Cơ cấu nhân sự: 
Ban Chủ nhiệm Khoa
Trưởng khoa: PGS. TS. Quản Thành Thơ (Email: qttho@hcmut.edu.vn)
Phó Trưởng khoa: PGS. TS. Phạm Quốc Cường
Phó Trưởng khoa: PGS. TS. Phạm Hoàng Anh
Phó Trưởng khoa: PGS. TS. Trần Ngọc Thịnh
Bộ môn
Bộ môn Công nghệ Phần mềm: Trưởng bộ môn: TS. Trương Tuấn Anh
Bộ môn Hệ thống thông tin: Khoa trực tiếp phụ trách
Bộ môn Hệ thống và Mạng máy tính: Trưởng bộ môn: TS. Nguyễn Đức Thái
Bộ môn Khoa học Máy tính: Trưởng bộ môn: PGS. TS. Lê Hồng Trang
Bộ môn Kỹ thuật Máy tính: Khoa trực tiếp phụ trách
Đào tạo:
Bậc Đại học: 
Chương trình Tiêu chuẩn: 
Khoa học Máy tính: Chuyên ngành: Khoa học Máy tính, Công nghệ Dữ liệu và Dữ liệu lớn, An ninh Hệ thống và Mạng, Trí tuệ Nhân tạo, Công nghệ Phần mềm
Kỹ thuật Máy tính: Chuyên ngành: Kỹ thuật Máy tính, Hệ thống Tính toán Nâng cao, Internet Vạn vật, Thiết kế Vi mạch số
Chương trình Dạy và học bằng tiếng Anh: 
Khoa học Máy tính: Chuyên ngành: Khoa học Máy tính, Công nghệ Dữ liệu và Dữ liệu lớn, An ninh Hệ thống và Mạng, Trí tuệ Nhân tạo, Công nghệ Phần mềm
Kỹ thuật Máy tính: Chuyên ngành: Kỹ thuật Máy tính, Hệ thống Tính toán Nâng cao, Internet Vạn vật, Thiết kế Vi mạch số
Chương trình Định hướng Nhật Bản: Khoa học Máy tính: Chuyên ngành: Khoa học Máy tính, Công nghệ Dữ liệu và Dữ liệu lớn, An ninh Hệ thống và Mạng, Trí tuệ Nhân tạo, Công nghệ Phần mềm
Chương trình Chuyển tiếp Quốc tế: ngành Khoa học Máy tính, ngành Kỹ thuật Máy tính
Chương trình Liên kết Cử nhân Kỹ thuật Quốc tế: 
Trí tuệ nhân tạo
Công nghệ thông tin
Bậc Thạc sĩ
Khoa học Máy tính
Hệ thống Thông tin Quản lý
Xưởng, Phòng thí nghiệm:
PTN Tính toán hiệu năng cao
PTN Tính toán nâng cao
PTN HCMUT Renesas SuperH Lab
PTN An ninh mạng
PTN Trí tuệ nhân tạo
PTN Khoa học Dữ liệu
Trung tâm hợp tác nghiên cứu đổi mới và công nghệ HCMUT-UTS"
220,Web của khoa Máy tính là gì vậy ạ?,"nhà A3, số 268 Lý Thường Kiệt, Phường 14, Quận 10, Thành phố Hồ Chí Minh","Khoa Khoa học và Kỹ thuật Máy tính
Cơ cấu nhân sự: 
Ban Chủ nhiệm Khoa
Trưởng khoa: PGS. TS. Quản Thành Thơ (Email: qttho@hcmut.edu.vn)
Phó Trưởng khoa: PGS. TS. Phạm Quốc Cường
Phó Trưởng khoa: PGS. TS. Phạm Hoàng Anh
Phó Trưởng khoa: PGS. TS. Trần Ngọc Thịnh
Bộ môn
Bộ môn Công nghệ Phần mềm: Trưởng bộ môn: TS. Trương Tuấn Anh
Bộ môn Hệ thống thông tin: Khoa trực tiếp phụ trách
Bộ môn Hệ thống và Mạng máy tính: Trưởng bộ môn: TS. Nguyễn Đức Thái
Bộ môn Khoa học Máy tính: Trưởng bộ môn: PGS. TS. Lê Hồng Trang
Bộ môn Kỹ thuật Máy tính: Khoa trực tiếp phụ trách
Đào tạo:
Bậc Đại học: 
Chương trình Tiêu chuẩn: 
Khoa học Máy tính: Chuyên ngành: Khoa học Máy tính, Công nghệ Dữ liệu và Dữ liệu lớn, An ninh Hệ thống và Mạng, Trí tuệ Nhân tạo, Công nghệ Phần mềm
Kỹ thuật Máy tính: Chuyên ngành: Kỹ thuật Máy tính, Hệ thống Tính toán Nâng cao, Internet Vạn vật, Thiết kế Vi mạch số
Chương trình Dạy và học bằng tiếng Anh: 
Khoa học Máy tính: Chuyên ngành: Khoa học Máy tính, Công nghệ Dữ liệu và Dữ liệu lớn, An ninh Hệ thống và Mạng, Trí tuệ Nhân tạo, Công nghệ Phần mềm
Kỹ thuật Máy tính: Chuyên ngành: Kỹ thuật Máy tính, Hệ thống Tính toán Nâng cao, Internet Vạn vật, Thiết kế Vi mạch số
Chương trình Định hướng Nhật Bản: Khoa học Máy tính: Chuyên ngành: Khoa học Máy tính, Công nghệ Dữ liệu và Dữ liệu lớn, An ninh Hệ thống và Mạng, Trí tuệ Nhân tạo, Công nghệ Phần mềm
Chương trình Chuyển tiếp Quốc tế: ngành Khoa học Máy tính, ngành Kỹ thuật Máy tính
Chương trình Liên kết Cử nhân Kỹ thuật Quốc tế: 
Trí tuệ nhân tạo
Công nghệ thông tin
Bậc Thạc sĩ
Khoa học Máy tính
Hệ thống Thông tin Quản lý
Xưởng, Phòng thí nghiệm:
PTN Tính toán hiệu năng cao
PTN Tính toán nâng cao
PTN HCMUT Renesas SuperH Lab
PTN An ninh mạng
PTN Trí tuệ nhân tạo
PTN Khoa học Dữ liệu
Trung tâm hợp tác nghiên cứu đổi mới và công nghệ HCMUT-UTS"
222,Số điện thoại của khoa Khoa học và Kỹ thuật Máy tính là gì?,qttho@hcmut.edu.vn,"Khoa Khoa học và Kỹ thuật Máy tính
Cơ cấu nhân sự: 
Ban Chủ nhiệm Khoa
Trưởng khoa: PGS. TS. Quản Thành Thơ (Email: qttho@hcmut.edu.vn)
Phó Trưởng khoa: PGS. TS. Phạm Quốc Cường
Phó Trưởng khoa: PGS. TS. Phạm Hoàng Anh
Phó Trưởng khoa: PGS. TS. Trần Ngọc Thịnh
Bộ môn
Bộ môn Công nghệ Phần mềm: Trưởng bộ môn: TS. Trương Tuấn Anh
Bộ môn Hệ thống thông tin: Khoa trực tiếp phụ trách
Bộ môn Hệ thống và Mạng máy tính: Trưởng bộ môn: TS. Nguyễn Đức Thái
Bộ môn Khoa học Máy tính: Trưởng bộ môn: PGS. TS. Lê Hồng Trang
Bộ môn Kỹ thuật Máy tính: Khoa trực tiếp phụ trách"
223,Văn phòng của khoa Khoa học và Kỹ thuật Máy tính ở đâu?,"Văn phòng: B8 – 268 Lý Thường Kiệt, Quận 10, TP. HCM  
   Điện thoại: 0283 8654 086 \- 5777  
   Fax: 0283 8654 086  
   Website: https://geopet.hcmut.edu.vn  
   Email: geopet@hcmut.edu.vn  
   Trưởng khoa: TS. Võ Đại Nhật","Khoa Kỹ thuật Địa chất và Dầu khí
Cơ cấu nhân sự: 
Ban Chủ nhiệm Khoa
Trưởng khoa: TS. Võ Đại Nhật (Email: nhatvodai@hcmut.edu.vn)
Phó Trưởng khoa: TS. Đào Hồng Hải (Email: dhhai@hcmut.edu.vn)
Phó Trưởng khoa: PGS. TS. Phạm Sơn Tùng (Email: phamsontung@hcmut.edu.vn)
Bộ môn
Bộ môn Khoan và Khai thác Dầu khí: 
Trưởng bộ môn: TS. Mai Cao Lân
Email: maicaolan@hcmut.edu.vn
Bộ môn Tài nguyên Trái đất và Môi trường:
Trưởng bộ môn: TS. Đặng Thương Huyền
Email: huyenus@hcmut.edu.vn
Bộ môn Địa Kỹ thuật: 
Trưởng bộ môn: TS. Ngô Tấn Phong
Email: ngotanphong@hcmut.edu.vn
Bộ môn Kỹ thuật Địa chất Dầu khí:
Trưởng bộ môn: TS. Nguyễn Xuân Khá
Email: nxkha@hcmut.edu.vn"
224,Mình xin link web của khoa Máy tính với.,TS. Võ Đại Nhật,"Khoa Kỹ thuật Địa chất và Dầu khí
Cơ cấu nhân sự: 
Ban Chủ nhiệm Khoa
Trưởng khoa: TS. Võ Đại Nhật (Email: nhatvodai@hcmut.edu.vn)
Phó Trưởng khoa: TS. Đào Hồng Hải (Email: dhhai@hcmut.edu.vn)
Phó Trưởng khoa: PGS. TS. Phạm Sơn Tùng (Email: phamsontung@hcmut.edu.vn)
Bộ môn
Bộ môn Khoan và Khai thác Dầu khí: 
Trưởng bộ môn: TS. Mai Cao Lân
Email: maicaolan@hcmut.edu.vn
Bộ môn Tài nguyên Trái đất và Môi trường:
Trưởng bộ môn: TS. Đặng Thương Huyền
Email: huyenus@hcmut.edu.vn
Bộ môn Địa Kỹ thuật: 
Trưởng bộ môn: TS. Ngô Tấn Phong
Email: ngotanphong@hcmut.edu.vn
Bộ môn Kỹ thuật Địa chất Dầu khí:
Trưởng bộ môn: TS. Nguyễn Xuân Khá
Email: nxkha@hcmut.edu.vn"
225,Cho mình hỏi email của thầy trưởng khoa Khoa học và Kỹ thuật Máy tính là gì vậy?,0283 8654 086 - 5777,"Khoa Khoa học và Kỹ thuật Máy tính
Cơ cấu nhân sự: 
Ban Chủ nhiệm Khoa
Trưởng khoa: PGS. TS. Quản Thành Thơ (Email: qttho@hcmut.edu.vn)
Phó Trưởng khoa: PGS. TS. Phạm Quốc Cường
Phó Trưởng khoa: PGS. TS. Phạm Hoàng Anh
Phó Trưởng khoa: PGS. TS. Trần Ngọc Thịnh"
226,Mình liên hệ với Khoa Kỹ thuật Địa chất và Dầu khí bằng cách nào vậy?,https://geopet.hcmut.edu.vn,"Khoa Kỹ thuật Địa chất và Dầu khí
Cơ cấu nhân sự: 
Ban Chủ nhiệm Khoa
Trưởng khoa: TS. Võ Đại Nhật (Email: nhatvodai@hcmut.edu.vn)
Phó Trưởng khoa: TS. Đào Hồng Hải (Email: dhhai@hcmut.edu.vn)
Phó Trưởng khoa: PGS. TS. Phạm Sơn Tùng (Email: phamsontung@hcmut.edu.vn)
Bộ môn
Bộ môn Khoan và Khai thác Dầu khí: 
Trưởng bộ môn: TS. Mai Cao Lân
Email: maicaolan@hcmut.edu.vn
Bộ môn Tài nguyên Trái đất và Môi trường:
Trưởng bộ môn: TS. Đặng Thương Huyền
Email: huyenus@hcmut.edu.vn
Bộ môn Địa Kỹ thuật: 
Trưởng bộ môn: TS. Ngô Tấn Phong
Email: ngotanphong@hcmut.edu.vn
Bộ môn Kỹ thuật Địa chất Dầu khí:
Trưởng bộ môn: TS. Nguyễn Xuân Khá
Email: nxkha@hcmut.edu.vn
Đào tạo:
Bậc Đại học: 
Chương trình Tiêu chuẩn:
Nhóm ngành Dầu khí - Địa chất
Ngành Địa Kỹ thuật Xây dựng
Chương trình Dạy và học bằng tiếng Anh: Kỹ thuật Dầu khí
Chương trình Chuyển tiếp Quốc tế: Kỹ thuật Dầu khí
Bậc Thạc sĩ
Kỹ thuật Địa chất
Kỹ thuật Dầu khí
Bậc Tiến sĩ
Kỹ thuật Địa chất
Kỹ thuật Dầu khí
Xưởng, Phòng thí nghiệm:
PTN Hiện trường:
Trưởng PTN: TS. Phạm Minh Tuấn
Email: pmtuan@hcmut.edu.vn
PTN Mô phỏng:
Trưởng PTN: TS. Lê Nguyễn Hải Nam
Email: lnhnam@hcmut.edu.vn
PTN Địa kỹ thuật
PTN Tài nguyên Trái đất và Môi trường
PTN Khoan và Khai thác dầu khí
PTN Thạch học"
227,Ai là trưởng khoa Kỹ thuật Địa chất và Dầu khí?,"Trưởng khoa: TS. Võ Đại Nhật  
   Email của Trưởng khoa: nhatvodai@hcmut.edu.vn","Khoa Kỹ thuật Địa chất và Dầu khí
Cơ cấu nhân sự: 
Ban Chủ nhiệm Khoa
Trưởng khoa: TS. Võ Đại Nhật (Email: nhatvodai@hcmut.edu.vn)
Phó Trưởng khoa: TS. Đào Hồng Hải (Email: dhhai@hcmut.edu.vn)
Phó Trưởng khoa: PGS. TS. Phạm Sơn Tùng (Email: phamsontung@hcmut.edu.vn)
Bộ môn
Bộ môn Khoan và Khai thác Dầu khí: 
Trưởng bộ môn: TS. Mai Cao Lân
Email: maicaolan@hcmut.edu.vn
Bộ môn Tài nguyên Trái đất và Môi trường:
Trưởng bộ môn: TS. Đặng Thương Huyền
Email: huyenus@hcmut.edu.vn
Bộ môn Địa Kỹ thuật: 
Trưởng bộ môn: TS. Ngô Tấn Phong
Email: ngotanphong@hcmut.edu.vn
Bộ môn Kỹ thuật Địa chất Dầu khí:
Trưởng bộ môn: TS. Nguyễn Xuân Khá
Email: nxkha@hcmut.edu.vn"
228,Mình có thể gọi khoa Kỹ thuật Địa chất và Dầu khí qua số nào vậy?,"Văn phòng: C5 – 268 Lý Thường Kiệt, Quận 10, TP. HCM  
   Điện thoại: 0283 8653 508 \- 5657  
   Fax: 0283 8653 823  
   Website: https://fte.hcmut.edu.vn   
   Email: dte@hcmut.edu.vn  
   Trưởng khoa: PGS. TS. Trần Hữu Nhân  
   Email của trưởng khoa: thnhan@hcmut.edu.vn","Khoa Kỹ thuật Địa chất và Dầu khí
Cơ cấu nhân sự: 
Ban Chủ nhiệm Khoa
Trưởng khoa: TS. Võ Đại Nhật (Email: nhatvodai@hcmut.edu.vn)
Phó Trưởng khoa: TS. Đào Hồng Hải (Email: dhhai@hcmut.edu.vn)
Phó Trưởng khoa: PGS. TS. Phạm Sơn Tùng (Email: phamsontung@hcmut.edu.vn)
Bộ môn
Bộ môn Khoan và Khai thác Dầu khí: 
Trưởng bộ môn: TS. Mai Cao Lân
Email: maicaolan@hcmut.edu.vn
Bộ môn Tài nguyên Trái đất và Môi trường:
Trưởng bộ môn: TS. Đặng Thương Huyền
Email: huyenus@hcmut.edu.vn
Bộ môn Địa Kỹ thuật: 
Trưởng bộ môn: TS. Ngô Tấn Phong
Email: ngotanphong@hcmut.edu.vn
Bộ môn Kỹ thuật Địa chất Dầu khí:
Trưởng bộ môn: TS. Nguyễn Xuân Khá
Email: nxkha@hcmut.edu.vn
Đào tạo:
Bậc Đại học: 
Chương trình Tiêu chuẩn:
Nhóm ngành Dầu khí - Địa chất
Ngành Địa Kỹ thuật Xây dựng
Chương trình Dạy và học bằng tiếng Anh: Kỹ thuật Dầu khí
Chương trình Chuyển tiếp Quốc tế: Kỹ thuật Dầu khí
Bậc Thạc sĩ
Kỹ thuật Địa chất
Kỹ thuật Dầu khí
Bậc Tiến sĩ
Kỹ thuật Địa chất
Kỹ thuật Dầu khí
Xưởng, Phòng thí nghiệm:
PTN Hiện trường:
Trưởng PTN: TS. Phạm Minh Tuấn
Email: pmtuan@hcmut.edu.vn
PTN Mô phỏng:
Trưởng PTN: TS. Lê Nguyễn Hải Nam
Email: lnhnam@hcmut.edu.vn
PTN Địa kỹ thuật
PTN Tài nguyên Trái đất và Môi trường
PTN Khoan và Khai thác dầu khí
PTN Thạch học"
229,Website của Khoa Kỹ thuật Địa chất và Dầu khí là gì vậy ạ?,"C5 – 268 Lý Thường Kiệt, Quận 10, TP. HCM","Khoa Kỹ thuật Địa chất và Dầu khí
Cơ cấu nhân sự: 
Ban Chủ nhiệm Khoa
Trưởng khoa: TS. Võ Đại Nhật (Email: nhatvodai@hcmut.edu.vn)
Phó Trưởng khoa: TS. Đào Hồng Hải (Email: dhhai@hcmut.edu.vn)
Phó Trưởng khoa: PGS. TS. Phạm Sơn Tùng (Email: phamsontung@hcmut.edu.vn)
Bộ môn
Bộ môn Khoan và Khai thác Dầu khí: 
Trưởng bộ môn: TS. Mai Cao Lân
Email: maicaolan@hcmut.edu.vn
Bộ môn Tài nguyên Trái đất và Môi trường:
Trưởng bộ môn: TS. Đặng Thương Huyền
Email: huyenus@hcmut.edu.vn
Bộ môn Địa Kỹ thuật: 
Trưởng bộ môn: TS. Ngô Tấn Phong
Email: ngotanphong@hcmut.edu.vn
Bộ môn Kỹ thuật Địa chất Dầu khí:
Trưởng bộ môn: TS. Nguyễn Xuân Khá
Email: nxkha@hcmut.edu.vn
Đào tạo:
Bậc Đại học: 
Chương trình Tiêu chuẩn:
Nhóm ngành Dầu khí - Địa chất
Ngành Địa Kỹ thuật Xây dựng
Chương trình Dạy và học bằng tiếng Anh: Kỹ thuật Dầu khí
Chương trình Chuyển tiếp Quốc tế: Kỹ thuật Dầu khí
Bậc Thạc sĩ
Kỹ thuật Địa chất
Kỹ thuật Dầu khí
Bậc Tiến sĩ
Kỹ thuật Địa chất
Kỹ thuật Dầu khí"
230,Email của trưởng khoa Kỹ thuật Địa chất và Dầu khí là gì?,"Trưởng khoa: PGS. TS. Trần Hữu Nhân  
   Email của trưởng khoa: thnhan@hcmut.edu.vn","Khoa Kỹ thuật Giao thông
Cơ cấu nhân sự: 
Ban Chủ nhiệm Khoa
Trưởng khoa: PGS. TS. Trần Hữu Nhân (Email: thnhan@hcmut.edu.vn)
Phó Trưởng khoa: PGS. TS. Lê Tất Hiển (Email: hienlt@hcmut.edu.vn)
Phó Trưởng khoa: TS. Nguyễn Song Thanh Thảo (Email: nguyensongthanhthao@hcmut.edu.vn)"
231,Có thể liên hệ với Khoa Kỹ thuật Giao thông qua đâu?,https://fte.hcmut.edu.vn,"Khoa Kỹ thuật Giao thông
Cơ cấu nhân sự: 
Ban Chủ nhiệm Khoa
Trưởng khoa: PGS. TS. Trần Hữu Nhân (Email: thnhan@hcmut.edu.vn)
Phó Trưởng khoa: PGS. TS. Lê Tất Hiển (Email: hienlt@hcmut.edu.vn)
Phó Trưởng khoa: TS. Nguyễn Song Thanh Thảo (Email: nguyensongthanhthao@hcmut.edu.vn)
Bộ môn
Bộ môn Ô tô - Máy Động lực: 
Trưởng bộ môn: TS. Trần Đăng Long
Email: trandanglong@hcmut.edu.vn
Bộ môn Kỹ thuật Hàng không:
Trưởng bộ môn: TS. Lê Thị Hồng Hiếu
Email: honghieu.le@hcmut.edu.vn
Bộ môn Kỹ thuật Tàu thủy: 
Trưởng bộ môn: TS. Trần Hải
Email: haitran@hcmut.edu.vn
Đào tạo:
Bậc Đại học: 
Chương trình Tiêu chuẩn:
Kỹ thuật Ô tô
(Song ngành) Tàu thủy - Hàng không: Ngành Kỹ thuật Tàu thủy, Kỹ thuật Hàng không
Chương trình Dạy và học bằng tiếng Anh: Kỹ thuật Ô tô và Kỹ thuật Hàng không
Chương trình Chuyển tiếp Quốc tế: Kỹ thuật Ô tô và Kỹ thuật Hàng không
Chương trình Kỹ sư Chất lượng cao Việt - Pháp: Kỹ thuật Hàng không
Bậc Thạc sĩ
Ngành Cơ khí Động lực (dành cho Kỹ thuật Ô-tô và Kỹ thuật Tàu thủy)
Ngành Kỹ thuật Hàng không
Bậc Tiến sĩ
Kỹ thuật Cơ khí Động lực
Xưởng, Phòng thí nghiệm:
Xưởng Ô-tô:
Trưởng PTN: ThS. Nguyễn Đình Hùng
Email: nguyendinhhung@hcmut.edu.vn
PTN KT Hàng không:
Trưởng PTN: ThS. Đặng Trung Duẩn
Email: dangtrungduan@hcmut.edu.vn
PTN KT Tàu thủy:
Trưởng PTN: TS. Trần Hải
Email: haitran@hcmut.edu.vn
PTN Khí động - Hầm gió (Wind tunnel)
PTN Công nghệ Ô tô - Bosch
Xưởng thực tập Ô tô"
232,Văn phòng của Khoa Kỹ thuật Giao thông ở đâu?,0283 8653 508 - 5657,"Khoa Kỹ thuật Giao thông
Cơ cấu nhân sự: 
Ban Chủ nhiệm Khoa
Trưởng khoa: PGS. TS. Trần Hữu Nhân (Email: thnhan@hcmut.edu.vn)
Phó Trưởng khoa: PGS. TS. Lê Tất Hiển (Email: hienlt@hcmut.edu.vn)
Phó Trưởng khoa: TS. Nguyễn Song Thanh Thảo (Email: nguyensongthanhthao@hcmut.edu.vn)
Bộ môn
Bộ môn Ô tô - Máy Động lực: 
Trưởng bộ môn: TS. Trần Đăng Long
Email: trandanglong@hcmut.edu.vn
Bộ môn Kỹ thuật Hàng không:
Trưởng bộ môn: TS. Lê Thị Hồng Hiếu
Email: honghieu.le@hcmut.edu.vn
Bộ môn Kỹ thuật Tàu thủy: 
Trưởng bộ môn: TS. Trần Hải
Email: haitran@hcmut.edu.vn
Đào tạo:
Bậc Đại học: 
Chương trình Tiêu chuẩn:
Kỹ thuật Ô tô
(Song ngành) Tàu thủy - Hàng không: Ngành Kỹ thuật Tàu thủy, Kỹ thuật Hàng không
Chương trình Dạy và học bằng tiếng Anh: Kỹ thuật Ô tô và Kỹ thuật Hàng không
Chương trình Chuyển tiếp Quốc tế: Kỹ thuật Ô tô và Kỹ thuật Hàng không
Chương trình Kỹ sư Chất lượng cao Việt - Pháp: Kỹ thuật Hàng không
Bậc Thạc sĩ
Ngành Cơ khí Động lực (dành cho Kỹ thuật Ô-tô và Kỹ thuật Tàu thủy)
Ngành Kỹ thuật Hàng không
Bậc Tiến sĩ
Kỹ thuật Cơ khí Động lực
Xưởng, Phòng thí nghiệm:
Xưởng Ô-tô:
Trưởng PTN: ThS. Nguyễn Đình Hùng
Email: nguyendinhhung@hcmut.edu.vn
PTN KT Hàng không:
Trưởng PTN: ThS. Đặng Trung Duẩn
Email: dangtrungduan@hcmut.edu.vn
PTN KT Tàu thủy:
Trưởng PTN: TS. Trần Hải
Email: haitran@hcmut.edu.vn
PTN Khí động - Hầm gió (Wind tunnel)
PTN Công nghệ Ô tô - Bosch
Xưởng thực tập Ô tô"
233,Trưởng khoa Kỹ thuật Giao thông là ai?,0283 8653 823,"Khoa Kỹ thuật Giao thông
Cơ cấu nhân sự: 
Ban Chủ nhiệm Khoa
Trưởng khoa: PGS. TS. Trần Hữu Nhân (Email: thnhan@hcmut.edu.vn)
Phó Trưởng khoa: PGS. TS. Lê Tất Hiển (Email: hienlt@hcmut.edu.vn)
Phó Trưởng khoa: TS. Nguyễn Song Thanh Thảo (Email: nguyensongthanhthao@hcmut.edu.vn)"
234,Web của khoa Kỹ thuật Giao thông là gì vậy ạ?,"Trưởng khoa: PGS. TS. Trần Hữu Nhân  
   Email của trưởng khoa: thnhan@hcmut.edu.vn","Khoa Kỹ thuật Giao thông
Cơ cấu nhân sự: 
Ban Chủ nhiệm Khoa
Trưởng khoa: PGS. TS. Trần Hữu Nhân (Email: thnhan@hcmut.edu.vn)
Phó Trưởng khoa: PGS. TS. Lê Tất Hiển (Email: hienlt@hcmut.edu.vn)
Phó Trưởng khoa: TS. Nguyễn Song Thanh Thảo (Email: nguyensongthanhthao@hcmut.edu.vn)"
235,Số điện thoại của khoa Kỹ thuật Giao thông là gì?,"Văn phòng: 102 A5 – 268 Lý Thường Kiệt, Quận 10, TP. HCM  
   Điện thoại: 0283 8647 256 – 5243  
   Email: inter@hcmut.edu.vn, qhdn@hcmut.edu.vn  
   Trưởng Phòng: PGS. TS. Lại Quốc Đạt  
   Email của Trưởng Phòng: lqdat@hcmut.edu.vn","Khoa Kỹ thuật Giao thông
Cơ cấu nhân sự: 
Ban Chủ nhiệm Khoa
Trưởng khoa: PGS. TS. Trần Hữu Nhân (Email: thnhan@hcmut.edu.vn)
Phó Trưởng khoa: PGS. TS. Lê Tất Hiển (Email: hienlt@hcmut.edu.vn)
Phó Trưởng khoa: TS. Nguyễn Song Thanh Thảo (Email: nguyensongthanhthao@hcmut.edu.vn)
Bộ môn
Bộ môn Ô tô - Máy Động lực: 
Trưởng bộ môn: TS. Trần Đăng Long
Email: trandanglong@hcmut.edu.vn
Bộ môn Kỹ thuật Hàng không:
Trưởng bộ môn: TS. Lê Thị Hồng Hiếu
Email: honghieu.le@hcmut.edu.vn
Bộ môn Kỹ thuật Tàu thủy: 
Trưởng bộ môn: TS. Trần Hải
Email: haitran@hcmut.edu.vn
Đào tạo:
Bậc Đại học: 
Chương trình Tiêu chuẩn:
Kỹ thuật Ô tô
(Song ngành) Tàu thủy - Hàng không: Ngành Kỹ thuật Tàu thủy, Kỹ thuật Hàng không
Chương trình Dạy và học bằng tiếng Anh: Kỹ thuật Ô tô và Kỹ thuật Hàng không
Chương trình Chuyển tiếp Quốc tế: Kỹ thuật Ô tô và Kỹ thuật Hàng không
Chương trình Kỹ sư Chất lượng cao Việt - Pháp: Kỹ thuật Hàng không
Bậc Thạc sĩ
Ngành Cơ khí Động lực (dành cho Kỹ thuật Ô-tô và Kỹ thuật Tàu thủy)
Ngành Kỹ thuật Hàng không
Bậc Tiến sĩ
Kỹ thuật Cơ khí Động lực
Xưởng, Phòng thí nghiệm:
Xưởng Ô-tô:
Trưởng PTN: ThS. Nguyễn Đình Hùng
Email: nguyendinhhung@hcmut.edu.vn
PTN KT Hàng không:
Trưởng PTN: ThS. Đặng Trung Duẩn
Email: dangtrungduan@hcmut.edu.vn
PTN KT Tàu thủy:
Trưởng PTN: TS. Trần Hải
Email: haitran@hcmut.edu.vn
PTN Khí động - Hầm gió (Wind tunnel)
PTN Công nghệ Ô tô - Bosch
Xưởng thực tập Ô tô"
236,Số fax của Khoa Kỹ thuật Giao thông là gì?,"Văn phòng: 102 A5 – 268 Lý Thường Kiệt, Quận 10, TP. HCM  
   Điện thoại: 0283 8647 256 – 5243  
   Email: inter@hcmut.edu.vn, qhdn@hcmut.edu.vn  
   Trưởng Phòng: PGS. TS. Lại Quốc Đạt  
   Email của Trưởng Phòng: lqdat@hcmut.edu.vn","Khoa Kỹ thuật Giao thông
Cơ cấu nhân sự: 
Ban Chủ nhiệm Khoa
Trưởng khoa: PGS. TS. Trần Hữu Nhân (Email: thnhan@hcmut.edu.vn)
Phó Trưởng khoa: PGS. TS. Lê Tất Hiển (Email: hienlt@hcmut.edu.vn)
Phó Trưởng khoa: TS. Nguyễn Song Thanh Thảo (Email: nguyensongthanhthao@hcmut.edu.vn)
Bộ môn
Bộ môn Ô tô - Máy Động lực: 
Trưởng bộ môn: TS. Trần Đăng Long
Email: trandanglong@hcmut.edu.vn
Bộ môn Kỹ thuật Hàng không:
Trưởng bộ môn: TS. Lê Thị Hồng Hiếu
Email: honghieu.le@hcmut.edu.vn
Bộ môn Kỹ thuật Tàu thủy: 
Trưởng bộ môn: TS. Trần Hải
Email: haitran@hcmut.edu.vn
Đào tạo:
Bậc Đại học: 
Chương trình Tiêu chuẩn:
Kỹ thuật Ô tô
(Song ngành) Tàu thủy - Hàng không: Ngành Kỹ thuật Tàu thủy, Kỹ thuật Hàng không
Chương trình Dạy và học bằng tiếng Anh: Kỹ thuật Ô tô và Kỹ thuật Hàng không
Chương trình Chuyển tiếp Quốc tế: Kỹ thuật Ô tô và Kỹ thuật Hàng không
Chương trình Kỹ sư Chất lượng cao Việt - Pháp: Kỹ thuật Hàng không
Bậc Thạc sĩ
Ngành Cơ khí Động lực (dành cho Kỹ thuật Ô-tô và Kỹ thuật Tàu thủy)
Ngành Kỹ thuật Hàng không
Bậc Tiến sĩ
Kỹ thuật Cơ khí Động lực
Xưởng, Phòng thí nghiệm:
Xưởng Ô-tô:
Trưởng PTN: ThS. Nguyễn Đình Hùng
Email: nguyendinhhung@hcmut.edu.vn
PTN KT Hàng không:
Trưởng PTN: ThS. Đặng Trung Duẩn
Email: dangtrungduan@hcmut.edu.vn
PTN KT Tàu thủy:
Trưởng PTN: TS. Trần Hải
Email: haitran@hcmut.edu.vn
PTN Khí động - Hầm gió (Wind tunnel)
PTN Công nghệ Ô tô - Bosch
Xưởng thực tập Ô tô"
237,Email của trưởng khoa Kỹ thuật Giao thông là gì?,"Văn phòng: 102 A5 – 268 Lý Thường Kiệt, Quận 10, TP. HCM  
   Điện thoại: 0283 8647 256 – 5243  
   Email: inter@hcmut.edu.vn, qhdn@hcmut.edu.vn  
   Trưởng Phòng: PGS. TS. Lại Quốc Đạt  
   Email của Trưởng Phòng: lqdat@hcmut.edu.vn","Khoa Kỹ thuật Giao thông
Cơ cấu nhân sự: 
Ban Chủ nhiệm Khoa
Trưởng khoa: PGS. TS. Trần Hữu Nhân (Email: thnhan@hcmut.edu.vn)
Phó Trưởng khoa: PGS. TS. Lê Tất Hiển (Email: hienlt@hcmut.edu.vn)
Phó Trưởng khoa: TS. Nguyễn Song Thanh Thảo (Email: nguyensongthanhthao@hcmut.edu.vn)"
238,Tui có thể tìm thấy được văn phòng đối ngoại tại đâu?,"Nhà A4 – 268 Lý Thường Kiệt, Quận 10, TP. HCM","Văn phòng Khoa.
Bộ môn
Bộ môn Kỹ thuật hệ thống công nghiệp
Trưởng bộ môn: TS. Nguyễn Vạng Phúc Nguyên
Email: nguyennvp@hcmut.edu.vn
Bộ môn Thiết bị & Công nghệ Vật liệu cơ khí
Trưởng bộ môn: PGS. TS. Nguyễn Thanh Hải
Email: haint@hcmut.edu.vn
Bộ môn Cơ điện tử
Trưởng bộ môn: TS. Phùng Trí Công
Email: ptcong@hcmut.edu.vn
Bộ môn Thiết kế máy
Trưởng bộ môn: TS. Nguyễn Vũ Thịnh
Email: vuthinh.n@hcmut.edu.vn
Bộ môn Kỹ thuật dệt may
Trưởng bộ môn: TS. Lê Song Thanh Quỳnh
Email: lstquynh@hcmut.edu.vn
Bộ môn Chế tạo máy
Trưởng bộ môn: TS. Trần Hải Nam
Email: namth@hcmut.edu.vn
Bộ môn Kỹ thuật Máy xây dựng & Nâng chuyển
Trưởng bộ môn: PGS. TS. Lưu Thanh Tùng
Email: ttluu@hcmut.edu.vn
Bộ môn Công nghệ nhiệt lạnh
Trưởng bộ môn: TS. Hà Anh Tùng
Email: ha-tung@hcmut.edu.vn
Bộ môn Quản lý và kỹ thuật bảo trì
Trưởng bộ môn: PGS. TS. Nguyễn Thanh Trương
Email: thtruong@hcmut.edu.vn"
239,Trưởng phòng đối ngoại là ai?,PGS. TS. Trần Anh Sơn,"Khoa Điện - Điện tử
Cơ cấu nhân sự: 
Ban Chủ nhiệm Khoa
Trưởng khoa: TS. Nguyễn Quang Nam (Email: nqnam@hcmut.edu.vn)
Lãnh đạo và quản lý chung các hoạt động trong Khoa:
Công tác tổ chức nhân sự, tài chính.
Quản lý các dự án hợp tác quốc tế, các chương trình đào tạo quốc tế.
Xây dựng mô hình tổ chức hoạt động, định hướng phát triển của Khoa.
Tổ chức các hội đồng trong Khoa (Hội đồng Khoa học và Đào tạo, Hội đồng Tuyển dụng, Hội đồng Thi đua - Khen thưởng, Hội đồng Kỷ luật).
Phó Trưởng khoa: PGS. TS. Võ Ngọc Điều (Email: vndieu@hcmut.edu.vn)
Phụ trách Đảm bảo chất lượng, Cơ sở vật chất và KHCN:
Phát triển các dự án và lao động sản xuất.
Công tác phòng thí nghiệm, cơ sở vật chất và trang thiết bị.
Công tác kiểm định và đảm bảo chất lượng.
Phó Trưởng khoa: TS. Huỳnh Phú Minh Cường (Email: hpmcuong@hcmut.edu.vn)
Phụ trách Khoa học Công nghệ, Đào tạo Sau đại học và Đối ngoại:
Nghiên cứu khoa học và chuyển giao công nghệ.
Đào tạo sau đại học.
Quan hệ doanh nghiệp - cựu sinh viên - địa phương.
Truyền thông và quảng bá hình ảnh Khoa."
240,Làm sao mình có thể liên lạc với phòng đối ngoại?,"Văn phòng: 102 A5 – 268 Lý Thường Kiệt, Quận 10, TP. HCM  
   Điện thoại: 0283 8647 256 – 5243  
   Email: inter@hcmut.edu.vn, qhdn@hcmut.edu.vn  
   Trưởng Phòng: PGS. TS. Lại Quốc Đạt  
   Email của Trưởng Phòng: lqdat@hcmut.edu.vn","Khoa Cơ khí
Cơ cấu nhân sự:
Ban Chủ nhiệm Khoa
Trưởng khoa: PGS. TS. Bùi Trọng Hiếu (Email: hieubt@hcmut.edu.vn)
Lãnh đạo và quản lý toàn diện mọi hoạt động thuộc chức năng, nhiệm vụ và quyền hạn của Trưởng khoa trong trường đại học; chịu trách nhiệm trước Hiệu trưởng Trường Đại học Bách khoa – ĐHQG-HCM và các lãnh đạo cấp trên về mọi mặt hoạt động của Khoa.
Trực tiếp chỉ đạo và quản lý công tác:
Tổ chức – nhân sự.
Tài chính, cơ sở vật chất.
Thi đua – khen thưởng.
Phát triển đào tạo.
Đoàn thể.
Dự án đầu tư.
Triển khai thực hiện chiến lược, định hướng phát triển Khoa.
Phó Trưởng khoa: TS. Phạm Minh Tuấn (Email: pminhtuan@hcmut.edu.vn)
			Phụ trách công tác:
Đào tạo đại học các hệ.
Đào tạo sau đại học.
Thực hành – Thí nghiệm.
Khảo thí – Bảo đảm Chất lượng.
Phó Trưởng khoa: PGS. TS. Nguyễn Quốc Chí (Email: nqchi@hcmut.edu.vn)
			Phụ trách công tác:
Khoa học và công nghệ.
Quan hệ quốc tế, quan hệ doanh nghiệp.
Thoả thuận hợp tác (MOU) giữa khoa với đối tác.
Dự toán mua sắm, sửa chữa thiết bị.
Cựu sinh viên.
Triển khai thực hiện chiến lược, định hướng phát triển Khoa.
Phó Trưởng khoa: PGS. TS. Phạm Quang Trung (Email: quangtrung@hcmut.edu.vn)
		Phụ trách công tác:
Sinh viên, giáo viên chủ nhiệm.
Quản trị thương hiệu – Truyền thông, tổ chức sự kiện.
ISO.
Quản lý website của Khoa.
Báo cáo, thống kê số liệu.
Tuyển sinh (tư vấn, tiếp đoàn học sinh tham quan,…).
Văn phòng Khoa."
241,Phòng quản trị thiết bị ở đâu?,Nhà A1,"Phó Trưởng khoa: PGS. TS. Phạm Quang Trung (Email: quangtrung@hcmut.edu.vn)
		Phụ trách công tác:
Sinh viên, giáo viên chủ nhiệm.
Quản trị thương hiệu – Truyền thông, tổ chức sự kiện.
ISO.
Quản lý website của Khoa.
Báo cáo, thống kê số liệu.
Tuyển sinh (tư vấn, tiếp đoàn học sinh tham quan,…).
Văn phòng Khoa.
Bộ môn
Bộ môn Kỹ thuật hệ thống công nghiệp
Trưởng bộ môn: TS. Nguyễn Vạng Phúc Nguyên
Email: nguyennvp@hcmut.edu.vn
Bộ môn Thiết bị & Công nghệ Vật liệu cơ khí
Trưởng bộ môn: PGS. TS. Nguyễn Thanh Hải
Email: haint@hcmut.edu.vn"
242,Trưởng phòng quản trị thiết bị là ai?,"Văn phòng: A1 – 268 Lý Thường Kiệt, Quận 10, TP. HCM  
   Điện thoại: 0283 8647 256 – 5282  
   Trưởng Phòng: TS. Nguyễn Lê Dũng  
   Email: hanhchinh@hcmut.edu.vn  
   Email của Trưởng Phòng: [nldung@hcmut.edu.vn](mailto:nldung@hcmut.edu.vn)","Khoa Quản lý Công nghiệp
Cơ cấu nhân sự: 
Ban Chủ nhiệm Khoa
Trưởng khoa: TS. Dương Như Hùng (Email: duongnhuhung@hcmut.edu.vn)
Phó Trưởng khoa: TS. Nguyễn Vũ Quang (Email: nvquang@hcmut.edu.vn)
Phó Trưởng khoa: TS. Huỳnh Thị Minh Châu (Email: htmchau@hcmut.edu.vn)
Phó Trưởng khoa: ThS. Trần Duy Thanh (Email: tdthanh@hcmut.edu.vn)
Bộ môn
Hệ thống thông tin quản lý: 
Trưởng bộ môn: PGS. TS. Phạm Quốc Trung
Email: pqtrung@hcmut.edu.vn
Bộ môn Quản lý Sản xuất Vận hành:
Trưởng bộ môn: TS. Lê Phước Luông
Email: lpluong@hcmut.edu.vn
Bộ môn Tài chính: 
Trưởng bộ môn: TS. Nguyễn Thu Hiền
Email: nthuhien@hcmut.edu.vn
Bộ môn Tiếp thị và Quản lý: 
Trưởng bộ môn: TS. Lê Thị Thanh Xuân
Email: lttxuan@hcmut.edu.vn"
244,Văn phòng hành chính nằm ở đâu,"Văn phòng: A1 – 268 Lý Thường Kiệt, Quận 10, TP. HCM  
    Điện thoại: 0283 8647 256 \- 5109  
    Email: bandbcl@hcmut.edu.vn  
    Trưởng phòng: PGS. TS. Hoàng Trang  
    Email của Trưởng Phòng: hoangtrang@hcmut.edu.vn","Văn phòng Khoa.
Bộ môn
Bộ môn Kỹ thuật hệ thống công nghiệp
Trưởng bộ môn: TS. Nguyễn Vạng Phúc Nguyên
Email: nguyennvp@hcmut.edu.vn
Bộ môn Thiết bị & Công nghệ Vật liệu cơ khí
Trưởng bộ môn: PGS. TS. Nguyễn Thanh Hải
Email: haint@hcmut.edu.vn
Bộ môn Cơ điện tử
Trưởng bộ môn: TS. Phùng Trí Công
Email: ptcong@hcmut.edu.vn
Bộ môn Thiết kế máy
Trưởng bộ môn: TS. Nguyễn Vũ Thịnh
Email: vuthinh.n@hcmut.edu.vn
Bộ môn Kỹ thuật dệt may
Trưởng bộ môn: TS. Lê Song Thanh Quỳnh
Email: lstquynh@hcmut.edu.vn
Bộ môn Chế tạo máy
Trưởng bộ môn: TS. Trần Hải Nam
Email: namth@hcmut.edu.vn
Bộ môn Kỹ thuật Máy xây dựng & Nâng chuyển
Trưởng bộ môn: PGS. TS. Lưu Thanh Tùng
Email: ttluu@hcmut.edu.vn
Bộ môn Công nghệ nhiệt lạnh
Trưởng bộ môn: TS. Hà Anh Tùng
Email: ha-tung@hcmut.edu.vn
Bộ môn Quản lý và kỹ thuật bảo trì
Trưởng bộ môn: PGS. TS. Nguyễn Thanh Trương
Email: thtruong@hcmut.edu.vn"
245,Mình cần trao đổi với phòng hành chính,"Văn phòng: A1 – 268 Lý Thường Kiệt, Quận 10, TP. HCM  
    Điện thoại: 0283 8647 256 \- 5109  
    Email: bandbcl@hcmut.edu.vn  
    Trưởng phòng: PGS. TS. Hoàng Trang  
    Email của Trưởng Phòng: hoangtrang@hcmut.edu.vn","Văn phòng Khoa.
Bộ môn
Bộ môn Kỹ thuật hệ thống công nghiệp
Trưởng bộ môn: TS. Nguyễn Vạng Phúc Nguyên
Email: nguyennvp@hcmut.edu.vn
Bộ môn Thiết bị & Công nghệ Vật liệu cơ khí
Trưởng bộ môn: PGS. TS. Nguyễn Thanh Hải
Email: haint@hcmut.edu.vn
Bộ môn Cơ điện tử
Trưởng bộ môn: TS. Phùng Trí Công
Email: ptcong@hcmut.edu.vn
Bộ môn Thiết kế máy
Trưởng bộ môn: TS. Nguyễn Vũ Thịnh
Email: vuthinh.n@hcmut.edu.vn
Bộ môn Kỹ thuật dệt may
Trưởng bộ môn: TS. Lê Song Thanh Quỳnh
Email: lstquynh@hcmut.edu.vn
Bộ môn Chế tạo máy
Trưởng bộ môn: TS. Trần Hải Nam
Email: namth@hcmut.edu.vn
Bộ môn Kỹ thuật Máy xây dựng & Nâng chuyển
Trưởng bộ môn: PGS. TS. Lưu Thanh Tùng
Email: ttluu@hcmut.edu.vn
Bộ môn Công nghệ nhiệt lạnh
Trưởng bộ môn: TS. Hà Anh Tùng
Email: ha-tung@hcmut.edu.vn
Bộ môn Quản lý và kỹ thuật bảo trì
Trưởng bộ môn: PGS. TS. Nguyễn Thanh Trương
Email: thtruong@hcmut.edu.vn"
246,Làm thế nào để gặp trưởng phòng hành chính,PGS. TS. Hoàng Trang,"Khoa Khoa học và Kỹ thuật Máy tính
Cơ cấu nhân sự: 
Ban Chủ nhiệm Khoa
Trưởng khoa: PGS. TS. Quản Thành Thơ (Email: qttho@hcmut.edu.vn)
Phó Trưởng khoa: PGS. TS. Phạm Quốc Cường
Phó Trưởng khoa: PGS. TS. Phạm Hoàng Anh
Phó Trưởng khoa: PGS. TS. Trần Ngọc Thịnh
Bộ môn
Bộ môn Công nghệ Phần mềm: Trưởng bộ môn: TS. Trương Tuấn Anh
Bộ môn Hệ thống thông tin: Khoa trực tiếp phụ trách
Bộ môn Hệ thống và Mạng máy tính: Trưởng bộ môn: TS. Nguyễn Đức Thái
Bộ môn Khoa học Máy tính: Trưởng bộ môn: PGS. TS. Lê Hồng Trang
Bộ môn Kỹ thuật Máy tính: Khoa trực tiếp phụ trách"
247,Phòng khảo thí và đảm bảo chất lượng có phải được đặt tại tòa A1 cơ sở Lý Thường Kiệt không?,"Văn phòng: A5 – 268 Lý Thường Kiệt, Quận 10, TP. HCM  
    Điện thoại: 0283 8647 256 \- 5212  
    Email: ttpc@hcmut.edu.vn  
    Trưởng phòng: ThS. Nguyễn Vương Chí","Phó Trưởng khoa: TS. Phạm Minh Tuấn (Email: pminhtuan@hcmut.edu.vn)
			Phụ trách công tác:
Đào tạo đại học các hệ.
Đào tạo sau đại học.
Thực hành – Thí nghiệm.
Khảo thí – Bảo đảm Chất lượng."
248,Làm cách nào để mình liên hệ với phòng khảo thí?,"Văn phòng: A5 – 268 Lý Thường Kiệt, Quận 10, TP. HCM  
    Điện thoại: 0283 8647 256 \- 5212  
    Email: ttpc@hcmut.edu.vn  
    Trưởng phòng: ThS. Nguyễn Vương Chí","Phó Trưởng khoa: TS. Phạm Minh Tuấn (Email: pminhtuan@hcmut.edu.vn)
			Phụ trách công tác:
Đào tạo đại học các hệ.
Đào tạo sau đại học.
Thực hành – Thí nghiệm.
Khảo thí – Bảo đảm Chất lượng.
Phó Trưởng khoa: PGS. TS. Nguyễn Quốc Chí (Email: nqchi@hcmut.edu.vn)
			Phụ trách công tác:
Khoa học và công nghệ.
Quan hệ quốc tế, quan hệ doanh nghiệp.
Thoả thuận hợp tác (MOU) giữa khoa với đối tác.
Dự toán mua sắm, sửa chữa thiết bị.
Cựu sinh viên.
Triển khai thực hiện chiến lược, định hướng phát triển Khoa.
Phó Trưởng khoa: PGS. TS. Phạm Quang Trung (Email: quangtrung@hcmut.edu.vn)
	Phụ trách công tác:
Sinh viên, giáo viên chủ nhiệm.
Quản trị thương hiệu – Truyền thông, tổ chức sự kiện.
ISO.
Quản lý website của Khoa.
Báo cáo, thống kê số liệu.
Tuyển sinh (tư vấn, tiếp đoàn học sinh tham quan,…).
Văn phòng Khoa."
250,Hãy cho mình biết số điện thoại văn phòng thanh tra pháp chế?,ThS. Nguyễn Vương Chí,"Khoa Quản lý Công nghiệp
Cơ cấu nhân sự: 
Ban Chủ nhiệm Khoa
Trưởng khoa: TS. Dương Như Hùng (Email: duongnhuhung@hcmut.edu.vn)
Phó Trưởng khoa: TS. Nguyễn Vũ Quang (Email: nvquang@hcmut.edu.vn)
Phó Trưởng khoa: TS. Huỳnh Thị Minh Châu (Email: htmchau@hcmut.edu.vn)
Phó Trưởng khoa: ThS. Trần Duy Thanh (Email: tdthanh@hcmut.edu.vn)
Bộ môn
Hệ thống thông tin quản lý: 
Trưởng bộ môn: PGS. TS. Phạm Quốc Trung
Email: pqtrung@hcmut.edu.vn
Bộ môn Quản lý Sản xuất Vận hành:
Trưởng bộ môn: TS. Lê Phước Luông
Email: lpluong@hcmut.edu.vn
Bộ môn Tài chính: 
Trưởng bộ môn: TS. Nguyễn Thu Hiền
Email: nthuhien@hcmut.edu.vn
Bộ môn Tiếp thị và Quản lý: 
Trưởng bộ môn: TS. Lê Thị Thanh Xuân
Email: lttxuan@hcmut.edu.vn"
251,Phòng thanh tra pháp chế nằm ở đâu?,"**Công ty Cổ phần Khoa học Công nghệ Bách khoa Thành phố Hồ Chí Minh**  
Văn phòng: 268 Lý Thường Kiệt, Phường 14, Quận 10, TP.HCM  
Điện thoại: 0283 8651 664; 0283 8645 398  
Website: https://hcmbktechs.com.vn  
Email: bktechs@hcmut.edu.vn  
Tổng Giám đốc: PGS.TS. Đậu Văn Ngọ","Khoa Khoa học và Kỹ thuật Máy tính
Cơ cấu nhân sự: 
Ban Chủ nhiệm Khoa
Trưởng khoa: PGS. TS. Quản Thành Thơ (Email: qttho@hcmut.edu.vn)
Phó Trưởng khoa: PGS. TS. Phạm Quốc Cường
Phó Trưởng khoa: PGS. TS. Phạm Hoàng Anh
Phó Trưởng khoa: PGS. TS. Trần Ngọc Thịnh
Bộ môn
Bộ môn Công nghệ Phần mềm: Trưởng bộ môn: TS. Trương Tuấn Anh
Bộ môn Hệ thống thông tin: Khoa trực tiếp phụ trách
Bộ môn Hệ thống và Mạng máy tính: Trưởng bộ môn: TS. Nguyễn Đức Thái
Bộ môn Khoa học Máy tính: Trưởng bộ môn: PGS. TS. Lê Hồng Trang
Bộ môn Kỹ thuật Máy tính: Khoa trực tiếp phụ trách
Đào tạo:
Bậc Đại học: 
Chương trình Tiêu chuẩn: 
Khoa học Máy tính: Chuyên ngành: Khoa học Máy tính, Công nghệ Dữ liệu và Dữ liệu lớn, An ninh Hệ thống và Mạng, Trí tuệ Nhân tạo, Công nghệ Phần mềm
Kỹ thuật Máy tính: Chuyên ngành: Kỹ thuật Máy tính, Hệ thống Tính toán Nâng cao, Internet Vạn vật, Thiết kế Vi mạch số
Chương trình Dạy và học bằng tiếng Anh: 
Khoa học Máy tính: Chuyên ngành: Khoa học Máy tính, Công nghệ Dữ liệu và Dữ liệu lớn, An ninh Hệ thống và Mạng, Trí tuệ Nhân tạo, Công nghệ Phần mềm
Kỹ thuật Máy tính: Chuyên ngành: Kỹ thuật Máy tính, Hệ thống Tính toán Nâng cao, Internet Vạn vật, Thiết kế Vi mạch số
Chương trình Định hướng Nhật Bản: Khoa học Máy tính: Chuyên ngành: Khoa học Máy tính, Công nghệ Dữ liệu và Dữ liệu lớn, An ninh Hệ thống và Mạng, Trí tuệ Nhân tạo, Công nghệ Phần mềm
Chương trình Chuyển tiếp Quốc tế: ngành Khoa học Máy tính, ngành Kỹ thuật Máy tính
Chương trình Liên kết Cử nhân Kỹ thuật Quốc tế: 
Trí tuệ nhân tạo
Công nghệ thông tin
Bậc Thạc sĩ
Khoa học Máy tính
Hệ thống Thông tin Quản lý
Xưởng, Phòng thí nghiệm:
PTN Tính toán hiệu năng cao
PTN Tính toán nâng cao
PTN HCMUT Renesas SuperH Lab
PTN An ninh mạng
PTN Trí tuệ nhân tạo
PTN Khoa học Dữ liệu
Trung tâm hợp tác nghiên cứu đổi mới và công nghệ HCMUT-UTS"
252,Làm thế nào để liên hệ phòng thanh tra pháp chế?,,"Khoa Công nghệ Vật liệu
Cơ cấu nhân sự: 
Ban Chủ nhiệm Khoa
Trưởng khoa: TS. Nguyễn Khánh Sơn (Email: ksnguyen@hcmut.edu.vn)
Lãnh đạo và quản lý toàn diện mọi hoạt động thuộc chức năng, nhiệm vụ và quyền hạn của Khoa, Trưởng khoa theo Quy chế tạm thời về tổ chức và hoạt động của Nhà Trường và các văn bản pháp lý liên quan. Chịu trách nhiệm trước Hiệu trưởng Trường Đại học Bách khoa về mọi mặt công tác thuộc chức năng, nhiệm vụ và quyền hạn của Khoa.
Trực tiếp chỉ đạo, xử lý và ký công văn, giấy tờ... công việc các mảng:
Triển khai chiến lược định hướng phát triển chung Khoa, tổ chức - nhân sự, kế hoạch - tài chính, cơ sở vật chất, thi đua - khen thưởng, các hội đồng;
Hệ thống quy trình, quản lý chất lượng theo tiêu chuẩn ISO 9001:2015;
An ninh nội bộ, An toàn vệ sinh lao động, Phòng cháy chữa cháy;
Truyền thông thương hiệu, Phong trào đoàn thể;
Kế hoạch họp giao ban hàng tháng, tổng kết và báo cáo tháng/năm;
Hướng nghiệp người học - Tuyển sinh;
Cựu sinh viên - Quan hệ Doanh nghiệp."
253,Trưởng phòng thanh tra pháp chế là ai?,PGS.TS. Đậu Văn Ngọ,"Khoa Môi trường và Tài nguyên
Cơ cấu nhân sự: 
Ban Chủ nhiệm Khoa
Trưởng khoa: PGS.TS. Huỳnh Kỳ Phương Hạ (Email: hkpha@hcmut.edu.vn)
Phó Trưởng khoa: PGS.TS. Nguyễn Nhật Huy (Email: nnhuy@hcmut.edu.vn)
Phó Trưởng khoa: ThS. Lưu Đình Hiệp (Email: hiepld_gis@hcmut.edu.vn)
Bộ môn
Kỹ thuật Môi trường: 
Trưởng bộ môn: TS. Phan Thanh Lâm
Email: ptlam@hcmut.edu.vn
Bộ môn Quản lý Môi trường:
Trưởng bộ môn: PGS. TS. Đào Thanh Sơn
Email: dao.son@hcmut.edu.vn
Bộ môn Hệ thống Thông tin Môi trường và Tài nguyên: 
Trưởng bộ môn: TS. Nguyễn Hoàng Anh
Email: hoanganhnguyen@hcmut.edu.vn
Bộ môn Khoa học và Công nghệ Nước: 
Trưởng bộ môn: PGS. TS. Bùi Xuân Thành
Email: bxthanh@hcmut.edu.vn
Bộ môn An toàn - Sức khỏe và Môi trường"
254,Hiện tại ở Bách Khoa có các hệ thống doanh nghiệp nào?,"Văn phòng: A5 – 268 Lý Thường Kiệt, Quận 10, TP. HCM  
    Điện thoại: 0283 8647 256 \- 5200  
    Email: dl-cntt@hcmut.edu.vn   
    Giám đốc trung tâm: ThS. Nguyễn Cao Đạt  
    Email Giám đốc: dat@hcmut.edu.vn","Khoa Khoa học và Kỹ thuật Máy tính
Cơ cấu nhân sự: 
Ban Chủ nhiệm Khoa
Trưởng khoa: PGS. TS. Quản Thành Thơ (Email: qttho@hcmut.edu.vn)
Phó Trưởng khoa: PGS. TS. Phạm Quốc Cường
Phó Trưởng khoa: PGS. TS. Phạm Hoàng Anh
Phó Trưởng khoa: PGS. TS. Trần Ngọc Thịnh
Bộ môn
Bộ môn Công nghệ Phần mềm: Trưởng bộ môn: TS. Trương Tuấn Anh
Bộ môn Hệ thống thông tin: Khoa trực tiếp phụ trách
Bộ môn Hệ thống và Mạng máy tính: Trưởng bộ môn: TS. Nguyễn Đức Thái
Bộ môn Khoa học Máy tính: Trưởng bộ môn: PGS. TS. Lê Hồng Trang
Bộ môn Kỹ thuật Máy tính: Khoa trực tiếp phụ trách
Đào tạo:
Bậc Đại học: 
Chương trình Tiêu chuẩn: 
Khoa học Máy tính: Chuyên ngành: Khoa học Máy tính, Công nghệ Dữ liệu và Dữ liệu lớn, An ninh Hệ thống và Mạng, Trí tuệ Nhân tạo, Công nghệ Phần mềm
Kỹ thuật Máy tính: Chuyên ngành: Kỹ thuật Máy tính, Hệ thống Tính toán Nâng cao, Internet Vạn vật, Thiết kế Vi mạch số
Chương trình Dạy và học bằng tiếng Anh: 
Khoa học Máy tính: Chuyên ngành: Khoa học Máy tính, Công nghệ Dữ liệu và Dữ liệu lớn, An ninh Hệ thống và Mạng, Trí tuệ Nhân tạo, Công nghệ Phần mềm
Kỹ thuật Máy tính: Chuyên ngành: Kỹ thuật Máy tính, Hệ thống Tính toán Nâng cao, Internet Vạn vật, Thiết kế Vi mạch số
Chương trình Định hướng Nhật Bản: Khoa học Máy tính: Chuyên ngành: Khoa học Máy tính, Công nghệ Dữ liệu và Dữ liệu lớn, An ninh Hệ thống và Mạng, Trí tuệ Nhân tạo, Công nghệ Phần mềm
Chương trình Chuyển tiếp Quốc tế: ngành Khoa học Máy tính, ngành Kỹ thuật Máy tính
Chương trình Liên kết Cử nhân Kỹ thuật Quốc tế: 
Trí tuệ nhân tạo
Công nghệ thông tin
Bậc Thạc sĩ
Khoa học Máy tính
Hệ thống Thông tin Quản lý
Xưởng, Phòng thí nghiệm:
PTN Tính toán hiệu năng cao
PTN Tính toán nâng cao
PTN HCMUT Renesas SuperH Lab
PTN An ninh mạng
PTN Trí tuệ nhân tạo
PTN Khoa học Dữ liệu
Trung tâm hợp tác nghiên cứu đổi mới và công nghệ HCMUT-UTS"
255,Tổng giám đốc Công ty Cổ phần Khoa học Công nghệ Bách khoa Thành phố Hồ Chí Minh là ai?,"A2 – 268 Lý Thường Kiệt, Quận 10, TP. HCM","Khoa Quản lý Công nghiệp
Cơ cấu nhân sự: 
Ban Chủ nhiệm Khoa
Trưởng khoa: TS. Dương Như Hùng (Email: duongnhuhung@hcmut.edu.vn)
Phó Trưởng khoa: TS. Nguyễn Vũ Quang (Email: nvquang@hcmut.edu.vn)
Phó Trưởng khoa: TS. Huỳnh Thị Minh Châu (Email: htmchau@hcmut.edu.vn)
Phó Trưởng khoa: ThS. Trần Duy Thanh (Email: tdthanh@hcmut.edu.vn)
Bộ môn
Hệ thống thông tin quản lý: 
Trưởng bộ môn: PGS. TS. Phạm Quốc Trung
Email: pqtrung@hcmut.edu.vn
Bộ môn Quản lý Sản xuất Vận hành:
Trưởng bộ môn: TS. Lê Phước Luông
Email: lpluong@hcmut.edu.vn
Bộ môn Tài chính: 
Trưởng bộ môn: TS. Nguyễn Thu Hiền
Email: nthuhien@hcmut.edu.vn
Bộ môn Tiếp thị và Quản lý: 
Trưởng bộ môn: TS. Lê Thị Thanh Xuân
Email: lttxuan@hcmut.edu.vn"
257,Giám đốc trung tâm dữ liệu và công nghệ thông tin là ai?,"A2 – 268 Lý Thường Kiệt, Quận 10, TP. HCM","Trung tâm hợp tác nghiên cứu đổi mới và công nghệ HCMUT-UTS

Khoa Kỹ thuật Địa chất và Dầu khí
Cơ cấu nhân sự: 
Ban Chủ nhiệm Khoa
Trưởng khoa: TS. Võ Đại Nhật (Email: nhatvodai@hcmut.edu.vn)
Phó Trưởng khoa: TS. Đào Hồng Hải (Email: dhhai@hcmut.edu.vn)
Phó Trưởng khoa: PGS. TS. Phạm Sơn Tùng (Email: phamsontung@hcmut.edu.vn)
Bộ môn
Bộ môn Khoan và Khai thác Dầu khí: 
Trưởng bộ môn: TS. Mai Cao Lân
Email: maicaolan@hcmut.edu.vn
Bộ môn Tài nguyên Trái đất và Môi trường:
Trưởng bộ môn: TS. Đặng Thương Huyền
Email: huyenus@hcmut.edu.vn
Bộ môn Địa Kỹ thuật: 
Trưởng bộ môn: TS. Ngô Tấn Phong
Email: ngotanphong@hcmut.edu.vn
Bộ môn Kỹ thuật Địa chất Dầu khí:
Trưởng bộ môn: TS. Nguyễn Xuân Khá
Email: nxkha@hcmut.edu.vn
Đào tạo:
Bậc Đại học: 
Chương trình Tiêu chuẩn:
Nhóm ngành Dầu khí - Địa chất
Ngành Địa Kỹ thuật Xây dựng
Chương trình Dạy và học bằng tiếng Anh: Kỹ thuật Dầu khí
Chương trình Chuyển tiếp Quốc tế: Kỹ thuật Dầu khí
Bậc Thạc sĩ
Kỹ thuật Địa chất
Kỹ thuật Dầu khí
Bậc Tiến sĩ
Kỹ thuật Địa chất
Kỹ thuật Dầu khí
Xưởng, Phòng thí nghiệm:
PTN Hiện trường:
Trưởng PTN: TS. Phạm Minh Tuấn
Email: pmtuan@hcmut.edu.vn
PTN Mô phỏng:
Trưởng PTN: TS. Lê Nguyễn Hải Nam
Email: lnhnam@hcmut.edu.vn
PTN Địa kỹ thuật
PTN Tài nguyên Trái đất và Môi trường
PTN Khoan và Khai thác dầu khí
PTN Thạch học"
258,Thư viện có phải nằm ở tòa A1 không?,"201 nhà B2 \- 268 Lý Thường Kiệt, Quận 10, TP. HCM","Thư viện Khoa
Xưởng cơ khí
Phòng không gian CDIO"
259,Giám đốc thư viện là ai?,ThS. Lại Huy Hùng,"Trung tâm BR&T:
Giám đốc: ThS. Lại Huy Hùng
Email: lhhung@hcmut.edu.vn"
260,Thông tin liên lạc của thư viện là gì?,"Văn phòng:497 Hoà hảo, Phường 7, Quận 10 Tp.HCM  
    Điện thoại: 0283 9573 946  
    Email:  ktx@hcmut.edu.vn  
    Giám đốc: ThS. Trần Tấn Phúc  
    Email Giám đốc: ttphuc@hcmut.edu.vn","Thư viện Khoa
Xưởng cơ khí
Phòng không gian CDIO"
261,Ban thanh tra nhân dân nằm ở đâu?,"Văn phòng:497 Hoà hảo, Phường 7, Quận 10 Tp.HCM  
    Điện thoại: 0283 9573 946  
    Email:  ktx@hcmut.edu.vn  
    Giám đốc: ThS. Trần Tấn Phúc  
    Email Giám đốc: ttphuc@hcmut.edu.vn","Ban giảng dạy thực hành
Trưởng ban: KS. Đỗ Huỳnh Nhật
Email: dohuynhat@hcmut.edu.vn
Xưởng Cơ Khí
Trưởng xưởng: GVC. ThS. Phan Hoàng Long
Email: phlong@hcmut.edu.vn
Trưởng PTN Công nghệ Thiết kế và Gia công Tiên tiến
Trưởng PTN: PGS. TS. Trần Thiên Phúc
Email: ttphuc.rectie@hcmut.edu.vn
Phòng thí nghiệm trực thuộc khoa
PTN CAD/CAM
PTN Đo lường
PTN Điều khiển và tự động hóa
PTN Công nghệ tạo hình và xử lý vật liệu
Thư viện Khoa
Xưởng cơ khí
Phòng không gian CDIO"
262,Trưởng ban thanh tra nhân dân là ai?,"Văn phòng:497 Hoà hảo, Phường 7, Quận 10 Tp.HCM  
    Điện thoại: 0283 9573 946","Ban giảng dạy thực hành
Trưởng ban: KS. Đỗ Huỳnh Nhật
Email: dohuynhat@hcmut.edu.vn
Xưởng Cơ Khí
Trưởng xưởng: GVC. ThS. Phan Hoàng Long
Email: phlong@hcmut.edu.vn
Trưởng PTN Công nghệ Thiết kế và Gia công Tiên tiến
Trưởng PTN: PGS. TS. Trần Thiên Phúc
Email: ttphuc.rectie@hcmut.edu.vn
Phòng thí nghiệm trực thuộc khoa
PTN CAD/CAM
PTN Đo lường
PTN Điều khiển và tự động hóa
PTN Công nghệ tạo hình và xử lý vật liệu
Thư viện Khoa
Xưởng cơ khí
Phòng không gian CDIO"
263,Bách Khoa có ký túc xá không?,ThS. Trần Tấn Phúc,"Khoa Kỹ thuật Xây dựng
Cơ cấu nhân sự: 
Ban Chủ nhiệm Khoa
Trưởng khoa: PGS. TS. Lê Anh Tuấn (Email: latuan@hcmut.edu.vn)
Phó Trưởng khoa: PGS. TS. Lương Văn Hải (Email: lvhai@hcmut.edu.vn)
Phó Trưởng khoa: TS. Lưu Xuân Lộc (Email: lxloc@hcmut.edu.vn)
Phó Trưởng khoa: TS. Lê Hoài Long (Email: lehoailong@hcmut.edu.vn)
Bộ môn
Bộ môn Cầu đường: 
Trưởng bộ môn: PGS. TS. Nguyễn Mạnh Tuấn
Email: nmanhtuan@hcmut.edu.vn
Bộ môn Cơ lưu chất: 
Trưởng bộ môn: PGS. TS. Lê Song Giang
Email: lsgiang@hcmut.edu.vn
Bộ môn Công trình:
Trưởng bộ môn: PGS. TS. Ngô Hữu Cường
Email: ngohuucuong@hcmut.edu.vn
Bộ môn Địa Tin học: 
Trưởng bộ môn: TS. Lương Bảo Bình
Email: lbbinh@hcmut.edu.vn
Bộ môn Địa cơ Nền móng: 
Trưởng bộ môn: TS. Nguyễn Trung Kiên
Email: nguyentrungkien@hcmut.edu.vn
Bộ môn Hình họa - Vẽ kỹ thuật:
Trưởng bộ môn: TS. Huỳnh Tấn Phát
Email: nguyentrungkien@hcmut.edu.vn
Bộ môn Kiến trúc: 
Trưởng bộ môn: TS. Nguyễn Quốc Vinh
Email: vinh.bmkt@hcmut.edu.vn
Bộ môn Kỹ thuật Tài nguyên nước: 
Trưởng bộ môn: TS. Nguyễn Quang Trưởng
Email: nqtruong@hcmut.edu.vn
Bộ môn Sức bền Kết cấu: 
Trưởng bộ môn: TS. Nguyễn Hồng Ân
Email: annguyen@hcmut.edu.vn
Bộ môn Vật liệu Xây dựng: 
Trưởng bộ môn: PGS. TS. Bùi Phương Trinh
Email: buiphuongtrinh@hcmut.edu.vn
Bộ môn Cảng - Công trình Biển:
Trưởng bộ môn: TS. Lê Tuấn Anh
Email: tuananh131188@hcmut.edu.vn
Bộ môn Thi công & Quản lý Xây dựng: 
Trưởng bộ môn: TS. Lê Hoài Long
Email: lehoailong@hcmut.edu.vn"
264,Địa chỉ của ký túc xá Bách Khoa?,"268 Lý Thường Kiệt, Quận 10, Thành phố Hồ Chí Minh","Trường Đại học Bách khoa – ĐHQG-HCM và các lãnh đạo cấp trên về mọi mặt hoạt động của Khoa. Trực tiếp chỉ đạo và quản lý công tác: Tổ chức – nhân sự. Tài chính, cơ sở vật chất. Thi đua – khen thưởng. Phát triển đào tạo. Đoàn thể. Dự án đầu tư. Triển khai thực hiện chiến lược, định hướng phát triển Khoa. Phó Trưởng khoa: TS. Phạm Minh Tuấn (Email: pminhtuan@hcmut.edu.vn) Phụ trách công tác: Đào tạo đại học các hệ. Đào tạo sau đại học. Thực hành – Thí nghiệm. Khảo thí – Bảo đảm Chất lượng. Phó Trưởng khoa: PGS. TS. Nguyễn Quốc Chí (Email: nqchi@hcmut.edu.vn) Phụ trách công tác: Khoa học và công nghệ. Quan hệ quốc tế, quan hệ doanh nghiệp. Thoả thuận hợp tác (MOU) giữa khoa với đối tác. Dự toán mua sắm, sửa chữa thiết bị. Cựu sinh viên. Triển khai thực hiện chiến lược, định hướng phát triển Khoa. Phó Trưởng khoa: PGS. TS. Phạm Quang Trung (Email: quangtrung@hcmut.edu.vn) Phụ trách công tác: Sinh viên, giáo viên chủ nhiệm. Quản trị thương hiệu – Truyền thông, tổ chức sự kiện. ISO. Quản lý website của Khoa. Báo cáo, thống kê số liệu. Tuyển sinh (tư vấn, tiếp đoàn học sinh tham quan,…). Văn phòng Khoa."
266,Giám đốc Ký túc xá Bách Khoa là ai,NHà B2,"Trung tâm BR&T:
Giám đốc: ThS. Lại Huy Hùng
Email: lhhung@hcmut.edu.vn
Phòng Mô phỏng:
Trưởng phòng: PGS. TS. Phạm Quốc Trung
Email: pqtrung@hcmut.edu.vn"
267,Trung tâm Ươm tạo Doanh nghiệp Công nghệ nằm ở đâu?,TS. Nguyễn Quang Long,"Khoa Kỹ thuật Hóa học 
Cơ cấu nhân sự: 
Ban Chủ nhiệm Khoa
Trưởng khoa: PGS. TS. Nguyễn Quang Long (Email: nqlong@hcmut.edu.vn)
Phó Trưởng khoa: PGS. TS. Trần Tấn Việt (Email: trantanviet@hcmut.edu.vn)
Phó Trưởng khoa: PGS. TS. Võ Đình Lệ Tâm (Email: vdlt@hcmut.edu.vn)
Phó Trưởng khoa: TS. Nguyễn Minh Kha (Email: nmkha@hcmut.edu.vn)"
268,Cách thức liên hệ với trung tâm ươm tạo doanh nghiệp công nghệ?,"Văn phòng: B2 – 268 Lý Thường Kiệt, Quận 10,TP. HCM  
   Điện thoại: 0283 8650 448 \- 5689  
   Fax: 0283 8637 504  
   Website: https://che.hcmut.edu.vn/  
   Trưởng khoa: PGS. TS. Nguyễn Quang Long  
   Email của Trưởng khoa: nqlong@hcmut.edu.vn","Khoa Kỹ thuật Hóa học 
Cơ cấu nhân sự: 
Ban Chủ nhiệm Khoa
Trưởng khoa: PGS. TS. Nguyễn Quang Long (Email: nqlong@hcmut.edu.vn)
Phó Trưởng khoa: PGS. TS. Trần Tấn Việt (Email: trantanviet@hcmut.edu.vn)
Phó Trưởng khoa: PGS. TS. Võ Đình Lệ Tâm (Email: vdlt@hcmut.edu.vn)
Phó Trưởng khoa: TS. Nguyễn Minh Kha (Email: nmkha@hcmut.edu.vn)"
269,Văn phòng kĩ thuật hóa học nằm ở đâu?,qttho@hcmut.edu.vn,"Khoa Khoa học và Kỹ thuật Máy tính
Cơ cấu nhân sự: 
Ban Chủ nhiệm Khoa
Trưởng khoa: PGS. TS. Quản Thành Thơ (Email: qttho@hcmut.edu.vn)
Phó Trưởng khoa: PGS. TS. Phạm Quốc Cường
Phó Trưởng khoa: PGS. TS. Phạm Hoàng Anh
Phó Trưởng khoa: PGS. TS. Trần Ngọc Thịnh
Bộ môn
Bộ môn Công nghệ Phần mềm: Trưởng bộ môn: TS. Trương Tuấn Anh
Bộ môn Hệ thống thông tin: Khoa trực tiếp phụ trách
Bộ môn Hệ thống và Mạng máy tính: Trưởng bộ môn: TS. Nguyễn Đức Thái
Bộ môn Khoa học Máy tính: Trưởng bộ môn: PGS. TS. Lê Hồng Trang
Bộ môn Kỹ thuật Máy tính: Khoa trực tiếp phụ trách"
270,Trưởng khoa kĩ thuật hóa học là ai?,"B6 – 268 Lý Thường Kiệt, Quận 10, TP. HCM","Khoa Kỹ thuật Hóa học 
Cơ cấu nhân sự: 
Ban Chủ nhiệm Khoa
Trưởng khoa: PGS. TS. Nguyễn Quang Long (Email: nqlong@hcmut.edu.vn)
Phó Trưởng khoa: PGS. TS. Trần Tấn Việt (Email: trantanviet@hcmut.edu.vn)
Phó Trưởng khoa: PGS. TS. Võ Đình Lệ Tâm (Email: vdlt@hcmut.edu.vn)
Phó Trưởng khoa: TS. Nguyễn Minh Kha (Email: nmkha@hcmut.edu.vn)
Bộ môn
Bộ môn Công nghệ Sinh học: 
Trưởng bộ môn: PGS. TS. Lê Thị Thủy Tiên
Email: ltttien@hcmut.edu.vn
Bộ môn Công nghệ Thực phẩm:
Trưởng bộ môn: GS. TS. Lê Văn Việt Mẫn
Email: lvvman@hcmut.edu.vn
Bộ môn Kỹ thuật Hóa vô cơ: 
Trưởng bộ môn: PGS. TS. Lê Minh Viễn
Email: lmvien@hcmut.edu.vn
Bộ môn Kỹ thuật Hóa Hữu cơ: 
Trưởng bộ môn: PGS. TS. Lê Vũ Hà
Email: lvh@hcmut.edu.vn
Bộ môn Kỹ thuật Chế biến Dầu khí:
Trưởng bộ môn: TS. Phạm Hồ Mỹ Phương
Email: phmphuong@hcmut.edu.vn
Bộ môn Kỹ thuật Hóa lý & Phân tích: 
Trưởng bộ môn: PGS. TS. Nguyễn Trường Sơn
Email: ntson@hcmut.edu.vn
Bộ môn Quá trình và Thiết bị: 
Trưởng bộ môn: TS. Bùi Ngọc Pha
Email: buingocpha@hcmut.edu.vn"
271,Tôi cần liên hệ bên khoa kĩ thuật hóa học thì cần làm gì?,Trưởng khoa Kỹ thuật Hóa học,"Khoa Kỹ thuật Hóa học 
Cơ cấu nhân sự: 
Ban Chủ nhiệm Khoa
Trưởng khoa: PGS. TS. Nguyễn Quang Long (Email: nqlong@hcmut.edu.vn)
Phó Trưởng khoa: PGS. TS. Trần Tấn Việt (Email: trantanviet@hcmut.edu.vn)
Phó Trưởng khoa: PGS. TS. Võ Đình Lệ Tâm (Email: vdlt@hcmut.edu.vn)
Phó Trưởng khoa: TS. Nguyễn Minh Kha (Email: nmkha@hcmut.edu.vn)"
272,Tôi có thể xin thêm gmaill của trưởng khoa kĩ thuật máy tính được không?,"Kỹ thuật xây dựng
Kỹ thuật môi trường
Quản lý công nghiẹp","Khoa Kỹ thuật Xây dựng
Cơ cấu nhân sự: 
Ban Chủ nhiệm Khoa
Trưởng khoa: PGS. TS. Lê Anh Tuấn (Email: latuan@hcmut.edu.vn)
Phó Trưởng khoa: PGS. TS. Lương Văn Hải (Email: lvhai@hcmut.edu.vn)
Phó Trưởng khoa: TS. Lưu Xuân Lộc (Email: lxloc@hcmut.edu.vn)
Phó Trưởng khoa: TS. Lê Hoài Long (Email: lehoailong@hcmut.edu.vn)
Bộ môn
Bộ môn Cầu đường: 
Trưởng bộ môn: PGS. TS. Nguyễn Mạnh Tuấn
Email: nmanhtuan@hcmut.edu.vn
Bộ môn Cơ lưu chất: 
Trưởng bộ môn: PGS. TS. Lê Song Giang
Email: lsgiang@hcmut.edu.vn
Bộ môn Công trình:
Trưởng bộ môn: PGS. TS. Ngô Hữu Cường
Email: ngohuucuong@hcmut.edu.vn
Bộ môn Địa Tin học: 
Trưởng bộ môn: TS. Lương Bảo Bình
Email: lbbinh@hcmut.edu.vn
Bộ môn Địa cơ Nền móng: 
Trưởng bộ môn: TS. Nguyễn Trung Kiên
Email: nguyentrungkien@hcmut.edu.vn
Bộ môn Hình họa - Vẽ kỹ thuật:
Trưởng bộ môn: TS. Huỳnh Tấn Phát
Email: nguyentrungkien@hcmut.edu.vn
Bộ môn Kiến trúc: 
Trưởng bộ môn: TS. Nguyễn Quốc Vinh
Email: vinh.bmkt@hcmut.edu.vn
Bộ môn Kỹ thuật Tài nguyên nước: 
Trưởng bộ môn: TS. Nguyễn Quang Trưởng
Email: nqtruong@hcmut.edu.vn
Bộ môn Sức bền Kết cấu: 
Trưởng bộ môn: TS. Nguyễn Hồng Ân
Email: annguyen@hcmut.edu.vn
Bộ môn Vật liệu Xây dựng: 
Trưởng bộ môn: PGS. TS. Bùi Phương Trinh
Email: buiphuongtrinh@hcmut.edu.vn
Bộ môn Cảng - Công trình Biển:
Trưởng bộ môn: TS. Lê Tuấn Anh
Email: tuananh131188@hcmut.edu.vn
Bộ môn Thi công & Quản lý Xây dựng: 
Trưởng bộ môn: TS. Lê Hoài Long
Email: lehoailong@hcmut.edu.vn"
273,Văn phòng kĩ thuật xây dựng nằm ở đâu?,"Trưởng khoa: PGS. TS. Lê Anh Tuấn  
   Email của Trưởng khoa: latuan@hcmut.edu.vn","Khoa Kỹ thuật Xây dựng
Cơ cấu nhân sự: 
Ban Chủ nhiệm Khoa
Trưởng khoa: PGS. TS. Lê Anh Tuấn (Email: latuan@hcmut.edu.vn)
Phó Trưởng khoa: PGS. TS. Lương Văn Hải (Email: lvhai@hcmut.edu.vn)
Phó Trưởng khoa: TS. Lưu Xuân Lộc (Email: lxloc@hcmut.edu.vn)
Phó Trưởng khoa: TS. Lê Hoài Long (Email: lehoailong@hcmut.edu.vn)"
274,Nguyễn Quang Long là ai?,"Trưởng khoa: PGS. TS. Nguyễn Quang Long  
   Email của Trưởng khoa: nqlong@hcmut.edu.vn","Khoa Kỹ thuật Hóa học 
Cơ cấu nhân sự: 
Ban Chủ nhiệm Khoa
Trưởng khoa: PGS. TS. Nguyễn Quang Long (Email: nqlong@hcmut.edu.vn)
Phó Trưởng khoa: PGS. TS. Trần Tấn Việt (Email: trantanviet@hcmut.edu.vn)
Phó Trưởng khoa: PGS. TS. Võ Đình Lệ Tâm (Email: vdlt@hcmut.edu.vn)
Phó Trưởng khoa: TS. Nguyễn Minh Kha (Email: nmkha@hcmut.edu.vn)"
275,"Phân biệt các email của từng khoa:
kktxd@hcmut.edu.vn
kmt@hcmut.edu.vn
kqlcn@hcmut.edu.vn",Trưởng Khoa Quản lý Công nghiệp,"Khoa Quản lý Công nghiệp
Cơ cấu nhân sự: 
Ban Chủ nhiệm Khoa
Trưởng khoa: TS. Dương Như Hùng (Email: duongnhuhung@hcmut.edu.vn)
Phó Trưởng khoa: TS. Nguyễn Vũ Quang (Email: nvquang@hcmut.edu.vn)
Phó Trưởng khoa: TS. Huỳnh Thị Minh Châu (Email: htmchau@hcmut.edu.vn)
Phó Trưởng khoa: ThS. Trần Duy Thanh (Email: tdthanh@hcmut.edu.vn)
Bộ môn
Hệ thống thông tin quản lý: 
Trưởng bộ môn: PGS. TS. Phạm Quốc Trung
Email: pqtrung@hcmut.edu.vn
Bộ môn Quản lý Sản xuất Vận hành:
Trưởng bộ môn: TS. Lê Phước Luông
Email: lpluong@hcmut.edu.vn
Bộ môn Tài chính: 
Trưởng bộ môn: TS. Nguyễn Thu Hiền
Email: nthuhien@hcmut.edu.vn
Bộ môn Tiếp thị và Quản lý: 
Trưởng bộ môn: TS. Lê Thị Thanh Xuân
Email: lttxuan@hcmut.edu.vn"
276,Vui lòng cung cấp thông tin trưởng Khoa Kĩ thuật xây dựng,"Phòng 306, Nhà A4, Trường Đại học Bách khoa, 268 Lý Thường Kiệt, Phường 14, Quận 10, TP.HCM","Khoa Kỹ thuật Xây dựng
Cơ cấu nhân sự: 
Ban Chủ nhiệm Khoa
Trưởng khoa: PGS. TS. Lê Anh Tuấn (Email: latuan@hcmut.edu.vn)
Phó Trưởng khoa: PGS. TS. Lương Văn Hải (Email: lvhai@hcmut.edu.vn)
Phó Trưởng khoa: TS. Lưu Xuân Lộc (Email: lxloc@hcmut.edu.vn)
Phó Trưởng khoa: TS. Lê Hoài Long (Email: lehoailong@hcmut.edu.vn)
Bộ môn
Bộ môn Cầu đường: 
Trưởng bộ môn: PGS. TS. Nguyễn Mạnh Tuấn
Email: nmanhtuan@hcmut.edu.vn
Bộ môn Cơ lưu chất: 
Trưởng bộ môn: PGS. TS. Lê Song Giang
Email: lsgiang@hcmut.edu.vn
Bộ môn Công trình:
Trưởng bộ môn: PGS. TS. Ngô Hữu Cường
Email: ngohuucuong@hcmut.edu.vn"
277,Cung cấp email của khoa kĩ thuật hóa học,"**Địa Chỉ:** Phòng 306, Nhà A4, Trường Đại học Bách khoa, 268 Lý Thường Kiệt, Phường 14, Quận 10, TP.HCM- **Điện Thoại:** 028 7301 4183 - 03 9798 9798- **Email:** oisp@hcmut.edu.vn; dtqt_tuvan@hcmut.edu.vn; mbamci_admission@hcmut.edu.vn; imp_admission@hcmut.edu.vn- **Website:** oisp.hcmut.edu.vn; mba-mci.hcmut.edu.vn; imp.hcmut.edu.vn- **Facebook:** [facebook.com/bkquocte](https://facebook.com/bkquocte)- **YouTube:** [youtube.com/bkoisp](https://youtube.com/bkoisp)","Khoa Kỹ thuật Hóa học 
Cơ cấu nhân sự: 
Ban Chủ nhiệm Khoa
Trưởng khoa: PGS. TS. Nguyễn Quang Long (Email: nqlong@hcmut.edu.vn)
Phó Trưởng khoa: PGS. TS. Trần Tấn Việt (Email: trantanviet@hcmut.edu.vn)
Phó Trưởng khoa: PGS. TS. Võ Đình Lệ Tâm (Email: vdlt@hcmut.edu.vn)
Phó Trưởng khoa: TS. Nguyễn Minh Kha (Email: nmkha@hcmut.edu.vn)"
278,TS. Dương Như Hùng là ai ?,PGS. TS. Đặng Đăng Tùng,"Khoa Quản lý Công nghiệp
Cơ cấu nhân sự: 
Ban Chủ nhiệm Khoa
Trưởng khoa: TS. Dương Như Hùng (Email: duongnhuhung@hcmut.edu.vn)
Phó Trưởng khoa: TS. Nguyễn Vũ Quang (Email: nvquang@hcmut.edu.vn)
Phó Trưởng khoa: TS. Huỳnh Thị Minh Châu (Email: htmchau@hcmut.edu.vn)
Phó Trưởng khoa: ThS. Trần Duy Thanh (Email: tdthanh@hcmut.edu.vn)
Bộ môn
Hệ thống thông tin quản lý: 
Trưởng bộ môn: PGS. TS. Phạm Quốc Trung
Email: pqtrung@hcmut.edu.vn
Bộ môn Quản lý Sản xuất Vận hành:
Trưởng bộ môn: TS. Lê Phước Luông
Email: lpluong@hcmut.edu.vn
Bộ môn Tài chính: 
Trưởng bộ môn: TS. Nguyễn Thu Hiền
Email: nthuhien@hcmut.edu.vn
Bộ môn Tiếp thị và Quản lý: 
Trưởng bộ môn: TS. Lê Thị Thanh Xuân
Email: lttxuan@hcmut.edu.vn"
279,Văn phòng đào tạo quốc tế nằm ở đâu?,(https://youtube.com/bkoisp,"Văn phòng Khoa.
Bộ môn
Bộ môn Kỹ thuật hệ thống công nghiệp
Trưởng bộ môn: TS. Nguyễn Vạng Phúc Nguyên
Email: nguyennvp@hcmut.edu.vn
Bộ môn Thiết bị & Công nghệ Vật liệu cơ khí
Trưởng bộ môn: PGS. TS. Nguyễn Thanh Hải
Email: haint@hcmut.edu.vn
Bộ môn Cơ điện tử
Trưởng bộ môn: TS. Phùng Trí Công
Email: ptcong@hcmut.edu.vn
Bộ môn Thiết kế máy
Trưởng bộ môn: TS. Nguyễn Vũ Thịnh
Email: vuthinh.n@hcmut.edu.vn
Bộ môn Kỹ thuật dệt may
Trưởng bộ môn: TS. Lê Song Thanh Quỳnh
Email: lstquynh@hcmut.edu.vn
Bộ môn Chế tạo máy
Trưởng bộ môn: TS. Trần Hải Nam
Email: namth@hcmut.edu.vn
Bộ môn Kỹ thuật Máy xây dựng & Nâng chuyển
Trưởng bộ môn: PGS. TS. Lưu Thanh Tùng
Email: ttluu@hcmut.edu.vn
Bộ môn Công nghệ nhiệt lạnh
Trưởng bộ môn: TS. Hà Anh Tùng
Email: ha-tung@hcmut.edu.vn
Bộ môn Quản lý và kỹ thuật bảo trì
Trưởng bộ môn: PGS. TS. Nguyễn Thanh Trương
Email: thtruong@hcmut.edu.vn"
281,Người đứng đầu văn phòng đào tạo quốc tế là ai?,"**PGS. TS. Trần Thiên Phúc \- Phó Hiệu trưởng:**  
   Phụ trách công tác: Đào tạo đại học, đào tạo sau đại học, đào tạo không chính quy, đào tạo không thường xuyên, đảm bảo chất lượng, khảo thí, thư viện, giáo trình, cựu sinh viên và thực hiện các nhiệm vụ khác theo sự phân công của Hiệu trưởng.","Trưởng PTN Công nghệ Thiết kế và Gia công Tiên tiến
Trưởng PTN: PGS. TS. Trần Thiên Phúc
Email: ttphuc.rectie@hcmut.edu.vn"
283,Trung tâm Đào tạo và Phát triển nguồn nhân lực Đại học Bách khoa nằm ở đâu?,,"Khoa Quản lý Công nghiệp
Cơ cấu nhân sự: 
Ban Chủ nhiệm Khoa
Trưởng khoa: TS. Dương Như Hùng (Email: duongnhuhung@hcmut.edu.vn)
Phó Trưởng khoa: TS. Nguyễn Vũ Quang (Email: nvquang@hcmut.edu.vn)
Phó Trưởng khoa: TS. Huỳnh Thị Minh Châu (Email: htmchau@hcmut.edu.vn)
Phó Trưởng khoa: ThS. Trần Duy Thanh (Email: tdthanh@hcmut.edu.vn)
Bộ môn
Hệ thống thông tin quản lý: 
Trưởng bộ môn: PGS. TS. Phạm Quốc Trung
Email: pqtrung@hcmut.edu.vn
Bộ môn Quản lý Sản xuất Vận hành:
Trưởng bộ môn: TS. Lê Phước Luông
Email: lpluong@hcmut.edu.vn
Bộ môn Tài chính: 
Trưởng bộ môn: TS. Nguyễn Thu Hiền
Email: nthuhien@hcmut.edu.vn
Bộ môn Tiếp thị và Quản lý: 
Trưởng bộ môn: TS. Lê Thị Thanh Xuân
Email: lttxuan@hcmut.edu.vn"
284,PGS. TS. Trần Thiên Phúc đảm nhiệm vị trí gì?,"Văn phòng: Cơ sở Lý Thường Kiệt: Lầu 1, Nhà C6, Trường ĐH Bách khoa, 268 LýThường Kiệt, Phường 14, Quận 10, TP.HCM  
    Phòng ghi danh: 142 Tô Hiến Thành, Phường 14, Quận 10 (Cạnh cổng 3, ĐHBK)  
    Cơ sở Dĩ An: Tòa nhà BK English, Trường ĐH Bách khoa, Linh Trung, Thủ Đức (Đối diện ký túc xá Khu A ĐHQG)","Trưởng PTN Công nghệ Thiết kế và Gia công Tiên tiến
Trưởng PTN: PGS. TS. Trần Thiên Phúc
Email: ttphuc.rectie@hcmut.edu.vn
Phòng thí nghiệm trực thuộc khoa
PTN CAD/CAM
PTN Đo lường
PTN Điều khiển và tự động hóa
PTN Công nghệ tạo hình và xử lý vật liệu
Thư viện Khoa
Xưởng cơ khí
Phòng không gian CDIO"
285,Số điện thoại liên hệ Trung tâm Đào tạo và Phát triển nguồn nhân lực Đại học Bách khoa là gì?,,"Khoa Quản lý Công nghiệp
Cơ cấu nhân sự: 
Ban Chủ nhiệm Khoa
Trưởng khoa: TS. Dương Như Hùng (Email: duongnhuhung@hcmut.edu.vn)
Phó Trưởng khoa: TS. Nguyễn Vũ Quang (Email: nvquang@hcmut.edu.vn)
Phó Trưởng khoa: TS. Huỳnh Thị Minh Châu (Email: htmchau@hcmut.edu.vn)
Phó Trưởng khoa: ThS. Trần Duy Thanh (Email: tdthanh@hcmut.edu.vn)
Bộ môn
Hệ thống thông tin quản lý: 
Trưởng bộ môn: PGS. TS. Phạm Quốc Trung
Email: pqtrung@hcmut.edu.vn
Bộ môn Quản lý Sản xuất Vận hành:
Trưởng bộ môn: TS. Lê Phước Luông
Email: lpluong@hcmut.edu.vn
Bộ môn Tài chính: 
Trưởng bộ môn: TS. Nguyễn Thu Hiền
Email: nthuhien@hcmut.edu.vn
Bộ môn Tiếp thị và Quản lý: 
Trưởng bộ môn: TS. Lê Thị Thanh Xuân
Email: lttxuan@hcmut.edu.vn"
287,Trung tâm Ngoại ngữ nằm ở đâu?,"Giám đốc: ThS. Nguyễn Công Trí  
    Email của Giám đốc: [nguyencongtri@hcmut.edu.vn](mailto:nguyencongtri@hcmut.edu.vn)","Trung tâm hợp tác nghiên cứu đổi mới và công nghệ HCMUT-UTS

Khoa Kỹ thuật Địa chất và Dầu khí
Cơ cấu nhân sự: 
Ban Chủ nhiệm Khoa
Trưởng khoa: TS. Võ Đại Nhật (Email: nhatvodai@hcmut.edu.vn)
Phó Trưởng khoa: TS. Đào Hồng Hải (Email: dhhai@hcmut.edu.vn)
Phó Trưởng khoa: PGS. TS. Phạm Sơn Tùng (Email: phamsontung@hcmut.edu.vn)
Bộ môn
Bộ môn Khoan và Khai thác Dầu khí: 
Trưởng bộ môn: TS. Mai Cao Lân
Email: maicaolan@hcmut.edu.vn
Bộ môn Tài nguyên Trái đất và Môi trường:
Trưởng bộ môn: TS. Đặng Thương Huyền
Email: huyenus@hcmut.edu.vn
Bộ môn Địa Kỹ thuật: 
Trưởng bộ môn: TS. Ngô Tấn Phong
Email: ngotanphong@hcmut.edu.vn
Bộ môn Kỹ thuật Địa chất Dầu khí:
Trưởng bộ môn: TS. Nguyễn Xuân Khá
Email: nxkha@hcmut.edu.vn
Đào tạo:
Bậc Đại học: 
Chương trình Tiêu chuẩn:
Nhóm ngành Dầu khí - Địa chất
Ngành Địa Kỹ thuật Xây dựng
Chương trình Dạy và học bằng tiếng Anh: Kỹ thuật Dầu khí
Chương trình Chuyển tiếp Quốc tế: Kỹ thuật Dầu khí
Bậc Thạc sĩ
Kỹ thuật Địa chất
Kỹ thuật Dầu khí
Bậc Tiến sĩ
Kỹ thuật Địa chất
Kỹ thuật Dầu khí
Xưởng, Phòng thí nghiệm:
PTN Hiện trường:
Trưởng PTN: TS. Phạm Minh Tuấn
Email: pmtuan@hcmut.edu.vn
PTN Mô phỏng:
Trưởng PTN: TS. Lê Nguyễn Hải Nam
Email: lnhnam@hcmut.edu.vn
PTN Địa kỹ thuật
PTN Tài nguyên Trái đất và Môi trường
PTN Khoan và Khai thác dầu khí
PTN Thạch học"
289,Thông tin về người điều hành tại trung tâm ngoại ngữ trường đại học Bách khoa TP HCM?,"- Phụ trách: Đ/c Lê Minh Phương

  Bí thư Đảng ủy, trực tiếp quản lý và điều hành hoạt động, công tác hàng ngày của Văn phòng Đảng ủy.

- Chuyên viên: Đ/c Triệu Thị Lan Hương

  Thực hiện các công tác: Tổng hợp, cán bộ, tài chính và các công tác khác theo phân công.

- Chuyên viên: Đ/c Thiều Thương Thương

  Thực hiện các công tác: Văn thư lưu trữ, đảng vụ và các công tác khác theo phân công.","Khoa Khoa học và Kỹ thuật Máy tính
Cơ cấu nhân sự: 
Ban Chủ nhiệm Khoa
Trưởng khoa: PGS. TS. Quản Thành Thơ (Email: qttho@hcmut.edu.vn)
Phó Trưởng khoa: PGS. TS. Phạm Quốc Cường
Phó Trưởng khoa: PGS. TS. Phạm Hoàng Anh
Phó Trưởng khoa: PGS. TS. Trần Ngọc Thịnh
Bộ môn
Bộ môn Công nghệ Phần mềm: Trưởng bộ môn: TS. Trương Tuấn Anh
Bộ môn Hệ thống thông tin: Khoa trực tiếp phụ trách
Bộ môn Hệ thống và Mạng máy tính: Trưởng bộ môn: TS. Nguyễn Đức Thái
Bộ môn Khoa học Máy tính: Trưởng bộ môn: PGS. TS. Lê Hồng Trang
Bộ môn Kỹ thuật Máy tính: Khoa trực tiếp phụ trách"
290,Văn phòng Đảng Uỷ do ai thành lập?,"Bí thư Đảng ủy, trực tiếp quản lý và điều hành hoạt động, công tác hàng ngày của Văn phòng Đảng ủy.","Khoa Công nghệ Vật liệu
Cơ cấu nhân sự: 
Ban Chủ nhiệm Khoa
Trưởng khoa: TS. Nguyễn Khánh Sơn (Email: ksnguyen@hcmut.edu.vn)
Lãnh đạo và quản lý toàn diện mọi hoạt động thuộc chức năng, nhiệm vụ và quyền hạn của Khoa, Trưởng khoa theo Quy chế tạm thời về tổ chức và hoạt động của Nhà Trường và các văn bản pháp lý liên quan. Chịu trách nhiệm trước Hiệu trưởng Trường Đại học Bách khoa về mọi mặt công tác thuộc chức năng, nhiệm vụ và quyền hạn của Khoa.
Trực tiếp chỉ đạo, xử lý và ký công văn, giấy tờ... công việc các mảng:
Triển khai chiến lược định hướng phát triển chung Khoa, tổ chức - nhân sự, kế hoạch - tài chính, cơ sở vật chất, thi đua - khen thưởng, các hội đồng;
Hệ thống quy trình, quản lý chất lượng theo tiêu chuẩn ISO 9001:2015;
An ninh nội bộ, An toàn vệ sinh lao động, Phòng cháy chữa cháy;
Truyền thông thương hiệu, Phong trào đoàn thể;
Kế hoạch họp giao ban hàng tháng, tổng kết và báo cáo tháng/năm;
Hướng nghiệp người học - Tuyển sinh;
Cựu sinh viên - Quan hệ Doanh nghiệp."
291,Chức năng của văn phòng Đảng Uỷ?,"Tổng hợp, cán bộ, tài chính và các công tác khác theo phân công.","Khoa Công nghệ Vật liệu
Cơ cấu nhân sự: 
Ban Chủ nhiệm Khoa
Trưởng khoa: TS. Nguyễn Khánh Sơn (Email: ksnguyen@hcmut.edu.vn)
Lãnh đạo và quản lý toàn diện mọi hoạt động thuộc chức năng, nhiệm vụ và quyền hạn của Khoa, Trưởng khoa theo Quy chế tạm thời về tổ chức và hoạt động của Nhà Trường và các văn bản pháp lý liên quan. Chịu trách nhiệm trước Hiệu trưởng Trường Đại học Bách khoa về mọi mặt công tác thuộc chức năng, nhiệm vụ và quyền hạn của Khoa.
Trực tiếp chỉ đạo, xử lý và ký công văn, giấy tờ... công việc các mảng:
Triển khai chiến lược định hướng phát triển chung Khoa, tổ chức - nhân sự, kế hoạch - tài chính, cơ sở vật chất, thi đua - khen thưởng, các hội đồng;
Hệ thống quy trình, quản lý chất lượng theo tiêu chuẩn ISO 9001:2015;
An ninh nội bộ, An toàn vệ sinh lao động, Phòng cháy chữa cháy;
Truyền thông thương hiệu, Phong trào đoàn thể;
Kế hoạch họp giao ban hàng tháng, tổng kết và báo cáo tháng/năm;
Hướng nghiệp người học - Tuyển sinh;
Cựu sinh viên - Quan hệ Doanh nghiệp."
292,Cơ cấu nhân sự của Đảng Uỷ bao gồm những ai?,"Văn thư lưu trữ, đảng vụ và các công tác khác theo phân công.","Khoa Công nghệ Vật liệu
Cơ cấu nhân sự: 
Ban Chủ nhiệm Khoa
Trưởng khoa: TS. Nguyễn Khánh Sơn (Email: ksnguyen@hcmut.edu.vn)
Lãnh đạo và quản lý toàn diện mọi hoạt động thuộc chức năng, nhiệm vụ và quyền hạn của Khoa, Trưởng khoa theo Quy chế tạm thời về tổ chức và hoạt động của Nhà Trường và các văn bản pháp lý liên quan. Chịu trách nhiệm trước Hiệu trưởng Trường Đại học Bách khoa về mọi mặt công tác thuộc chức năng, nhiệm vụ và quyền hạn của Khoa.
Trực tiếp chỉ đạo, xử lý và ký công văn, giấy tờ... công việc các mảng:
Triển khai chiến lược định hướng phát triển chung Khoa, tổ chức - nhân sự, kế hoạch - tài chính, cơ sở vật chất, thi đua - khen thưởng, các hội đồng;
Hệ thống quy trình, quản lý chất lượng theo tiêu chuẩn ISO 9001:2015;
An ninh nội bộ, An toàn vệ sinh lao động, Phòng cháy chữa cháy;
Truyền thông thương hiệu, Phong trào đoàn thể;
Kế hoạch họp giao ban hàng tháng, tổng kết và báo cáo tháng/năm;
Hướng nghiệp người học - Tuyển sinh;
Cựu sinh viên - Quan hệ Doanh nghiệp."
293,Đồng chí Lê Minh Phương phụ trách làm gì?,Địa chỉ: Tầng trệt nhà A1. SĐT: 0283 864 256 \- 7120,"Văn phòng Khoa.
Bộ môn
Bộ môn Kỹ thuật hệ thống công nghiệp
Trưởng bộ môn: TS. Nguyễn Vạng Phúc Nguyên
Email: nguyennvp@hcmut.edu.vn
Bộ môn Thiết bị & Công nghệ Vật liệu cơ khí
Trưởng bộ môn: PGS. TS. Nguyễn Thanh Hải
Email: haint@hcmut.edu.vn
Bộ môn Cơ điện tử
Trưởng bộ môn: TS. Phùng Trí Công
Email: ptcong@hcmut.edu.vn
Bộ môn Thiết kế máy
Trưởng bộ môn: TS. Nguyễn Vũ Thịnh
Email: vuthinh.n@hcmut.edu.vn
Bộ môn Kỹ thuật dệt may
Trưởng bộ môn: TS. Lê Song Thanh Quỳnh
Email: lstquynh@hcmut.edu.vn
Bộ môn Chế tạo máy
Trưởng bộ môn: TS. Trần Hải Nam
Email: namth@hcmut.edu.vn
Bộ môn Kỹ thuật Máy xây dựng & Nâng chuyển
Trưởng bộ môn: PGS. TS. Lưu Thanh Tùng
Email: ttluu@hcmut.edu.vn
Bộ môn Công nghệ nhiệt lạnh
Trưởng bộ môn: TS. Hà Anh Tùng
Email: ha-tung@hcmut.edu.vn
Bộ môn Quản lý và kỹ thuật bảo trì
Trưởng bộ môn: PGS. TS. Nguyễn Thanh Trương
Email: thtruong@hcmut.edu.vn"
294,Đồng chí Triệu Thị Lan Hương làm gì?,Địa chỉ: Tầng trệt nhà A1. SĐT: 0283 864 256 \- 7120,"Văn phòng Khoa.
Bộ môn
Bộ môn Kỹ thuật hệ thống công nghiệp
Trưởng bộ môn: TS. Nguyễn Vạng Phúc Nguyên
Email: nguyennvp@hcmut.edu.vn
Bộ môn Thiết bị & Công nghệ Vật liệu cơ khí
Trưởng bộ môn: PGS. TS. Nguyễn Thanh Hải
Email: haint@hcmut.edu.vn
Bộ môn Cơ điện tử
Trưởng bộ môn: TS. Phùng Trí Công
Email: ptcong@hcmut.edu.vn
Bộ môn Thiết kế máy
Trưởng bộ môn: TS. Nguyễn Vũ Thịnh
Email: vuthinh.n@hcmut.edu.vn
Bộ môn Kỹ thuật dệt may
Trưởng bộ môn: TS. Lê Song Thanh Quỳnh
Email: lstquynh@hcmut.edu.vn
Bộ môn Chế tạo máy
Trưởng bộ môn: TS. Trần Hải Nam
Email: namth@hcmut.edu.vn
Bộ môn Kỹ thuật Máy xây dựng & Nâng chuyển
Trưởng bộ môn: PGS. TS. Lưu Thanh Tùng
Email: ttluu@hcmut.edu.vn
Bộ môn Công nghệ nhiệt lạnh
Trưởng bộ môn: TS. Hà Anh Tùng
Email: ha-tung@hcmut.edu.vn
Bộ môn Quản lý và kỹ thuật bảo trì
Trưởng bộ môn: PGS. TS. Nguyễn Thanh Trương
Email: thtruong@hcmut.edu.vn"
295,Đồng chí Thiều Thương Thương phụ trách công việc gì?,Phần giới thiệu về Công đoàn trong file 3,"Khoa Công nghệ Vật liệu
Cơ cấu nhân sự: 
Ban Chủ nhiệm Khoa
Trưởng khoa: TS. Nguyễn Khánh Sơn (Email: ksnguyen@hcmut.edu.vn)
Lãnh đạo và quản lý toàn diện mọi hoạt động thuộc chức năng, nhiệm vụ và quyền hạn của Khoa, Trưởng khoa theo Quy chế tạm thời về tổ chức và hoạt động của Nhà Trường và các văn bản pháp lý liên quan. Chịu trách nhiệm trước Hiệu trưởng Trường Đại học Bách khoa về mọi mặt công tác thuộc chức năng, nhiệm vụ và quyền hạn của Khoa.
Trực tiếp chỉ đạo, xử lý và ký công văn, giấy tờ... công việc các mảng:
Triển khai chiến lược định hướng phát triển chung Khoa, tổ chức - nhân sự, kế hoạch - tài chính, cơ sở vật chất, thi đua - khen thưởng, các hội đồng;
Hệ thống quy trình, quản lý chất lượng theo tiêu chuẩn ISO 9001:2015;
An ninh nội bộ, An toàn vệ sinh lao động, Phòng cháy chữa cháy;
Truyền thông thương hiệu, Phong trào đoàn thể;
Kế hoạch họp giao ban hàng tháng, tổng kết và báo cáo tháng/năm;
Hướng nghiệp người học - Tuyển sinh;
Cựu sinh viên - Quan hệ Doanh nghiệp."
296,Văn phòng Đảng Uỷ nằm ở đâu ?,"Công đoàn trường Đại học Bách khoa xác định rõ vị trí của mình là một tổ chức Chính trị \- Xã hội của người lao động, là thành viên trong hệ thống chính trị xã hội, giữ vai trò tác động ở các lĩnh vực: chính trị \- kinh tế \- văn hóa tư tưởng – xã hội trong hoạt động của nhà trường đã vượt qua mọi khó khăn thử thách, vươn lên vững mạnh nhằm thực hiện tốt các chức năng của công đoàn. Trong đó, chức năng bảo vệ quyền và lợi ích hợp pháp chính đáng của người lao động mang ý nghĩa trung tâm \- mục tiêu hoạt động công đoàn. Từ chức năng này công đoàn trường đã định ra các nhiệm vụ cụ thể cho từng năm học, từng nhiệm kỳ do vậy mà hoạt động công đoàn trường đã mang lại hiệu quả thiết thực đến đoàn viên công đoàn và người lao động.","Khoa Khoa học và Kỹ thuật Máy tính
Cơ cấu nhân sự: 
Ban Chủ nhiệm Khoa
Trưởng khoa: PGS. TS. Quản Thành Thơ (Email: qttho@hcmut.edu.vn)
Phó Trưởng khoa: PGS. TS. Phạm Quốc Cường
Phó Trưởng khoa: PGS. TS. Phạm Hoàng Anh
Phó Trưởng khoa: PGS. TS. Trần Ngọc Thịnh
Bộ môn
Bộ môn Công nghệ Phần mềm: Trưởng bộ môn: TS. Trương Tuấn Anh
Bộ môn Hệ thống thông tin: Khoa trực tiếp phụ trách
Bộ môn Hệ thống và Mạng máy tính: Trưởng bộ môn: TS. Nguyễn Đức Thái
Bộ môn Khoa học Máy tính: Trưởng bộ môn: PGS. TS. Lê Hồng Trang
Bộ môn Kỹ thuật Máy tính: Khoa trực tiếp phụ trách
Đào tạo:
Bậc Đại học: 
Chương trình Tiêu chuẩn: 
Khoa học Máy tính: Chuyên ngành: Khoa học Máy tính, Công nghệ Dữ liệu và Dữ liệu lớn, An ninh Hệ thống và Mạng, Trí tuệ Nhân tạo, Công nghệ Phần mềm
Kỹ thuật Máy tính: Chuyên ngành: Kỹ thuật Máy tính, Hệ thống Tính toán Nâng cao, Internet Vạn vật, Thiết kế Vi mạch số
Chương trình Dạy và học bằng tiếng Anh: 
Khoa học Máy tính: Chuyên ngành: Khoa học Máy tính, Công nghệ Dữ liệu và Dữ liệu lớn, An ninh Hệ thống và Mạng, Trí tuệ Nhân tạo, Công nghệ Phần mềm
Kỹ thuật Máy tính: Chuyên ngành: Kỹ thuật Máy tính, Hệ thống Tính toán Nâng cao, Internet Vạn vật, Thiết kế Vi mạch số
Chương trình Định hướng Nhật Bản: Khoa học Máy tính: Chuyên ngành: Khoa học Máy tính, Công nghệ Dữ liệu và Dữ liệu lớn, An ninh Hệ thống và Mạng, Trí tuệ Nhân tạo, Công nghệ Phần mềm
Chương trình Chuyển tiếp Quốc tế: ngành Khoa học Máy tính, ngành Kỹ thuật Máy tính
Chương trình Liên kết Cử nhân Kỹ thuật Quốc tế: 
Trí tuệ nhân tạo
Công nghệ thông tin
Bậc Thạc sĩ
Khoa học Máy tính
Hệ thống Thông tin Quản lý
Xưởng, Phòng thí nghiệm:
PTN Tính toán hiệu năng cao
PTN Tính toán nâng cao
PTN HCMUT Renesas SuperH Lab
PTN An ninh mạng
PTN Trí tuệ nhân tạo
PTN Khoa học Dữ liệu
Trung tâm hợp tác nghiên cứu đổi mới và công nghệ HCMUT-UTS"
298,Công đoàn trường Đại học Bách khoa là gì?,Đ/c Lê Thị Hồng Nhan,"Khoa Kỹ thuật Giao thông
Cơ cấu nhân sự: 
Ban Chủ nhiệm Khoa
Trưởng khoa: PGS. TS. Trần Hữu Nhân (Email: thnhan@hcmut.edu.vn)
Phó Trưởng khoa: PGS. TS. Lê Tất Hiển (Email: hienlt@hcmut.edu.vn)
Phó Trưởng khoa: TS. Nguyễn Song Thanh Thảo (Email: nguyensongthanhthao@hcmut.edu.vn)
Bộ môn
Bộ môn Ô tô - Máy Động lực: 
Trưởng bộ môn: TS. Trần Đăng Long
Email: trandanglong@hcmut.edu.vn
Bộ môn Kỹ thuật Hàng không:
Trưởng bộ môn: TS. Lê Thị Hồng Hiếu
Email: honghieu.le@hcmut.edu.vn
Bộ môn Kỹ thuật Tàu thủy: 
Trưởng bộ môn: TS. Trần Hải
Email: haitran@hcmut.edu.vn"
299,Nhiệm vụ của Công đoàn trường Đại học Bách Khoa?,"Văn phòng Công đoàn nằm tại Phòng 102, tòa nhà A4. Địa chỉ cụ thể là: - **Địa chỉ:** Phòng 102, tòa nhà A4- **Số điện thoại:** 0283 864 256 - 5121; 7121- **Email:** [lthnhan@hcmut.edu.vn](mailto:lthnhan@hcmut.edu.vn)Ngoài ra, bạn cũng có thể liên hệ qua số điện thoại của Chủ tịch Công đoàn là 0933 056 664.","Khoa Cơ khí
Cơ cấu nhân sự:
Ban Chủ nhiệm Khoa
Trưởng khoa: PGS. TS. Bùi Trọng Hiếu (Email: hieubt@hcmut.edu.vn)
Lãnh đạo và quản lý toàn diện mọi hoạt động thuộc chức năng, nhiệm vụ và quyền hạn của Trưởng khoa trong trường đại học; chịu trách nhiệm trước Hiệu trưởng Trường Đại học Bách khoa – ĐHQG-HCM và các lãnh đạo cấp trên về mọi mặt hoạt động của Khoa.
Trực tiếp chỉ đạo và quản lý công tác:
Tổ chức – nhân sự.
Tài chính, cơ sở vật chất.
Thi đua – khen thưởng.
Phát triển đào tạo.
Đoàn thể.
Dự án đầu tư.
Triển khai thực hiện chiến lược, định hướng phát triển Khoa.
Phó Trưởng khoa: TS. Phạm Minh Tuấn (Email: pminhtuan@hcmut.edu.vn)
			Phụ trách công tác:
Đào tạo đại học các hệ.
Đào tạo sau đại học.
Thực hành – Thí nghiệm.
Khảo thí – Bảo đảm Chất lượng."
300,Hoạt động công đoàn trường có mang lại lợi ích cho ai không?,"Phòng 102, tòa nhà A4","Phó Trưởng khoa: TS. Cao Xuân Việt (Email: caoxuanviet@hcmut.edu.vn)
Hỗ trợ Trưởng khoa, phụ trách lãnh đạo, quản lý hoạt động Đào tạo, Đảm bảo Chất lượng và Công tác sinh viên.
Trực tiếp chỉ đạo, xử lý và ký công văn, giấy tờ... công việc các mảng:
Chương trình và vận hành đào tạo Đại học (CT Tiêu chuẩn, CT Dạy và học bằng tiếng Anh, Vừa làm vừa học, chương trình Kỹ sư Chất lượng cao Việt-Pháp);
Giáo viên chủ nhiệm, cố vấn học tập, hoạt động hỗ trợ người học, công tác sinh viên;
Khảo thí, Đảm bảo chất lượng, kiểm định các chương trình;
Thư ký các hội đồng Ngành, hội đồng Khoa học- Đào tạo;
Chương trình và vận hành đào tạo Sau Đại học;
Tuyển sinh Sau Đại học, Liên thông Thạc sỹ - Kỹ sư;
Triển khai chiến lược định hướng phát triển và xây dựng, vận hành hệ thống quy trình, quản lý liên quan hoạt động phụ trách"
301,Chủ tịch của công đoàn là ai?,"- Tham mưu cho Đảng Ủy – Ban giám hiệu Trường và Thành Đoàn những nội dung, biện pháp chỉ đạo công tác Đoàn – Hội và phong trào thanh niên của Trường Đại học Bách khoa.  
- Lãnh đạo, chỉ đạo, hướng dẫn các Đoàn – Liên chi hội cơ sở và các chi Đoàn – chi Hội trực thuộc xây dựng các chương trình hành động phù hợp với chủ trương của Đảng Ủy và Đoàn – Hội cấp trên, phù hợp với nhu cầu chính đáng của Đoàn viên, Hội viên, thanh niên trong đơn vị.  
- Tổ chức các hoạt động cho toàn thể Đoàn viên, Hội viên, thanh niên trường Đại học Bách Khoa. Qua đó, góp phần giáo dục lý tưởng cách mạng, rèn luyện nhân cách, cùng Nhà trường đào tạo các trí thức trẻ vừa “hồng” vừa “chuyên”. Tuổi trẻ Bách Khoa: “Giỏi chuyên môn – Vững chính trị – Sáng tâm hồn – Khỏe thể chất”.","Khoa Quản lý Công nghiệp
Cơ cấu nhân sự: 
Ban Chủ nhiệm Khoa
Trưởng khoa: TS. Dương Như Hùng (Email: duongnhuhung@hcmut.edu.vn)
Phó Trưởng khoa: TS. Nguyễn Vũ Quang (Email: nvquang@hcmut.edu.vn)
Phó Trưởng khoa: TS. Huỳnh Thị Minh Châu (Email: htmchau@hcmut.edu.vn)
Phó Trưởng khoa: ThS. Trần Duy Thanh (Email: tdthanh@hcmut.edu.vn)
Bộ môn
Hệ thống thông tin quản lý: 
Trưởng bộ môn: PGS. TS. Phạm Quốc Trung
Email: pqtrung@hcmut.edu.vn
Bộ môn Quản lý Sản xuất Vận hành:
Trưởng bộ môn: TS. Lê Phước Luông
Email: lpluong@hcmut.edu.vn
Bộ môn Tài chính: 
Trưởng bộ môn: TS. Nguyễn Thu Hiền
Email: nthuhien@hcmut.edu.vn
Bộ môn Tiếp thị và Quản lý: 
Trưởng bộ môn: TS. Lê Thị Thanh Xuân
Email: lttxuan@hcmut.edu.vn"
302,Làm sao để liên lạc với chủ tích công đoàn?,"- Tham mưu cho Đảng Ủy – Ban giám hiệu Trường và Thành Đoàn những nội dung, biện pháp chỉ đạo công tác Đoàn – Hội và phong trào thanh niên của Trường Đại học Bách khoa.  
- Lãnh đạo, chỉ đạo, hướng dẫn các Đoàn – Liên chi hội cơ sở và các chi Đoàn – chi Hội trực thuộc xây dựng các chương trình hành động phù hợp với chủ trương của Đảng Ủy và Đoàn – Hội cấp trên, phù hợp với nhu cầu chính đáng của Đoàn viên, Hội viên, thanh niên trong đơn vị.  
- Tổ chức các hoạt động cho toàn thể Đoàn viên, Hội viên, thanh niên trường Đại học Bách Khoa. Qua đó, góp phần giáo dục lý tưởng cách mạng, rèn luyện nhân cách, cùng Nhà trường đào tạo các trí thức trẻ vừa “hồng” vừa “chuyên”. Tuổi trẻ Bách Khoa: “Giỏi chuyên môn – Vững chính trị – Sáng tâm hồn – Khỏe thể chất”.","Khoa Khoa học và Kỹ thuật Máy tính
Cơ cấu nhân sự: 
Ban Chủ nhiệm Khoa
Trưởng khoa: PGS. TS. Quản Thành Thơ (Email: qttho@hcmut.edu.vn)
Phó Trưởng khoa: PGS. TS. Phạm Quốc Cường
Phó Trưởng khoa: PGS. TS. Phạm Hoàng Anh
Phó Trưởng khoa: PGS. TS. Trần Ngọc Thịnh
Bộ môn
Bộ môn Công nghệ Phần mềm: Trưởng bộ môn: TS. Trương Tuấn Anh
Bộ môn Hệ thống thông tin: Khoa trực tiếp phụ trách
Bộ môn Hệ thống và Mạng máy tính: Trưởng bộ môn: TS. Nguyễn Đức Thái
Bộ môn Khoa học Máy tính: Trưởng bộ môn: PGS. TS. Lê Hồng Trang
Bộ môn Kỹ thuật Máy tính: Khoa trực tiếp phụ trách
Đào tạo:
Bậc Đại học: 
Chương trình Tiêu chuẩn: 
Khoa học Máy tính: Chuyên ngành: Khoa học Máy tính, Công nghệ Dữ liệu và Dữ liệu lớn, An ninh Hệ thống và Mạng, Trí tuệ Nhân tạo, Công nghệ Phần mềm
Kỹ thuật Máy tính: Chuyên ngành: Kỹ thuật Máy tính, Hệ thống Tính toán Nâng cao, Internet Vạn vật, Thiết kế Vi mạch số
Chương trình Dạy và học bằng tiếng Anh: 
Khoa học Máy tính: Chuyên ngành: Khoa học Máy tính, Công nghệ Dữ liệu và Dữ liệu lớn, An ninh Hệ thống và Mạng, Trí tuệ Nhân tạo, Công nghệ Phần mềm
Kỹ thuật Máy tính: Chuyên ngành: Kỹ thuật Máy tính, Hệ thống Tính toán Nâng cao, Internet Vạn vật, Thiết kế Vi mạch số
Chương trình Định hướng Nhật Bản: Khoa học Máy tính: Chuyên ngành: Khoa học Máy tính, Công nghệ Dữ liệu và Dữ liệu lớn, An ninh Hệ thống và Mạng, Trí tuệ Nhân tạo, Công nghệ Phần mềm
Chương trình Chuyển tiếp Quốc tế: ngành Khoa học Máy tính, ngành Kỹ thuật Máy tính
Chương trình Liên kết Cử nhân Kỹ thuật Quốc tế: 
Trí tuệ nhân tạo
Công nghệ thông tin
Bậc Thạc sĩ
Khoa học Máy tính
Hệ thống Thông tin Quản lý
Xưởng, Phòng thí nghiệm:
PTN Tính toán hiệu năng cao
PTN Tính toán nâng cao
PTN HCMUT Renesas SuperH Lab
PTN An ninh mạng
PTN Trí tuệ nhân tạo
PTN Khoa học Dữ liệu
Trung tâm hợp tác nghiên cứu đổi mới và công nghệ HCMUT-UTS"
303,Địa chỉ của văn phòng Công đoàn?,Bí thư Đoàn Thanh niên: Đ/c Phan Quốc Thái \- Email: phanquocthai@hcmut.edu.vn  \- SĐT: 0352789717,"Khoa Khoa học và Kỹ thuật Máy tính
Cơ cấu nhân sự: 
Ban Chủ nhiệm Khoa
Trưởng khoa: PGS. TS. Quản Thành Thơ (Email: qttho@hcmut.edu.vn)
Phó Trưởng khoa: PGS. TS. Phạm Quốc Cường
Phó Trưởng khoa: PGS. TS. Phạm Hoàng Anh
Phó Trưởng khoa: PGS. TS. Trần Ngọc Thịnh
Bộ môn
Bộ môn Công nghệ Phần mềm: Trưởng bộ môn: TS. Trương Tuấn Anh
Bộ môn Hệ thống thông tin: Khoa trực tiếp phụ trách
Bộ môn Hệ thống và Mạng máy tính: Trưởng bộ môn: TS. Nguyễn Đức Thái
Bộ môn Khoa học Máy tính: Trưởng bộ môn: PGS. TS. Lê Hồng Trang
Bộ môn Kỹ thuật Máy tính: Khoa trực tiếp phụ trách
Đào tạo:
Bậc Đại học: 
Chương trình Tiêu chuẩn: 
Khoa học Máy tính: Chuyên ngành: Khoa học Máy tính, Công nghệ Dữ liệu và Dữ liệu lớn, An ninh Hệ thống và Mạng, Trí tuệ Nhân tạo, Công nghệ Phần mềm
Kỹ thuật Máy tính: Chuyên ngành: Kỹ thuật Máy tính, Hệ thống Tính toán Nâng cao, Internet Vạn vật, Thiết kế Vi mạch số
Chương trình Dạy và học bằng tiếng Anh: 
Khoa học Máy tính: Chuyên ngành: Khoa học Máy tính, Công nghệ Dữ liệu và Dữ liệu lớn, An ninh Hệ thống và Mạng, Trí tuệ Nhân tạo, Công nghệ Phần mềm
Kỹ thuật Máy tính: Chuyên ngành: Kỹ thuật Máy tính, Hệ thống Tính toán Nâng cao, Internet Vạn vật, Thiết kế Vi mạch số
Chương trình Định hướng Nhật Bản: Khoa học Máy tính: Chuyên ngành: Khoa học Máy tính, Công nghệ Dữ liệu và Dữ liệu lớn, An ninh Hệ thống và Mạng, Trí tuệ Nhân tạo, Công nghệ Phần mềm
Chương trình Chuyển tiếp Quốc tế: ngành Khoa học Máy tính, ngành Kỹ thuật Máy tính
Chương trình Liên kết Cử nhân Kỹ thuật Quốc tế: 
Trí tuệ nhân tạo
Công nghệ thông tin
Bậc Thạc sĩ
Khoa học Máy tính
Hệ thống Thông tin Quản lý
Xưởng, Phòng thí nghiệm:
PTN Tính toán hiệu năng cao
PTN Tính toán nâng cao
PTN HCMUT Renesas SuperH Lab
PTN An ninh mạng
PTN Trí tuệ nhân tạo
PTN Khoa học Dữ liệu
Trung tâm hợp tác nghiên cứu đổi mới và công nghệ HCMUT-UTS"
304,"Nhiệm vụ, chức năng của Đoàn Thanh niên - Hội Sinh viên là gì?",Bí thư Đoàn Thanh niên: Đ/c Phan Quốc Thái \- Email: phanquocthai@hcmut.edu.vn  \- SĐT: 0352789717,"Khoa Quản lý Công nghiệp
Cơ cấu nhân sự: 
Ban Chủ nhiệm Khoa
Trưởng khoa: TS. Dương Như Hùng (Email: duongnhuhung@hcmut.edu.vn)
Phó Trưởng khoa: TS. Nguyễn Vũ Quang (Email: nvquang@hcmut.edu.vn)
Phó Trưởng khoa: TS. Huỳnh Thị Minh Châu (Email: htmchau@hcmut.edu.vn)
Phó Trưởng khoa: ThS. Trần Duy Thanh (Email: tdthanh@hcmut.edu.vn)
Bộ môn
Hệ thống thông tin quản lý: 
Trưởng bộ môn: PGS. TS. Phạm Quốc Trung
Email: pqtrung@hcmut.edu.vn
Bộ môn Quản lý Sản xuất Vận hành:
Trưởng bộ môn: TS. Lê Phước Luông
Email: lpluong@hcmut.edu.vn
Bộ môn Tài chính: 
Trưởng bộ môn: TS. Nguyễn Thu Hiền
Email: nthuhien@hcmut.edu.vn
Bộ môn Tiếp thị và Quản lý: 
Trưởng bộ môn: TS. Lê Thị Thanh Xuân
Email: lttxuan@hcmut.edu.vn"
305,Những đóng góp của Đoàn Thanh niên- Hội Sinh viên?,Đ/c Trần Ngọc Bảo Duy \- Email: duytnb@hcmut.edu.vn   \- SĐT: 0335474602,"Khoa Quản lý Công nghiệp
Cơ cấu nhân sự: 
Ban Chủ nhiệm Khoa
Trưởng khoa: TS. Dương Như Hùng (Email: duongnhuhung@hcmut.edu.vn)
Phó Trưởng khoa: TS. Nguyễn Vũ Quang (Email: nvquang@hcmut.edu.vn)
Phó Trưởng khoa: TS. Huỳnh Thị Minh Châu (Email: htmchau@hcmut.edu.vn)
Phó Trưởng khoa: ThS. Trần Duy Thanh (Email: tdthanh@hcmut.edu.vn)
Bộ môn
Hệ thống thông tin quản lý: 
Trưởng bộ môn: PGS. TS. Phạm Quốc Trung
Email: pqtrung@hcmut.edu.vn
Bộ môn Quản lý Sản xuất Vận hành:
Trưởng bộ môn: TS. Lê Phước Luông
Email: lpluong@hcmut.edu.vn
Bộ môn Tài chính: 
Trưởng bộ môn: TS. Nguyễn Thu Hiền
Email: nthuhien@hcmut.edu.vn
Bộ môn Tiếp thị và Quản lý: 
Trưởng bộ môn: TS. Lê Thị Thanh Xuân
Email: lttxuan@hcmut.edu.vn"
307,Phương thức liên lạc của đồng chí Phan Quốc Thái?,Phòng 114 nhà B1.,"Khoa Điện - Điện tử
Cơ cấu nhân sự: 
Ban Chủ nhiệm Khoa
Trưởng khoa: TS. Nguyễn Quang Nam (Email: nqnam@hcmut.edu.vn)
Lãnh đạo và quản lý chung các hoạt động trong Khoa:
Công tác tổ chức nhân sự, tài chính.
Quản lý các dự án hợp tác quốc tế, các chương trình đào tạo quốc tế.
Xây dựng mô hình tổ chức hoạt động, định hướng phát triển của Khoa.
Tổ chức các hội đồng trong Khoa (Hội đồng Khoa học và Đào tạo, Hội đồng Tuyển dụng, Hội đồng Thi đua - Khen thưởng, Hội đồng Kỷ luật).
Phó Trưởng khoa: PGS. TS. Võ Ngọc Điều (Email: vndieu@hcmut.edu.vn)
Phụ trách Đảm bảo chất lượng, Cơ sở vật chất và KHCN:
Phát triển các dự án và lao động sản xuất.
Công tác phòng thí nghiệm, cơ sở vật chất và trang thiết bị.
Công tác kiểm định và đảm bảo chất lượng.
Phó Trưởng khoa: TS. Huỳnh Phú Minh Cường (Email: hpmcuong@hcmut.edu.vn)
Phụ trách Khoa học Công nghệ, Đào tạo Sau đại học và Đối ngoại:
Nghiên cứu khoa học và chuyển giao công nghệ.
Đào tạo sau đại học.
Quan hệ doanh nghiệp - cựu sinh viên - địa phương.
Truyền thông và quảng bá hình ảnh Khoa.
Phó Trưởng khoa: PGS. TS. Phan Quốc Dũng (Email: pqdung@hcmut.edu.vn)
Phụ trách Đào tạo Đại học và công tác sinh viên:
Đào tạo bậc đại học chính quy, không chính quy, liên kết cạnh xí nghiệp, liên kết địa phương, từ xa.
Công tác thư viện và giáo trình.
Công tác sinh viên, các hoạt động đoàn thể của sinh viên và dữ liệu thông tin cựu sinh viên."
308,Chủ tịch Hội Sinh viên là ai?,"A1 – 268 Lý Thường Kiệt, Quận 10, TP. HCM","Khoa Quản lý Công nghiệp
Cơ cấu nhân sự: 
Ban Chủ nhiệm Khoa
Trưởng khoa: TS. Dương Như Hùng (Email: duongnhuhung@hcmut.edu.vn)
Phó Trưởng khoa: TS. Nguyễn Vũ Quang (Email: nvquang@hcmut.edu.vn)
Phó Trưởng khoa: TS. Huỳnh Thị Minh Châu (Email: htmchau@hcmut.edu.vn)
Phó Trưởng khoa: ThS. Trần Duy Thanh (Email: tdthanh@hcmut.edu.vn)
Bộ môn
Hệ thống thông tin quản lý: 
Trưởng bộ môn: PGS. TS. Phạm Quốc Trung
Email: pqtrung@hcmut.edu.vn
Bộ môn Quản lý Sản xuất Vận hành:
Trưởng bộ môn: TS. Lê Phước Luông
Email: lpluong@hcmut.edu.vn
Bộ môn Tài chính: 
Trưởng bộ môn: TS. Nguyễn Thu Hiền
Email: nthuhien@hcmut.edu.vn
Bộ môn Tiếp thị và Quản lý: 
Trưởng bộ môn: TS. Lê Thị Thanh Xuân
Email: lttxuan@hcmut.edu.vn"
309,Phương thức liên lạc của Chủ tịch Hội Sinh viên?,Đúng vậy,"Khoa Quản lý Công nghiệp
Cơ cấu nhân sự: 
Ban Chủ nhiệm Khoa
Trưởng khoa: TS. Dương Như Hùng (Email: duongnhuhung@hcmut.edu.vn)
Phó Trưởng khoa: TS. Nguyễn Vũ Quang (Email: nvquang@hcmut.edu.vn)
Phó Trưởng khoa: TS. Huỳnh Thị Minh Châu (Email: htmchau@hcmut.edu.vn)
Phó Trưởng khoa: ThS. Trần Duy Thanh (Email: tdthanh@hcmut.edu.vn)
Bộ môn
Hệ thống thông tin quản lý: 
Trưởng bộ môn: PGS. TS. Phạm Quốc Trung
Email: pqtrung@hcmut.edu.vn
Bộ môn Quản lý Sản xuất Vận hành:
Trưởng bộ môn: TS. Lê Phước Luông
Email: lpluong@hcmut.edu.vn
Bộ môn Tài chính: 
Trưởng bộ môn: TS. Nguyễn Thu Hiền
Email: nthuhien@hcmut.edu.vn
Bộ môn Tiếp thị và Quản lý: 
Trưởng bộ môn: TS. Lê Thị Thanh Xuân
Email: lttxuan@hcmut.edu.vn"
310,Địa chỉ của văn phòng Đoàn Thanh niên-Hội Sinh viên?,Không có trong data,"trTHÔNG TIN CÁC KHOA - VĂN PHÒNG ĐÀO TẠO
Khoa Cơ khí
Cơ cấu nhân sự:
Ban Chủ nhiệm Khoa
Trưởng khoa: PGS. TS. Bùi Trọng Hiếu (Email: hieubt@hcmut.edu.vn)
Lãnh đạo và quản lý toàn diện mọi hoạt động thuộc chức năng, nhiệm vụ và quyền hạn của Trưởng khoa trong trường đại học; chịu trách nhiệm trước Hiệu trưởng Trường Đại học Bách khoa – ĐHQG-HCM và các lãnh đạo cấp trên về mọi mặt hoạt động của Khoa.
Trực tiếp chỉ đạo và quản lý công tác:
Tổ chức – nhân sự.
Tài chính, cơ sở vật chất.
Thi đua – khen thưởng.
Phát triển đào tạo.
Đoàn thể.
Dự án đầu tư.
Triển khai thực hiện chiến lược, định hướng phát triển Khoa."
312,Email của Trưởng phòng Khoa học và Công nghệ là ptthi@hcmut.edu.vn?,pkhtc@hcmut.edu.vn,"Phó Trưởng khoa: PGS. TS. Nguyễn Quốc Chí (Email: nqchi@hcmut.edu.vn)
			Phụ trách công tác:
Khoa học và công nghệ.
Quan hệ quốc tế, quan hệ doanh nghiệp.
Thoả thuận hợp tác (MOU) giữa khoa với đối tác.
Dự toán mua sắm, sửa chữa thiết bị.
Cựu sinh viên.
Triển khai thực hiện chiến lược, định hướng phát triển Khoa."
313,Chức năng chính của Phòng Quản trị Thương hiệu – Truyền thông là gì?,"Văn phòng: Nhà A1 – 268 Lý Thường Kiệt, Quận 10, TP. HCM  
* Phòng 304: Tư vấn tuyển sinh, thiết kế  
* Phòng 308: Truyền thông, công tác ISO và văn thư
Điện thoại:   
* 0283 8647 256 – 6321: Tư vấn tuyển sinh, thiết kế  
* 0283 8647 256 – 7322: Truyền thông, công tác ISO và văn thư","Phó Trưởng khoa: PGS. TS. Phạm Quang Trung (Email: quangtrung@hcmut.edu.vn)
		Phụ trách công tác:
Sinh viên, giáo viên chủ nhiệm.
Quản trị thương hiệu – Truyền thông, tổ chức sự kiện.
ISO.
Quản lý website của Khoa.
Báo cáo, thống kê số liệu.
Tuyển sinh (tư vấn, tiếp đoàn học sinh tham quan,…).
Văn phòng Khoa."
314,Số điện thoại của Phòng Khoa học và Công nghệ?,"Phòng 314, nhà A4 – 268 Lý Thường Kiệt, Quận 10, TP. HCM","Phó Trưởng khoa: PGS. TS. Nguyễn Quốc Chí (Email: nqchi@hcmut.edu.vn)
			Phụ trách công tác:
Khoa học và công nghệ.
Quan hệ quốc tế, quan hệ doanh nghiệp.
Thoả thuận hợp tác (MOU) giữa khoa với đối tác.
Dự toán mua sắm, sửa chữa thiết bị.
Cựu sinh viên.
Triển khai thực hiện chiến lược, định hướng phát triển Khoa."
315,Email của Phòng Kế hoạch - Tài chính là gì?,PGS. TS. Lại Quốc Đạt,"Khoa Công nghệ Vật liệu
Cơ cấu nhân sự: 
Ban Chủ nhiệm Khoa
Trưởng khoa: TS. Nguyễn Khánh Sơn (Email: ksnguyen@hcmut.edu.vn)
Lãnh đạo và quản lý toàn diện mọi hoạt động thuộc chức năng, nhiệm vụ và quyền hạn của Khoa, Trưởng khoa theo Quy chế tạm thời về tổ chức và hoạt động của Nhà Trường và các văn bản pháp lý liên quan. Chịu trách nhiệm trước Hiệu trưởng Trường Đại học Bách khoa về mọi mặt công tác thuộc chức năng, nhiệm vụ và quyền hạn của Khoa.
Trực tiếp chỉ đạo, xử lý và ký công văn, giấy tờ... công việc các mảng:
Triển khai chiến lược định hướng phát triển chung Khoa, tổ chức - nhân sự, kế hoạch - tài chính, cơ sở vật chất, thi đua - khen thưởng, các hội đồng;
Hệ thống quy trình, quản lý chất lượng theo tiêu chuẩn ISO 9001:2015;
An ninh nội bộ, An toàn vệ sinh lao động, Phòng cháy chữa cháy;
Truyền thông thương hiệu, Phong trào đoàn thể;
Kế hoạch họp giao ban hàng tháng, tổng kết và báo cáo tháng/năm;
Hướng nghiệp người học - Tuyển sinh;
Cựu sinh viên - Quan hệ Doanh nghiệp."
316,Phòng Quản trị Thương hiệu - Truyền thông gồm những văn phòng nào?,"A4 – 268 Lý Thường Kiệt, Quận 10, TP. HCM","Phó Trưởng khoa: PGS. TS. Phạm Quang Trung (Email: quangtrung@hcmut.edu.vn)
		Phụ trách công tác:
Sinh viên, giáo viên chủ nhiệm.
Quản trị thương hiệu – Truyền thông, tổ chức sự kiện.
ISO.
Quản lý website của Khoa.
Báo cáo, thống kê số liệu.
Tuyển sinh (tư vấn, tiếp đoàn học sinh tham quan,…).
Văn phòng Khoa."
317,Văn phòng của Phòng Khoa học và Công nghệ ở đâu,101 nhà A4,"Phó Trưởng khoa: PGS. TS. Nguyễn Quốc Chí (Email: nqchi@hcmut.edu.vn)
			Phụ trách công tác:
Khoa học và công nghệ.
Quan hệ quốc tế, quan hệ doanh nghiệp.
Thoả thuận hợp tác (MOU) giữa khoa với đối tác.
Dự toán mua sắm, sửa chữa thiết bị.
Cựu sinh viên.
Triển khai thực hiện chiến lược, định hướng phát triển Khoa.
Phó Trưởng khoa: PGS. TS. Phạm Quang Trung (Email: quangtrung@hcmut.edu.vn)
		Phụ trách công tác:
Sinh viên, giáo viên chủ nhiệm.
Quản trị thương hiệu – Truyền thông, tổ chức sự kiện.
ISO.
Quản lý website của Khoa.
Báo cáo, thống kê số liệu.
Tuyển sinh (tư vấn, tiếp đoàn học sinh tham quan,…).
Văn phòng Khoa."
318,Trưởng phòng Đối ngoại là ai?,Tầng trệt nhà A1,"Khoa Điện - Điện tử
Cơ cấu nhân sự: 
Ban Chủ nhiệm Khoa
Trưởng khoa: TS. Nguyễn Quang Nam (Email: nqnam@hcmut.edu.vn)
Lãnh đạo và quản lý chung các hoạt động trong Khoa:
Công tác tổ chức nhân sự, tài chính.
Quản lý các dự án hợp tác quốc tế, các chương trình đào tạo quốc tế.
Xây dựng mô hình tổ chức hoạt động, định hướng phát triển của Khoa.
Tổ chức các hội đồng trong Khoa (Hội đồng Khoa học và Đào tạo, Hội đồng Tuyển dụng, Hội đồng Thi đua - Khen thưởng, Hội đồng Kỷ luật).
Phó Trưởng khoa: PGS. TS. Võ Ngọc Điều (Email: vndieu@hcmut.edu.vn)
Phụ trách Đảm bảo chất lượng, Cơ sở vật chất và KHCN:
Phát triển các dự án và lao động sản xuất.
Công tác phòng thí nghiệm, cơ sở vật chất và trang thiết bị.
Công tác kiểm định và đảm bảo chất lượng.
Phó Trưởng khoa: TS. Huỳnh Phú Minh Cường (Email: hpmcuong@hcmut.edu.vn)
Phụ trách Khoa học Công nghệ, Đào tạo Sau đại học và Đối ngoại:
Nghiên cứu khoa học và chuyển giao công nghệ.
Đào tạo sau đại học.
Quan hệ doanh nghiệp - cựu sinh viên - địa phương.
Truyền thông và quảng bá hình ảnh Khoa."
319,Văn phòng của Kế hoạch - Tài chính ở đâu ?,"pdt@hcmut.edu.vn
aao.hcmut.edu.vn","Khoa Công nghệ Vật liệu
Cơ cấu nhân sự: 
Ban Chủ nhiệm Khoa
Trưởng khoa: TS. Nguyễn Khánh Sơn (Email: ksnguyen@hcmut.edu.vn)
Lãnh đạo và quản lý toàn diện mọi hoạt động thuộc chức năng, nhiệm vụ và quyền hạn của Khoa, Trưởng khoa theo Quy chế tạm thời về tổ chức và hoạt động của Nhà Trường và các văn bản pháp lý liên quan. Chịu trách nhiệm trước Hiệu trưởng Trường Đại học Bách khoa về mọi mặt công tác thuộc chức năng, nhiệm vụ và quyền hạn của Khoa.
Trực tiếp chỉ đạo, xử lý và ký công văn, giấy tờ... công việc các mảng:
Triển khai chiến lược định hướng phát triển chung Khoa, tổ chức - nhân sự, kế hoạch - tài chính, cơ sở vật chất, thi đua - khen thưởng, các hội đồng;
Hệ thống quy trình, quản lý chất lượng theo tiêu chuẩn ISO 9001:2015;
An ninh nội bộ, An toàn vệ sinh lao động, Phòng cháy chữa cháy;
Truyền thông thương hiệu, Phong trào đoàn thể;
Kế hoạch họp giao ban hàng tháng, tổng kết và báo cáo tháng/năm;
Hướng nghiệp người học - Tuyển sinh;
Cựu sinh viên - Quan hệ Doanh nghiệp."
320,Văn phòng của Công tác Sinh viên ở đâu ?,pkhtc@hcmut.edu.vn,"Phó Trưởng khoa: TS. Cao Xuân Việt (Email: caoxuanviet@hcmut.edu.vn)
Hỗ trợ Trưởng khoa, phụ trách lãnh đạo, quản lý hoạt động Đào tạo, Đảm bảo Chất lượng và Công tác sinh viên.
Trực tiếp chỉ đạo, xử lý và ký công văn, giấy tờ... công việc các mảng:
Chương trình và vận hành đào tạo Đại học (CT Tiêu chuẩn, CT Dạy và học bằng tiếng Anh, Vừa làm vừa học, chương trình Kỹ sư Chất lượng cao Việt-Pháp);
Giáo viên chủ nhiệm, cố vấn học tập, hoạt động hỗ trợ người học, công tác sinh viên;
Khảo thí, Đảm bảo chất lượng, kiểm định các chương trình;
Thư ký các hội đồng Ngành, hội đồng Khoa học- Đào tạo;
Chương trình và vận hành đào tạo Sau Đại học;
Tuyển sinh Sau Đại học, Liên thông Thạc sỹ - Kỹ sư;
Triển khai chiến lược định hướng phát triển và xây dựng, vận hành hệ thống quy trình, quản lý liên quan hoạt động phụ trách"
321,Văn phòng của Phòng Đào tạo ở đâu ?,Tòa A3,"Văn phòng Khoa.
Bộ môn
Bộ môn Kỹ thuật hệ thống công nghiệp
Trưởng bộ môn: TS. Nguyễn Vạng Phúc Nguyên
Email: nguyennvp@hcmut.edu.vn
Bộ môn Thiết bị & Công nghệ Vật liệu cơ khí
Trưởng bộ môn: PGS. TS. Nguyễn Thanh Hải
Email: haint@hcmut.edu.vn
Bộ môn Cơ điện tử
Trưởng bộ môn: TS. Phùng Trí Công
Email: ptcong@hcmut.edu.vn
Bộ môn Thiết kế máy
Trưởng bộ môn: TS. Nguyễn Vũ Thịnh
Email: vuthinh.n@hcmut.edu.vn
Bộ môn Kỹ thuật dệt may
Trưởng bộ môn: TS. Lê Song Thanh Quỳnh
Email: lstquynh@hcmut.edu.vn
Bộ môn Chế tạo máy
Trưởng bộ môn: TS. Trần Hải Nam
Email: namth@hcmut.edu.vn
Bộ môn Kỹ thuật Máy xây dựng & Nâng chuyển
Trưởng bộ môn: PGS. TS. Lưu Thanh Tùng
Email: ttluu@hcmut.edu.vn
Bộ môn Công nghệ nhiệt lạnh
Trưởng bộ môn: TS. Hà Anh Tùng
Email: ha-tung@hcmut.edu.vn
Bộ môn Quản lý và kỹ thuật bảo trì
Trưởng bộ môn: PGS. TS. Nguyễn Thanh Trương
Email: thtruong@hcmut.edu.vn"
322,Email và website của phòng Đào tạo là gì ?,0283 8647256 \- 7847,"Khoa Cơ khí
Cơ cấu nhân sự:
Ban Chủ nhiệm Khoa
Trưởng khoa: PGS. TS. Bùi Trọng Hiếu (Email: hieubt@hcmut.edu.vn)
Lãnh đạo và quản lý toàn diện mọi hoạt động thuộc chức năng, nhiệm vụ và quyền hạn của Trưởng khoa trong trường đại học; chịu trách nhiệm trước Hiệu trưởng Trường Đại học Bách khoa – ĐHQG-HCM và các lãnh đạo cấp trên về mọi mặt hoạt động của Khoa.
Trực tiếp chỉ đạo và quản lý công tác:
Tổ chức – nhân sự.
Tài chính, cơ sở vật chất.
Thi đua – khen thưởng.
Phát triển đào tạo.
Đoàn thể.
Dự án đầu tư.
Triển khai thực hiện chiến lược, định hướng phát triển Khoa.
Phó Trưởng khoa: TS. Phạm Minh Tuấn (Email: pminhtuan@hcmut.edu.vn)
			Phụ trách công tác:
Đào tạo đại học các hệ.
Đào tạo sau đại học.
Thực hành – Thí nghiệm.
Khảo thí – Bảo đảm Chất lượng.
Phó Trưởng khoa: PGS. TS. Nguyễn Quốc Chí (Email: nqchi@hcmut.edu.vn)
			Phụ trách công tác:
Khoa học và công nghệ.
Quan hệ quốc tế, quan hệ doanh nghiệp.
Thoả thuận hợp tác (MOU) giữa khoa với đối tác.
Dự toán mua sắm, sửa chữa thiết bị.
Cựu sinh viên.
Triển khai thực hiện chiến lược, định hướng phát triển Khoa.
Phó Trưởng khoa: PGS. TS. Phạm Quang Trung (Email: quangtrung@hcmut.edu.vn)
	Phụ trách công tác:
Sinh viên, giáo viên chủ nhiệm.
Quản trị thương hiệu – Truyền thông, tổ chức sự kiện.
ISO.
Quản lý website của Khoa.
Báo cáo, thống kê số liệu.
Tuyển sinh (tư vấn, tiếp đoàn học sinh tham quan,…).
Văn phòng Khoa."
323,Email của Phòng Kế hoạch - Tài chính là gì ?,PGS. TS. Quản Thành Thơ,"Khoa Khoa học và Kỹ thuật Máy tính
Cơ cấu nhân sự: 
Ban Chủ nhiệm Khoa
Trưởng khoa: PGS. TS. Quản Thành Thơ (Email: qttho@hcmut.edu.vn)
Phó Trưởng khoa: PGS. TS. Phạm Quốc Cường
Phó Trưởng khoa: PGS. TS. Phạm Hoàng Anh
Phó Trưởng khoa: PGS. TS. Trần Ngọc Thịnh
Bộ môn
Bộ môn Công nghệ Phần mềm: Trưởng bộ môn: TS. Trương Tuấn Anh
Bộ môn Hệ thống thông tin: Khoa trực tiếp phụ trách
Bộ môn Hệ thống và Mạng máy tính: Trưởng bộ môn: TS. Nguyễn Đức Thái
Bộ môn Khoa học Máy tính: Trưởng bộ môn: PGS. TS. Lê Hồng Trang
Bộ môn Kỹ thuật Máy tính: Khoa trực tiếp phụ trách"
324,Văn phòng Khoa Khoa học Kỹ thuật Máy tính nằm đâu,Không đủ dữ kiện,"Khoa Khoa học và Kỹ thuật Máy tính
Cơ cấu nhân sự: 
Ban Chủ nhiệm Khoa
Trưởng khoa: PGS. TS. Quản Thành Thơ (Email: qttho@hcmut.edu.vn)
Phó Trưởng khoa: PGS. TS. Phạm Quốc Cường
Phó Trưởng khoa: PGS. TS. Phạm Hoàng Anh
Phó Trưởng khoa: PGS. TS. Trần Ngọc Thịnh
Bộ môn
Bộ môn Công nghệ Phần mềm: Trưởng bộ môn: TS. Trương Tuấn Anh
Bộ môn Hệ thống thông tin: Khoa trực tiếp phụ trách
Bộ môn Hệ thống và Mạng máy tính: Trưởng bộ môn: TS. Nguyễn Đức Thái
Bộ môn Khoa học Máy tính: Trưởng bộ môn: PGS. TS. Lê Hồng Trang
Bộ môn Kỹ thuật Máy tính: Khoa trực tiếp phụ trách
Đào tạo:
Bậc Đại học: 
Chương trình Tiêu chuẩn: 
Khoa học Máy tính: Chuyên ngành: Khoa học Máy tính, Công nghệ Dữ liệu và Dữ liệu lớn, An ninh Hệ thống và Mạng, Trí tuệ Nhân tạo, Công nghệ Phần mềm
Kỹ thuật Máy tính: Chuyên ngành: Kỹ thuật Máy tính, Hệ thống Tính toán Nâng cao, Internet Vạn vật, Thiết kế Vi mạch số
Chương trình Dạy và học bằng tiếng Anh: 
Khoa học Máy tính: Chuyên ngành: Khoa học Máy tính, Công nghệ Dữ liệu và Dữ liệu lớn, An ninh Hệ thống và Mạng, Trí tuệ Nhân tạo, Công nghệ Phần mềm
Kỹ thuật Máy tính: Chuyên ngành: Kỹ thuật Máy tính, Hệ thống Tính toán Nâng cao, Internet Vạn vật, Thiết kế Vi mạch số
Chương trình Định hướng Nhật Bản: Khoa học Máy tính: Chuyên ngành: Khoa học Máy tính, Công nghệ Dữ liệu và Dữ liệu lớn, An ninh Hệ thống và Mạng, Trí tuệ Nhân tạo, Công nghệ Phần mềm
Chương trình Chuyển tiếp Quốc tế: ngành Khoa học Máy tính, ngành Kỹ thuật Máy tính
Chương trình Liên kết Cử nhân Kỹ thuật Quốc tế: 
Trí tuệ nhân tạo
Công nghệ thông tin
Bậc Thạc sĩ
Khoa học Máy tính
Hệ thống Thông tin Quản lý
Xưởng, Phòng thí nghiệm:
PTN Tính toán hiệu năng cao
PTN Tính toán nâng cao
PTN HCMUT Renesas SuperH Lab
PTN An ninh mạng
PTN Trí tuệ nhân tạo
PTN Khoa học Dữ liệu
Trung tâm hợp tác nghiên cứu đổi mới và công nghệ HCMUT-UTS"
325,Cho tôi số điện thoại của Khoa Khoa học và Kỹ thuật Máy tính đi,GS. TS. Mai Thanh Phong,"Khoa Khoa học và Kỹ thuật Máy tính
Cơ cấu nhân sự: 
Ban Chủ nhiệm Khoa
Trưởng khoa: PGS. TS. Quản Thành Thơ (Email: qttho@hcmut.edu.vn)
Phó Trưởng khoa: PGS. TS. Phạm Quốc Cường
Phó Trưởng khoa: PGS. TS. Phạm Hoàng Anh
Phó Trưởng khoa: PGS. TS. Trần Ngọc Thịnh
Bộ môn
Bộ môn Công nghệ Phần mềm: Trưởng bộ môn: TS. Trương Tuấn Anh
Bộ môn Hệ thống thông tin: Khoa trực tiếp phụ trách
Bộ môn Hệ thống và Mạng máy tính: Trưởng bộ môn: TS. Nguyễn Đức Thái
Bộ môn Khoa học Máy tính: Trưởng bộ môn: PGS. TS. Lê Hồng Trang
Bộ môn Kỹ thuật Máy tính: Khoa trực tiếp phụ trách"
326,Ai là Trưởng Khoa Khoa học và Kỹ thuật Máy tính trường bách khoa tphcm?,"Trực tiếp phụ trách các đơn vị: Khoa Kỹ thuật Hóa học, Khoa Điện – Điện tử, Khoa Kỹ thuật Xây dựng, Phòng Kế hoạch –Tài chính, Phòng Quản trị – Thiết bị, Phòng Quản trị Thương hiệu \- Truyền thông, Văn phòng Đào tạo Quốc tế, Trung tâm Dữ liệu và Công nghệ Thông tin, các Hội đồng cấp trường theo quy định","Khoa Khoa học và Kỹ thuật Máy tính
Cơ cấu nhân sự: 
Ban Chủ nhiệm Khoa
Trưởng khoa: PGS. TS. Quản Thành Thơ (Email: qttho@hcmut.edu.vn)
Phó Trưởng khoa: PGS. TS. Phạm Quốc Cường
Phó Trưởng khoa: PGS. TS. Phạm Hoàng Anh
Phó Trưởng khoa: PGS. TS. Trần Ngọc Thịnh
Bộ môn
Bộ môn Công nghệ Phần mềm: Trưởng bộ môn: TS. Trương Tuấn Anh
Bộ môn Hệ thống thông tin: Khoa trực tiếp phụ trách
Bộ môn Hệ thống và Mạng máy tính: Trưởng bộ môn: TS. Nguyễn Đức Thái
Bộ môn Khoa học Máy tính: Trưởng bộ môn: PGS. TS. Lê Hồng Trang
Bộ môn Kỹ thuật Máy tính: Khoa trực tiếp phụ trách"
327,Ai là Hiệu trưởng Trường Đại học Bách Khoa TP.HCM?,PGS. TS. Trần Thiên Phúc,"Trưởng PTN Công nghệ Thiết kế và Gia công Tiên tiến
Trưởng PTN: PGS. TS. Trần Thiên Phúc
Email: ttphuc.rectie@hcmut.edu.vn
Phòng thí nghiệm trực thuộc khoa
PTN CAD/CAM
PTN Đo lường
PTN Điều khiển và tự động hóa
PTN Công nghệ tạo hình và xử lý vật liệu
Thư viện Khoa
Xưởng cơ khí
Phòng không gian CDIO"
328,Hiệu trưởng phụ trách trực tiếp những công tác nào?,Tương tự câu 366,"Trưởng khoa: TS. Nguyễn Khánh Sơn (Email: ksnguyen@hcmut.edu.vn)
Lãnh đạo và quản lý toàn diện mọi hoạt động thuộc chức năng, nhiệm vụ và quyền hạn của Khoa, Trưởng khoa theo Quy chế tạm thời về tổ chức và hoạt động của Nhà Trường và các văn bản pháp lý liên quan. Chịu trách nhiệm trước Hiệu trưởng Trường Đại học Bách khoa về mọi mặt công tác thuộc chức năng, nhiệm vụ và quyền hạn của Khoa.
Trực tiếp chỉ đạo, xử lý và ký công văn, giấy tờ... công việc các mảng:
Triển khai chiến lược định hướng phát triển chung Khoa, tổ chức - nhân sự, kế hoạch - tài chính, cơ sở vật chất, thi đua - khen thưởng, các hội đồng;
Hệ thống quy trình, quản lý chất lượng theo tiêu chuẩn ISO 9001:2015;
An ninh nội bộ, An toàn vệ sinh lao động, Phòng cháy chữa cháy;
Truyền thông thương hiệu, Phong trào đoàn thể;
Kế hoạch họp giao ban hàng tháng, tổng kết và báo cáo tháng/năm;
Hướng nghiệp người học - Tuyển sinh;
Cựu sinh viên - Quan hệ Doanh nghiệp."
329,PGS. TS. Trần Thiên Phúc phụ trách lĩnh vực gì?,Tương tự câu 366,"Trưởng PTN Công nghệ Thiết kế và Gia công Tiên tiến
Trưởng PTN: PGS. TS. Trần Thiên Phúc
Email: ttphuc.rectie@hcmut.edu.vn
Phòng thí nghiệm trực thuộc khoa
PTN CAD/CAM
PTN Đo lường
PTN Điều khiển và tự động hóa
PTN Công nghệ tạo hình và xử lý vật liệu
Thư viện Khoa
Xưởng cơ khí
Phòng không gian CDIO"
330,Phó Hiệu trưởng thường trực là ai?,PGS. TS. Huỳnh Kỳ Phương Hạ,"Khoa Môi trường và Tài nguyên
Cơ cấu nhân sự: 
Ban Chủ nhiệm Khoa
Trưởng khoa: PGS.TS. Huỳnh Kỳ Phương Hạ (Email: hkpha@hcmut.edu.vn)
Phó Trưởng khoa: PGS.TS. Nguyễn Nhật Huy (Email: nnhuy@hcmut.edu.vn)
Phó Trưởng khoa: ThS. Lưu Đình Hiệp (Email: hiepld_gis@hcmut.edu.vn)"
331,PGS. TS. Phạm Trần Vũ phụ trách lĩnh vực gì?,PGS. TS. Phạm Trần Vũ,"Khoa Khoa học và Kỹ thuật Máy tính
Cơ cấu nhân sự: 
Ban Chủ nhiệm Khoa
Trưởng khoa: PGS. TS. Quản Thành Thơ (Email: qttho@hcmut.edu.vn)
Phó Trưởng khoa: PGS. TS. Phạm Quốc Cường
Phó Trưởng khoa: PGS. TS. Phạm Hoàng Anh
Phó Trưởng khoa: PGS. TS. Trần Ngọc Thịnh
Bộ môn
Bộ môn Công nghệ Phần mềm: Trưởng bộ môn: TS. Trương Tuấn Anh
Bộ môn Hệ thống thông tin: Khoa trực tiếp phụ trách
Bộ môn Hệ thống và Mạng máy tính: Trưởng bộ môn: TS. Nguyễn Đức Thái
Bộ môn Khoa học Máy tính: Trưởng bộ môn: PGS. TS. Lê Hồng Trang
Bộ môn Kỹ thuật Máy tính: Khoa trực tiếp phụ trách"
332,Khoa nào do PGS. TS. Phạm Trần Vũ phụ trách?,https://cse.hcmut.edu.vn,"Khoa Khoa học và Kỹ thuật Máy tính
Cơ cấu nhân sự: 
Ban Chủ nhiệm Khoa
Trưởng khoa: PGS. TS. Quản Thành Thơ (Email: qttho@hcmut.edu.vn)
Phó Trưởng khoa: PGS. TS. Phạm Quốc Cường
Phó Trưởng khoa: PGS. TS. Phạm Hoàng Anh
Phó Trưởng khoa: PGS. TS. Trần Ngọc Thịnh
Bộ môn
Bộ môn Công nghệ Phần mềm: Trưởng bộ môn: TS. Trương Tuấn Anh
Bộ môn Hệ thống thông tin: Khoa trực tiếp phụ trách
Bộ môn Hệ thống và Mạng máy tính: Trưởng bộ môn: TS. Nguyễn Đức Thái
Bộ môn Khoa học Máy tính: Trưởng bộ môn: PGS. TS. Lê Hồng Trang
Bộ môn Kỹ thuật Máy tính: Khoa trực tiếp phụ trách
Đào tạo:
Bậc Đại học: 
Chương trình Tiêu chuẩn: 
Khoa học Máy tính: Chuyên ngành: Khoa học Máy tính, Công nghệ Dữ liệu và Dữ liệu lớn, An ninh Hệ thống và Mạng, Trí tuệ Nhân tạo, Công nghệ Phần mềm
Kỹ thuật Máy tính: Chuyên ngành: Kỹ thuật Máy tính, Hệ thống Tính toán Nâng cao, Internet Vạn vật, Thiết kế Vi mạch số
Chương trình Dạy và học bằng tiếng Anh: 
Khoa học Máy tính: Chuyên ngành: Khoa học Máy tính, Công nghệ Dữ liệu và Dữ liệu lớn, An ninh Hệ thống và Mạng, Trí tuệ Nhân tạo, Công nghệ Phần mềm
Kỹ thuật Máy tính: Chuyên ngành: Kỹ thuật Máy tính, Hệ thống Tính toán Nâng cao, Internet Vạn vật, Thiết kế Vi mạch số
Chương trình Định hướng Nhật Bản: Khoa học Máy tính: Chuyên ngành: Khoa học Máy tính, Công nghệ Dữ liệu và Dữ liệu lớn, An ninh Hệ thống và Mạng, Trí tuệ Nhân tạo, Công nghệ Phần mềm
Chương trình Chuyển tiếp Quốc tế: ngành Khoa học Máy tính, ngành Kỹ thuật Máy tính
Chương trình Liên kết Cử nhân Kỹ thuật Quốc tế: 
Trí tuệ nhân tạo
Công nghệ thông tin
Bậc Thạc sĩ
Khoa học Máy tính
Hệ thống Thông tin Quản lý
Xưởng, Phòng thí nghiệm:
PTN Tính toán hiệu năng cao
PTN Tính toán nâng cao
PTN HCMUT Renesas SuperH Lab
PTN An ninh mạng
PTN Trí tuệ nhân tạo
PTN Khoa học Dữ liệu
Trung tâm hợp tác nghiên cứu đổi mới và công nghệ HCMUT-UTS"
333,Ai là Phó Hiệu trưởng phụ trách công tác sinh viên?,kkhktmt@hcmut.edu.vn,"Khoa Khoa học và Kỹ thuật Máy tính
Cơ cấu nhân sự: 
Ban Chủ nhiệm Khoa
Trưởng khoa: PGS. TS. Quản Thành Thơ (Email: qttho@hcmut.edu.vn)
Phó Trưởng khoa: PGS. TS. Phạm Quốc Cường
Phó Trưởng khoa: PGS. TS. Phạm Hoàng Anh
Phó Trưởng khoa: PGS. TS. Trần Ngọc Thịnh
Bộ môn
Bộ môn Công nghệ Phần mềm: Trưởng bộ môn: TS. Trương Tuấn Anh
Bộ môn Hệ thống thông tin: Khoa trực tiếp phụ trách
Bộ môn Hệ thống và Mạng máy tính: Trưởng bộ môn: TS. Nguyễn Đức Thái
Bộ môn Khoa học Máy tính: Trưởng bộ môn: PGS. TS. Lê Hồng Trang
Bộ môn Kỹ thuật Máy tính: Khoa trực tiếp phụ trách"
334,Khoa Khoa học và Kỹ thuật Máy tính thuộc sự phụ trách của ai trong ban giám hiệu?,"Khoa Khoa học và Kỹ thuật Máy tính, khoa Khoa học Ứng dụng, khoa Quản lý Công nghiệp, Phòng Khoa học Công nghệ và Dự án, Phòng Quan hệ Đối ngoại, Viện Khoa học và Công nghệ tiên tiến liên ngành,  Viện Nghiên cứu Năng lượng bền vững, Viện Toán học và các Khoa học Tính toán, Trung tâm Kỹ thuật Điện toán, các Trung tâm nghiên cứu và chuyển giao công nghệ, các Công ty khoa học công nghệ, Phòng thí nghiệm Nghiên cứu về nước khu vực Châu Á (CARE), các Phòng thí nghiệm trọng điểm Quốc gia, các Phòng thí nghiệm trọng điểm ĐHQG-HCM","Khoa Khoa học và Kỹ thuật Máy tính
Cơ cấu nhân sự: 
Ban Chủ nhiệm Khoa
Trưởng khoa: PGS. TS. Quản Thành Thơ (Email: qttho@hcmut.edu.vn)
Phó Trưởng khoa: PGS. TS. Phạm Quốc Cường
Phó Trưởng khoa: PGS. TS. Phạm Hoàng Anh
Phó Trưởng khoa: PGS. TS. Trần Ngọc Thịnh
Bộ môn
Bộ môn Công nghệ Phần mềm: Trưởng bộ môn: TS. Trương Tuấn Anh
Bộ môn Hệ thống thông tin: Khoa trực tiếp phụ trách
Bộ môn Hệ thống và Mạng máy tính: Trưởng bộ môn: TS. Nguyễn Đức Thái
Bộ môn Khoa học Máy tính: Trưởng bộ môn: PGS. TS. Lê Hồng Trang
Bộ môn Kỹ thuật Máy tính: Khoa trực tiếp phụ trách"
335,Website của Khoa Khoa học và Kỹ thuật Máy tính là gì?,Trưởng phòng Khoa học và Công nghệ,"Khoa Khoa học và Kỹ thuật Máy tính
Cơ cấu nhân sự: 
Ban Chủ nhiệm Khoa
Trưởng khoa: PGS. TS. Quản Thành Thơ (Email: qttho@hcmut.edu.vn)
Phó Trưởng khoa: PGS. TS. Phạm Quốc Cường
Phó Trưởng khoa: PGS. TS. Phạm Hoàng Anh
Phó Trưởng khoa: PGS. TS. Trần Ngọc Thịnh
Bộ môn
Bộ môn Công nghệ Phần mềm: Trưởng bộ môn: TS. Trương Tuấn Anh
Bộ môn Hệ thống thông tin: Khoa trực tiếp phụ trách
Bộ môn Hệ thống và Mạng máy tính: Trưởng bộ môn: TS. Nguyễn Đức Thái
Bộ môn Khoa học Máy tính: Trưởng bộ môn: PGS. TS. Lê Hồng Trang
Bộ môn Kỹ thuật Máy tính: Khoa trực tiếp phụ trách"
336,Email liên hệ chung của Khoa Khoa học và Kỹ thuật Máy tính là gì?,PGS. TS. Thoại Nam,"Khoa Khoa học và Kỹ thuật Máy tính
Cơ cấu nhân sự: 
Ban Chủ nhiệm Khoa
Trưởng khoa: PGS. TS. Quản Thành Thơ (Email: qttho@hcmut.edu.vn)
Phó Trưởng khoa: PGS. TS. Phạm Quốc Cường
Phó Trưởng khoa: PGS. TS. Phạm Hoàng Anh
Phó Trưởng khoa: PGS. TS. Trần Ngọc Thịnh
Bộ môn
Bộ môn Công nghệ Phần mềm: Trưởng bộ môn: TS. Trương Tuấn Anh
Bộ môn Hệ thống thông tin: Khoa trực tiếp phụ trách
Bộ môn Hệ thống và Mạng máy tính: Trưởng bộ môn: TS. Nguyễn Đức Thái
Bộ môn Khoa học Máy tính: Trưởng bộ môn: PGS. TS. Lê Hồng Trang
Bộ môn Kỹ thuật Máy tính: Khoa trực tiếp phụ trách"
337,Các viện nghiên cứu nào do PGS. TS. Phạm Trần Vũ phụ trách?,PGS.TS. Đậu Văn Ngọ,"Khoa Khoa học và Kỹ thuật Máy tính
Cơ cấu nhân sự: 
Ban Chủ nhiệm Khoa
Trưởng khoa: PGS. TS. Quản Thành Thơ (Email: qttho@hcmut.edu.vn)
Phó Trưởng khoa: PGS. TS. Phạm Quốc Cường
Phó Trưởng khoa: PGS. TS. Phạm Hoàng Anh
Phó Trưởng khoa: PGS. TS. Trần Ngọc Thịnh
Bộ môn
Bộ môn Công nghệ Phần mềm: Trưởng bộ môn: TS. Trương Tuấn Anh
Bộ môn Hệ thống thông tin: Khoa trực tiếp phụ trách
Bộ môn Hệ thống và Mạng máy tính: Trưởng bộ môn: TS. Nguyễn Đức Thái
Bộ môn Khoa học Máy tính: Trưởng bộ môn: PGS. TS. Lê Hồng Trang
Bộ môn Kỹ thuật Máy tính: Khoa trực tiếp phụ trách"
338,PGS. TS. Phạm Tấn Thi giữ vai trò gì tại trường?,PGS. TS. Bùi Hoài Thắng,"Khoa Cơ khí
Cơ cấu nhân sự:
Ban Chủ nhiệm Khoa
Trưởng khoa: PGS. TS. Bùi Trọng Hiếu (Email: hieubt@hcmut.edu.vn)
Lãnh đạo và quản lý toàn diện mọi hoạt động thuộc chức năng, nhiệm vụ và quyền hạn của Trưởng khoa trong trường đại học; chịu trách nhiệm trước Hiệu trưởng Trường Đại học Bách khoa – ĐHQG-HCM và các lãnh đạo cấp trên về mọi mặt hoạt động của Khoa.
Trực tiếp chỉ đạo và quản lý công tác:
Tổ chức – nhân sự.
Tài chính, cơ sở vật chất.
Thi đua – khen thưởng.
Phát triển đào tạo.
Đoàn thể.
Dự án đầu tư.
Triển khai thực hiện chiến lược, định hướng phát triển Khoa.
Phó Trưởng khoa: TS. Phạm Minh Tuấn (Email: pminhtuan@hcmut.edu.vn)
			Phụ trách công tác:
Đào tạo đại học các hệ.
Đào tạo sau đại học.
Thực hành – Thí nghiệm.
Khảo thí – Bảo đảm Chất lượng."
339,Viện trưởng Viện Khoa học và Công nghệ tiên tiến liên ngành là ai?,PGS. TS. Hoàng Trang,"Khoa Khoa học và Kỹ thuật Máy tính
Cơ cấu nhân sự: 
Ban Chủ nhiệm Khoa
Trưởng khoa: PGS. TS. Quản Thành Thơ (Email: qttho@hcmut.edu.vn)
Phó Trưởng khoa: PGS. TS. Phạm Quốc Cường
Phó Trưởng khoa: PGS. TS. Phạm Hoàng Anh
Phó Trưởng khoa: PGS. TS. Trần Ngọc Thịnh
Bộ môn
Bộ môn Công nghệ Phần mềm: Trưởng bộ môn: TS. Trương Tuấn Anh
Bộ môn Hệ thống thông tin: Khoa trực tiếp phụ trách
Bộ môn Hệ thống và Mạng máy tính: Trưởng bộ môn: TS. Nguyễn Đức Thái
Bộ môn Khoa học Máy tính: Trưởng bộ môn: PGS. TS. Lê Hồng Trang
Bộ môn Kỹ thuật Máy tính: Khoa trực tiếp phụ trách"
340,Tổng Giám đốc Công ty CP KHCN Bách khoa TP.HCM là ai?,PGS. TS. Bùi Trọng Hiếu,"Khoa Cơ khí
Cơ cấu nhân sự:
Ban Chủ nhiệm Khoa
Trưởng khoa: PGS. TS. Bùi Trọng Hiếu (Email: hieubt@hcmut.edu.vn)
Lãnh đạo và quản lý toàn diện mọi hoạt động thuộc chức năng, nhiệm vụ và quyền hạn của Trưởng khoa trong trường đại học; chịu trách nhiệm trước Hiệu trưởng Trường Đại học Bách khoa – ĐHQG-HCM và các lãnh đạo cấp trên về mọi mặt hoạt động của Khoa.
Trực tiếp chỉ đạo và quản lý công tác:
Tổ chức – nhân sự.
Tài chính, cơ sở vật chất.
Thi đua – khen thưởng.
Phát triển đào tạo.
Đoàn thể.
Dự án đầu tư.
Triển khai thực hiện chiến lược, định hướng phát triển Khoa."
341,Trưởng phòng Đào tạo hiện tại là ai?,"Trưởng khoa Kỹ thuật Xây dựng, Trường Đại học Bách khoa \- Thành viên Hội đồng Trường","Khoa Kỹ thuật Xây dựng
Cơ cấu nhân sự: 
Ban Chủ nhiệm Khoa
Trưởng khoa: PGS. TS. Lê Anh Tuấn (Email: latuan@hcmut.edu.vn)
Phó Trưởng khoa: PGS. TS. Lương Văn Hải (Email: lvhai@hcmut.edu.vn)
Phó Trưởng khoa: TS. Lưu Xuân Lộc (Email: lxloc@hcmut.edu.vn)
Phó Trưởng khoa: TS. Lê Hoài Long (Email: lehoailong@hcmut.edu.vn)"
342,Ai đang giữ chức Trưởng phòng Khảo thí và Bảo đảm Chất lượng?,TS. Nguyễn Quang Nam,"Khoa Điện - Điện tử
Cơ cấu nhân sự: 
Ban Chủ nhiệm Khoa
Trưởng khoa: TS. Nguyễn Quang Nam (Email: nqnam@hcmut.edu.vn)
Lãnh đạo và quản lý chung các hoạt động trong Khoa:
Công tác tổ chức nhân sự, tài chính.
Quản lý các dự án hợp tác quốc tế, các chương trình đào tạo quốc tế.
Xây dựng mô hình tổ chức hoạt động, định hướng phát triển của Khoa.
Tổ chức các hội đồng trong Khoa (Hội đồng Khoa học và Đào tạo, Hội đồng Tuyển dụng, Hội đồng Thi đua - Khen thưởng, Hội đồng Kỷ luật)."
343,Trưởng khoa Cơ khí hiện tại là ai?,Chủ tịch Hội đồng quản trị Công ty cổ phần Ô tô Trường Hải (THACO) – Thành viên Hội đồng Trường,"Khoa Cơ khí
Cơ cấu nhân sự:
Ban Chủ nhiệm Khoa
Trưởng khoa: PGS. TS. Bùi Trọng Hiếu (Email: hieubt@hcmut.edu.vn)
Lãnh đạo và quản lý toàn diện mọi hoạt động thuộc chức năng, nhiệm vụ và quyền hạn của Trưởng khoa trong trường đại học; chịu trách nhiệm trước Hiệu trưởng Trường Đại học Bách khoa – ĐHQG-HCM và các lãnh đạo cấp trên về mọi mặt hoạt động của Khoa.
Trực tiếp chỉ đạo và quản lý công tác:
Tổ chức – nhân sự.
Tài chính, cơ sở vật chất.
Thi đua – khen thưởng.
Phát triển đào tạo.
Đoàn thể.
Dự án đầu tư.
Triển khai thực hiện chiến lược, định hướng phát triển Khoa."
344,PGS. TS. Lê Anh Tuấn giữ chức vụ gì tại trường?,Ông Trần Thanh Hải – Chủ tịch Hội đồng quản trị Công ty cổ phần Thực phẩm dinh dưỡng Nutifood – Thành viên Hội đồng Trường,"Khoa Kỹ thuật Xây dựng
Cơ cấu nhân sự: 
Ban Chủ nhiệm Khoa
Trưởng khoa: PGS. TS. Lê Anh Tuấn (Email: latuan@hcmut.edu.vn)
Phó Trưởng khoa: PGS. TS. Lương Văn Hải (Email: lvhai@hcmut.edu.vn)
Phó Trưởng khoa: TS. Lưu Xuân Lộc (Email: lxloc@hcmut.edu.vn)
Phó Trưởng khoa: TS. Lê Hoài Long (Email: lehoailong@hcmut.edu.vn)"
345,Trưởng khoa Điện - Điện tử là ai?,TS. Ngô Hữu Hải – Chủ tịch Hội Dầu khí TP.HCM – Thành viên Hội đồng Trường,"Khoa Điện - Điện tử
Cơ cấu nhân sự: 
Ban Chủ nhiệm Khoa
Trưởng khoa: TS. Nguyễn Quang Nam (Email: nqnam@hcmut.edu.vn)
Lãnh đạo và quản lý chung các hoạt động trong Khoa:
Công tác tổ chức nhân sự, tài chính.
Quản lý các dự án hợp tác quốc tế, các chương trình đào tạo quốc tế.
Xây dựng mô hình tổ chức hoạt động, định hướng phát triển của Khoa.
Tổ chức các hội đồng trong Khoa (Hội đồng Khoa học và Đào tạo, Hội đồng Tuyển dụng, Hội đồng Thi đua - Khen thưởng, Hội đồng Kỷ luật).
Phó Trưởng khoa: PGS. TS. Võ Ngọc Điều (Email: vndieu@hcmut.edu.vn)
Phụ trách Đảm bảo chất lượng, Cơ sở vật chất và KHCN:
Phát triển các dự án và lao động sản xuất.
Công tác phòng thí nghiệm, cơ sở vật chất và trang thiết bị.
Công tác kiểm định và đảm bảo chất lượng."
346,Ông Trần Bá Dương có vai trò gì trong Hội đồng Trường?,Ông Võ Quốc Thắng,"Khoa Quản lý Công nghiệp
Cơ cấu nhân sự: 
Ban Chủ nhiệm Khoa
Trưởng khoa: TS. Dương Như Hùng (Email: duongnhuhung@hcmut.edu.vn)
Phó Trưởng khoa: TS. Nguyễn Vũ Quang (Email: nvquang@hcmut.edu.vn)
Phó Trưởng khoa: TS. Huỳnh Thị Minh Châu (Email: htmchau@hcmut.edu.vn)
Phó Trưởng khoa: ThS. Trần Duy Thanh (Email: tdthanh@hcmut.edu.vn)
Bộ môn
Hệ thống thông tin quản lý: 
Trưởng bộ môn: PGS. TS. Phạm Quốc Trung
Email: pqtrung@hcmut.edu.vn
Bộ môn Quản lý Sản xuất Vận hành:
Trưởng bộ môn: TS. Lê Phước Luông
Email: lpluong@hcmut.edu.vn
Bộ môn Tài chính: 
Trưởng bộ môn: TS. Nguyễn Thu Hiền
Email: nthuhien@hcmut.edu.vn
Bộ môn Tiếp thị và Quản lý: 
Trưởng bộ môn: TS. Lê Thị Thanh Xuân
Email: lttxuan@hcmut.edu.vn"
347,Chủ tịch HĐQT Công ty Nutifood có tham gia Hội đồng Trường không?,GS. TS. Trần Linh Thước – Nguyên Hiệu trưởng Trường Đại học Khoa học tự nhiên – ĐHQG-HCM \- Thành viên Hội đồng Trường,"Khoa Kỹ thuật Hóa học 
Cơ cấu nhân sự: 
Ban Chủ nhiệm Khoa
Trưởng khoa: PGS. TS. Nguyễn Quang Long (Email: nqlong@hcmut.edu.vn)
Phó Trưởng khoa: PGS. TS. Trần Tấn Việt (Email: trantanviet@hcmut.edu.vn)
Phó Trưởng khoa: PGS. TS. Võ Đình Lệ Tâm (Email: vdlt@hcmut.edu.vn)
Phó Trưởng khoa: TS. Nguyễn Minh Kha (Email: nmkha@hcmut.edu.vn)
Bộ môn
Bộ môn Công nghệ Sinh học: 
Trưởng bộ môn: PGS. TS. Lê Thị Thủy Tiên
Email: ltttien@hcmut.edu.vn
Bộ môn Công nghệ Thực phẩm:
Trưởng bộ môn: GS. TS. Lê Văn Việt Mẫn
Email: lvvman@hcmut.edu.vn
Bộ môn Kỹ thuật Hóa vô cơ: 
Trưởng bộ môn: PGS. TS. Lê Minh Viễn
Email: lmvien@hcmut.edu.vn
Bộ môn Kỹ thuật Hóa Hữu cơ: 
Trưởng bộ môn: PGS. TS. Lê Vũ Hà
Email: lvh@hcmut.edu.vn
Bộ môn Kỹ thuật Chế biến Dầu khí:
Trưởng bộ môn: TS. Phạm Hồ Mỹ Phương
Email: phmphuong@hcmut.edu.vn
Bộ môn Kỹ thuật Hóa lý & Phân tích: 
Trưởng bộ môn: PGS. TS. Nguyễn Trường Sơn
Email: ntson@hcmut.edu.vn
Bộ môn Quá trình và Thiết bị: 
Trưởng bộ môn: TS. Bùi Ngọc Pha
Email: buingocpha@hcmut.edu.vn"
348,TS. Ngô Hữu Hải có phải là thành viên Hội đồng Trường không?,"Ông Trần Lưu Quang – Ủy viên Trung ương Đảng \- Trưởng ban Kinh tế Trung ương \- Thành viên Hội đồng Trường
HOẶC
PGS. TS. Phan Thanh Bình \- Nguyên Ủy viên Trung ương Đảng, Nguyên Chủ nhiệm Ủy ban Văn hóa, Giáo dục, Thanh niên, Thiếu niên và Nhi đồng của Quốc hội \- Thành viên Hội đồng Trường.","Khoa Kỹ thuật Địa chất và Dầu khí
Cơ cấu nhân sự: 
Ban Chủ nhiệm Khoa
Trưởng khoa: TS. Võ Đại Nhật (Email: nhatvodai@hcmut.edu.vn)
Phó Trưởng khoa: TS. Đào Hồng Hải (Email: dhhai@hcmut.edu.vn)
Phó Trưởng khoa: PGS. TS. Phạm Sơn Tùng (Email: phamsontung@hcmut.edu.vn)
Bộ môn
Bộ môn Khoan và Khai thác Dầu khí: 
Trưởng bộ môn: TS. Mai Cao Lân
Email: maicaolan@hcmut.edu.vn
Bộ môn Tài nguyên Trái đất và Môi trường:
Trưởng bộ môn: TS. Đặng Thương Huyền
Email: huyenus@hcmut.edu.vn
Bộ môn Địa Kỹ thuật: 
Trưởng bộ môn: TS. Ngô Tấn Phong
Email: ngotanphong@hcmut.edu.vn
Bộ môn Kỹ thuật Địa chất Dầu khí:
Trưởng bộ môn: TS. Nguyễn Xuân Khá
Email: nxkha@hcmut.edu.vn"
349,Ai là Chủ tịch HĐQT Công ty Cổ phần Đồng Tâm và cũng là thành viên Hội đồng Trường?,Ông Đinh Viết Duy \- Tổng Giám đốc Công ty Cổ phần Xây lắp Thương mại 2 \- Thành viên Hội đồng Trường,"Khoa Quản lý Công nghiệp
Cơ cấu nhân sự: 
Ban Chủ nhiệm Khoa
Trưởng khoa: TS. Dương Như Hùng (Email: duongnhuhung@hcmut.edu.vn)
Phó Trưởng khoa: TS. Nguyễn Vũ Quang (Email: nvquang@hcmut.edu.vn)
Phó Trưởng khoa: TS. Huỳnh Thị Minh Châu (Email: htmchau@hcmut.edu.vn)
Phó Trưởng khoa: ThS. Trần Duy Thanh (Email: tdthanh@hcmut.edu.vn)
Bộ môn
Hệ thống thông tin quản lý: 
Trưởng bộ môn: PGS. TS. Phạm Quốc Trung
Email: pqtrung@hcmut.edu.vn
Bộ môn Quản lý Sản xuất Vận hành:
Trưởng bộ môn: TS. Lê Phước Luông
Email: lpluong@hcmut.edu.vn
Bộ môn Tài chính: 
Trưởng bộ môn: TS. Nguyễn Thu Hiền
Email: nthuhien@hcmut.edu.vn
Bộ môn Tiếp thị và Quản lý: 
Trưởng bộ môn: TS. Lê Thị Thanh Xuân
Email: lttxuan@hcmut.edu.vn"
350,GS. TS. Trần Linh Thước giữ vai trò gì trong Hội đồng Trường?,File thông tin về chương trình PFIEV,"Khoa Kỹ thuật Hóa học 
Cơ cấu nhân sự: 
Ban Chủ nhiệm Khoa
Trưởng khoa: PGS. TS. Nguyễn Quang Long (Email: nqlong@hcmut.edu.vn)
Phó Trưởng khoa: PGS. TS. Trần Tấn Việt (Email: trantanviet@hcmut.edu.vn)
Phó Trưởng khoa: PGS. TS. Võ Đình Lệ Tâm (Email: vdlt@hcmut.edu.vn)
Phó Trưởng khoa: TS. Nguyễn Minh Kha (Email: nmkha@hcmut.edu.vn)
Bộ môn
Bộ môn Công nghệ Sinh học: 
Trưởng bộ môn: PGS. TS. Lê Thị Thủy Tiên
Email: ltttien@hcmut.edu.vn
Bộ môn Công nghệ Thực phẩm:
Trưởng bộ môn: GS. TS. Lê Văn Việt Mẫn
Email: lvvman@hcmut.edu.vn
Bộ môn Kỹ thuật Hóa vô cơ: 
Trưởng bộ môn: PGS. TS. Lê Minh Viễn
Email: lmvien@hcmut.edu.vn
Bộ môn Kỹ thuật Hóa Hữu cơ: 
Trưởng bộ môn: PGS. TS. Lê Vũ Hà
Email: lvh@hcmut.edu.vn
Bộ môn Kỹ thuật Chế biến Dầu khí:
Trưởng bộ môn: TS. Phạm Hồ Mỹ Phương
Email: phmphuong@hcmut.edu.vn
Bộ môn Kỹ thuật Hóa lý & Phân tích: 
Trưởng bộ môn: PGS. TS. Nguyễn Trường Sơn
Email: ntson@hcmut.edu.vn
Bộ môn Quá trình và Thiết bị: 
Trưởng bộ môn: TS. Bùi Ngọc Pha
Email: buingocpha@hcmut.edu.vn"
351,Hội đồng Trường có thành viên nào từng là Ủy viên Trung ương Đảng không?,"Chương trình PFIEV được triển khai tại 4 trường Đại học ở Việt Nam: Đại học Bách khoa Hà Nội, Trường Đại học Xây dựng Hà Nội, Trường Đại học Bách khoa \- Đại học Đà Nẵng, và Trường Đại học Bách khoa \- Đại học Quốc gia TP.HCM, với sự cộng tác của 8 trường đại học tại Pháp.","Các chương trình đặc biệt:
Chương trình Kỹ sư Chất lượng cao Việt - Pháp: Chương trình Cơ Điện tử.
Chương trình Kỹ sư Tài năng: 
Kỹ thuật Cơ khí
Kỹ thuật Cơ Điện tử
Kỹ thuật Hệ thống Công nghiệp.
Chương trình liên kết Quốc tế: ngành Cơ điện tử với trường UTS (University of Technology Sydney), Úc.
Chương trình Dạy và học bằng tiếng Anh:
Kỹ thuật Cơ khí: chuyên ngành: Kỹ thuật Cơ khí; Thiết kế khuôn; Kỹ thuật Chế tạo; Kỹ thuật Thiết kế
Kỹ thuật Cơ Điện tử.
Kỹ thuật Robot: chuyên ngành của ngành Kỹ thuật Cơ Điện tử"
352,Ông Đinh Viết Duy giữ chức vụ gì trong doanh nghiệp và Hội đồng Trường?,"Ngôn ngữ sử dụng trong đa số các môn học là tiếng Việt. Một số môn chuyên ngành vào năm cuối được giảng dạy bằng tiếng Anh, hoặc tiếng Pháp do giảng viên của trường hoặc từ trường đối tác ở Pháp.","Chương trình Dạy và học bằng tiếng Anh:
Kỹ thuật Cơ Điện tử: Chuyên ngành Kỹ thuật Robot, Kỹ thuật Cơ Điện tử
Kỹ thuật Cơ khí: Chuyên ngành: Kỹ thuật Cơ khí; Thiết kế khuôn; Kỹ thuật Chế tạo; Kỹ thuật Thiết kế
Logistics và Quản lý Chuỗi Cung ứng
Chương trình Chuyển tiếp Quốc tế: Kỹ thuật Cơ khí và Kỹ thuật Cơ Điện tử
Bậc Thạc sĩ:
Kỹ thuật Cơ khí
Kỹ thuật Cơ Điện tử
Kỹ thuật Nhiệt
Kỹ thuật Công nghiệp
Công nghệ dệt, may.
Bậc Tiến sĩ: 
Kỹ thuật Cơ khí
Kỹ thuật Nhiệt
Công nghệ dệt, may.
Hệ tiến sĩ có chương trình liên kết với Griffith University ngành Kỹ thuật Cơ khí.
Các chương trình đặc biệt:
Chương trình Kỹ sư Chất lượng cao Việt - Pháp: Chương trình Cơ Điện tử."
353,"Em thấy có chương trình gì tên là PFIEV, mà em chưa rõ nó là gì hết. Chương trình đó có gì đặc biệt vậy ạ?","* Chương trình PFIEV đã được kiểm định và công nhận bởi:  
* Ủy ban văn bằng kỹ sư Pháp (Commission des Titres d'Ingénieur \- CTI)  
* Cơ quan kiểm định các chương trình đào tạo kỹ sư Châu Âu (European Network for Accreditation of Engineering Education ENAEE) công nhận thương hiệu chất lượng Châu Âu EUR-ACE Master.  
* Bộ Giáo dục & Đào tạo xác nhận văn bằng PFIEV tương đương trình độ Thạc sĩ trong việc xét tuyển học tiếp lên trình độ cao hơn theo đúng ngành đào tạo.","Các chương trình đặc biệt:
Chương trình Kỹ sư Chất lượng cao Việt - Pháp: Chương trình Cơ Điện tử.
Chương trình Kỹ sư Tài năng: 
Kỹ thuật Cơ khí
Kỹ thuật Cơ Điện tử
Kỹ thuật Hệ thống Công nghiệp.
Chương trình liên kết Quốc tế: ngành Cơ điện tử với trường UTS (University of Technology Sydney), Úc.
Chương trình Dạy và học bằng tiếng Anh:
Kỹ thuật Cơ khí: chuyên ngành: Kỹ thuật Cơ khí; Thiết kế khuôn; Kỹ thuật Chế tạo; Kỹ thuật Thiết kế
Kỹ thuật Cơ Điện tử.
Kỹ thuật Robot: chuyên ngành của ngành Kỹ thuật Cơ Điện tử"
354,Em muốn học chương trình PFIEV thì có thể học ở đâu ạ?,"Schneider,  VINCI, MEGGITT, HLS, Fujikura, COTECONS, VAECO, AKSELOS, BOSCH, SolarBK, EVN, VNPT, BACHY SOLETANCHE
Cùng các trường đối tác Pháp...","Các chương trình đặc biệt:
Chương trình Kỹ sư Chất lượng cao Việt - Pháp: Chương trình Cơ Điện tử.
Chương trình Kỹ sư Tài năng: 
Kỹ thuật Cơ khí
Kỹ thuật Cơ Điện tử
Kỹ thuật Hệ thống Công nghiệp.
Chương trình liên kết Quốc tế: ngành Cơ điện tử với trường UTS (University of Technology Sydney), Úc."
355,"Cho em hỏi, học chương trình PFIEV ở Bách khoa TP.HCM thì học bằng tiếng gì vậy ạ? Em hơi sợ tiếng Pháp á...",Phần giới thiệu trong file thông tin ngành KHMT và KTMT,"Khoa Khoa học và Kỹ thuật Máy tính
Cơ cấu nhân sự: 
Ban Chủ nhiệm Khoa
Trưởng khoa: PGS. TS. Quản Thành Thơ (Email: qttho@hcmut.edu.vn)
Phó Trưởng khoa: PGS. TS. Phạm Quốc Cường
Phó Trưởng khoa: PGS. TS. Phạm Hoàng Anh
Phó Trưởng khoa: PGS. TS. Trần Ngọc Thịnh
Bộ môn
Bộ môn Công nghệ Phần mềm: Trưởng bộ môn: TS. Trương Tuấn Anh
Bộ môn Hệ thống thông tin: Khoa trực tiếp phụ trách
Bộ môn Hệ thống và Mạng máy tính: Trưởng bộ môn: TS. Nguyễn Đức Thái
Bộ môn Khoa học Máy tính: Trưởng bộ môn: PGS. TS. Lê Hồng Trang
Bộ môn Kỹ thuật Máy tính: Khoa trực tiếp phụ trách
Đào tạo:
Bậc Đại học: 
Chương trình Tiêu chuẩn: 
Khoa học Máy tính: Chuyên ngành: Khoa học Máy tính, Công nghệ Dữ liệu và Dữ liệu lớn, An ninh Hệ thống và Mạng, Trí tuệ Nhân tạo, Công nghệ Phần mềm
Kỹ thuật Máy tính: Chuyên ngành: Kỹ thuật Máy tính, Hệ thống Tính toán Nâng cao, Internet Vạn vật, Thiết kế Vi mạch số
Chương trình Dạy và học bằng tiếng Anh: 
Khoa học Máy tính: Chuyên ngành: Khoa học Máy tính, Công nghệ Dữ liệu và Dữ liệu lớn, An ninh Hệ thống và Mạng, Trí tuệ Nhân tạo, Công nghệ Phần mềm
Kỹ thuật Máy tính: Chuyên ngành: Kỹ thuật Máy tính, Hệ thống Tính toán Nâng cao, Internet Vạn vật, Thiết kế Vi mạch số"
356,"Việt pháp kiểm định có ok không, tôi muốn xem mấy cái kiểm định đó",Câu hỏi thiếu ngữ cảnh,"Phó Trưởng khoa: TS. Cao Xuân Việt (Email: caoxuanviet@hcmut.edu.vn)
Hỗ trợ Trưởng khoa, phụ trách lãnh đạo, quản lý hoạt động Đào tạo, Đảm bảo Chất lượng và Công tác sinh viên.
Trực tiếp chỉ đạo, xử lý và ký công văn, giấy tờ... công việc các mảng:
Chương trình và vận hành đào tạo Đại học (CT Tiêu chuẩn, CT Dạy và học bằng tiếng Anh, Vừa làm vừa học, chương trình Kỹ sư Chất lượng cao Việt-Pháp);
Giáo viên chủ nhiệm, cố vấn học tập, hoạt động hỗ trợ người học, công tác sinh viên;
Khảo thí, Đảm bảo chất lượng, kiểm định các chương trình;
Thư ký các hội đồng Ngành, hội đồng Khoa học- Đào tạo;
Chương trình và vận hành đào tạo Sau Đại học;
Tuyển sinh Sau Đại học, Liên thông Thạc sỹ - Kỹ sư;
Triển khai chiến lược định hướng phát triển và xây dựng, vận hành hệ thống quy trình, quản lý liên quan hoạt động phụ trách"
357,Tôi muốn xem các đối tác và cơ hội nghề nghiệp khi học ở Việt pháp,"### Giống và khác biệt giữa ngành Kỹ thuật Máy tính và Khoa học Máy tính#### Giới thiệu chungCả ngành Kỹ thuật Máy tính và Khoa học Máy tính đều tập trung vào lĩnh vực máy tính và công nghệ thông tin, nhưng chúng có những điểm khác biệt về phương pháp tiếp cận và phạm vi kiến thức.#### Khác biệt chính1. **Phương pháp tiếp cận:**   - **Kỹ thuật Máy tính:** Tập trung vào việc thiết kế, xây dựng, và triển khai các hệ thống phần mềm và phần cứng máy tính. Phương pháp tiếp cận chủ yếu là kỹ thuật và ứng dụng thực tế.   - **Khoa học Máy tính:** Tập trung vào lý thuyết và nghiên cứu khoa học về máy tính. Phương pháp tiếp cận chủ yếu là lý thuyết và nghiên cứu.2. **Kiến thức chuyên môn:**   - **Kỹ thuật Máy tính:**      - **Lập trình:** Nghiên cứu và phát triển các ngôn ngữ lập trình, công cụ và kỹ thuật lập trình.     - **Việc thiết kế và triển khai hệ thống:** Xây dựng các hệ thống phần mềm và phần cứng.     - **Ứng dụng thực tế:** Sử dụng máy tính trong các ứng dụng cụ thể như trí tuệ nhân tạo, hệ thống máy tính, và mạng máy tính.   - **Khoa học Máy tính:**     - **Lý thuyết máy tính:** Nghiên cứu về cấu trúc và nguyên lý hoạt động của máy tính.     - **Hệ thống thông tin và quản lý dữ liệu:** Xây dựng và phân tích các hệ thống quản lý thông tin và dữ liệu.     - **Nghiên cứu khoa học:** Thực hiện các nghiên cứu khoa học về máy tính và phát triển lý thuyết mới.3. **Công việc tương lai:**   - **Kỹ thuật Máy tính:** Có nhiều cơ hội trong việc phát triển phần mềm, thiết kế hệ thống máy tính, và công nghệ mới.   - **Khoa học Máy tính:** Có nhiều cơ hội trong nghiên cứu khoa học, giảng dạy, và phát triển lý thuyết mới.4. **Đối tượng tuyển sinh:**   - **Kỹ thuật Máy tính:** Đáp ứng nhu cầu của các công ty công nghệ, nhà phát triển phần mềm, và các tổ chức cần nhân lực có kỹ năng thiết kế và triển khai hệ thống máy tính","Khoa Khoa học và Kỹ thuật Máy tính
Cơ cấu nhân sự: 
Ban Chủ nhiệm Khoa
Trưởng khoa: PGS. TS. Quản Thành Thơ (Email: qttho@hcmut.edu.vn)
Phó Trưởng khoa: PGS. TS. Phạm Quốc Cường
Phó Trưởng khoa: PGS. TS. Phạm Hoàng Anh
Phó Trưởng khoa: PGS. TS. Trần Ngọc Thịnh
Bộ môn
Bộ môn Công nghệ Phần mềm: Trưởng bộ môn: TS. Trương Tuấn Anh
Bộ môn Hệ thống thông tin: Khoa trực tiếp phụ trách
Bộ môn Hệ thống và Mạng máy tính: Trưởng bộ môn: TS. Nguyễn Đức Thái
Bộ môn Khoa học Máy tính: Trưởng bộ môn: PGS. TS. Lê Hồng Trang
Bộ môn Kỹ thuật Máy tính: Khoa trực tiếp phụ trách
Đào tạo:
Bậc Đại học: 
Chương trình Tiêu chuẩn: 
Khoa học Máy tính: Chuyên ngành: Khoa học Máy tính, Công nghệ Dữ liệu và Dữ liệu lớn, An ninh Hệ thống và Mạng, Trí tuệ Nhân tạo, Công nghệ Phần mềm
Kỹ thuật Máy tính: Chuyên ngành: Kỹ thuật Máy tính, Hệ thống Tính toán Nâng cao, Internet Vạn vật, Thiết kế Vi mạch số
Chương trình Dạy và học bằng tiếng Anh: 
Khoa học Máy tính: Chuyên ngành: Khoa học Máy tính, Công nghệ Dữ liệu và Dữ liệu lớn, An ninh Hệ thống và Mạng, Trí tuệ Nhân tạo, Công nghệ Phần mềm
Kỹ thuật Máy tính: Chuyên ngành: Kỹ thuật Máy tính, Hệ thống Tính toán Nâng cao, Internet Vạn vật, Thiết kế Vi mạch số
Chương trình Định hướng Nhật Bản: Khoa học Máy tính: Chuyên ngành: Khoa học Máy tính, Công nghệ Dữ liệu và Dữ liệu lớn, An ninh Hệ thống và Mạng, Trí tuệ Nhân tạo, Công nghệ Phần mềm
Chương trình Chuyển tiếp Quốc tế: ngành Khoa học Máy tính, ngành Kỹ thuật Máy tính
Chương trình Liên kết Cử nhân Kỹ thuật Quốc tế: 
Trí tuệ nhân tạo
Công nghệ thông tin
Bậc Thạc sĩ
Khoa học Máy tính
Hệ thống Thông tin Quản lý
Xưởng, Phòng thí nghiệm:
PTN Tính toán hiệu năng cao
PTN Tính toán nâng cao
PTN HCMUT Renesas SuperH Lab
PTN An ninh mạng
PTN Trí tuệ nhân tạo
PTN Khoa học Dữ liệu
Trung tâm hợp tác nghiên cứu đổi mới và công nghệ HCMUT-UTS"
358,Dạ em muốn hỏi ngành Kỹ thuật Máy tính là học về phần mềm hay phần cứng vậy ạ? Em thấy hơi rối giữa ngành này với Khoa học Máy tính...,"Từ năm 2008, Trường Đại học Bách khoa tiến hành xây dựng hai chương trình đào tạo khoa học Máy tính và Kỹ thuật y tính theo chuẩn ABET. Đây là chuẩn dành cho các chương trình đào tạo về kỹ thuật và công nghệ được áp dụng phổ biến tại các trường đại học của Mỹ. Năm 2014, chương trình đào tạo ngành Kỹ thuật Máy tính là một trong hai chương trình đào tạo của Khoa Khoa học và Kỹ thuật Máy tính đạt được kiểm định ABET và cũng là hai chương trình đầu tiên của Việt Nam. Qua hoạt động xây dựng chương trình đào tạo theo chuẩn ABET, chất lượng của hai chương trình Kỹ thuật Máy tính và Khoa học Máy tính được nâng cao đến các chuẩn mực quốc tế. Người học tốt nghiệp từ những chương trình được ABET kiểm định sẽ được công nhận rộng rãi bởi các công ty và tổ chức của Mỹ.","Khoa Khoa học và Kỹ thuật Máy tính
Cơ cấu nhân sự: 
Ban Chủ nhiệm Khoa
Trưởng khoa: PGS. TS. Quản Thành Thơ (Email: qttho@hcmut.edu.vn)
Phó Trưởng khoa: PGS. TS. Phạm Quốc Cường
Phó Trưởng khoa: PGS. TS. Phạm Hoàng Anh
Phó Trưởng khoa: PGS. TS. Trần Ngọc Thịnh
Bộ môn
Bộ môn Công nghệ Phần mềm: Trưởng bộ môn: TS. Trương Tuấn Anh
Bộ môn Hệ thống thông tin: Khoa trực tiếp phụ trách
Bộ môn Hệ thống và Mạng máy tính: Trưởng bộ môn: TS. Nguyễn Đức Thái
Bộ môn Khoa học Máy tính: Trưởng bộ môn: PGS. TS. Lê Hồng Trang
Bộ môn Kỹ thuật Máy tính: Khoa trực tiếp phụ trách
Đào tạo:
Bậc Đại học: 
Chương trình Tiêu chuẩn: 
Khoa học Máy tính: Chuyên ngành: Khoa học Máy tính, Công nghệ Dữ liệu và Dữ liệu lớn, An ninh Hệ thống và Mạng, Trí tuệ Nhân tạo, Công nghệ Phần mềm
Kỹ thuật Máy tính: Chuyên ngành: Kỹ thuật Máy tính, Hệ thống Tính toán Nâng cao, Internet Vạn vật, Thiết kế Vi mạch số
Chương trình Dạy và học bằng tiếng Anh: 
Khoa học Máy tính: Chuyên ngành: Khoa học Máy tính, Công nghệ Dữ liệu và Dữ liệu lớn, An ninh Hệ thống và Mạng, Trí tuệ Nhân tạo, Công nghệ Phần mềm
Kỹ thuật Máy tính: Chuyên ngành: Kỹ thuật Máy tính, Hệ thống Tính toán Nâng cao, Internet Vạn vật, Thiết kế Vi mạch số
Chương trình Định hướng Nhật Bản: Khoa học Máy tính: Chuyên ngành: Khoa học Máy tính, Công nghệ Dữ liệu và Dữ liệu lớn, An ninh Hệ thống và Mạng, Trí tuệ Nhân tạo, Công nghệ Phần mềm
Chương trình Chuyển tiếp Quốc tế: ngành Khoa học Máy tính, ngành Kỹ thuật Máy tính
Chương trình Liên kết Cử nhân Kỹ thuật Quốc tế: 
Trí tuệ nhân tạo
Công nghệ thông tin
Bậc Thạc sĩ
Khoa học Máy tính
Hệ thống Thông tin Quản lý"
359,Ngành Kỹ thuật Máy tính có giống Khoa học Máy tính không ạ? Em thấy đều có lập trình mà không rõ khác nhau ở đâu?,Người học tốt nghiệp từ những chương trình được ABET kiểm định sẽ được công nhận rộng rãi bởi các công ty và tổ chức của Mỹ.,"Khoa Khoa học và Kỹ thuật Máy tính
Cơ cấu nhân sự: 
Ban Chủ nhiệm Khoa
Trưởng khoa: PGS. TS. Quản Thành Thơ (Email: qttho@hcmut.edu.vn)
Phó Trưởng khoa: PGS. TS. Phạm Quốc Cường
Phó Trưởng khoa: PGS. TS. Phạm Hoàng Anh
Phó Trưởng khoa: PGS. TS. Trần Ngọc Thịnh
Bộ môn
Bộ môn Công nghệ Phần mềm: Trưởng bộ môn: TS. Trương Tuấn Anh
Bộ môn Hệ thống thông tin: Khoa trực tiếp phụ trách
Bộ môn Hệ thống và Mạng máy tính: Trưởng bộ môn: TS. Nguyễn Đức Thái
Bộ môn Khoa học Máy tính: Trưởng bộ môn: PGS. TS. Lê Hồng Trang
Bộ môn Kỹ thuật Máy tính: Khoa trực tiếp phụ trách
Đào tạo:
Bậc Đại học: 
Chương trình Tiêu chuẩn: 
Khoa học Máy tính: Chuyên ngành: Khoa học Máy tính, Công nghệ Dữ liệu và Dữ liệu lớn, An ninh Hệ thống và Mạng, Trí tuệ Nhân tạo, Công nghệ Phần mềm
Kỹ thuật Máy tính: Chuyên ngành: Kỹ thuật Máy tính, Hệ thống Tính toán Nâng cao, Internet Vạn vật, Thiết kế Vi mạch số
Chương trình Dạy và học bằng tiếng Anh: 
Khoa học Máy tính: Chuyên ngành: Khoa học Máy tính, Công nghệ Dữ liệu và Dữ liệu lớn, An ninh Hệ thống và Mạng, Trí tuệ Nhân tạo, Công nghệ Phần mềm
Kỹ thuật Máy tính: Chuyên ngành: Kỹ thuật Máy tính, Hệ thống Tính toán Nâng cao, Internet Vạn vật, Thiết kế Vi mạch số
Chương trình Định hướng Nhật Bản: Khoa học Máy tính: Chuyên ngành: Khoa học Máy tính, Công nghệ Dữ liệu và Dữ liệu lớn, An ninh Hệ thống và Mạng, Trí tuệ Nhân tạo, Công nghệ Phần mềm
Chương trình Chuyển tiếp Quốc tế: ngành Khoa học Máy tính, ngành Kỹ thuật Máy tính
Chương trình Liên kết Cử nhân Kỹ thuật Quốc tế: 
Trí tuệ nhân tạo
Công nghệ thông tin
Bậc Thạc sĩ
Khoa học Máy tính
Hệ thống Thông tin Quản lý
Xưởng, Phòng thí nghiệm:
PTN Tính toán hiệu năng cao
PTN Tính toán nâng cao
PTN HCMUT Renesas SuperH Lab
PTN An ninh mạng
PTN Trí tuệ nhân tạo
PTN Khoa học Dữ liệu
Trung tâm hợp tác nghiên cứu đổi mới và công nghệ HCMUT-UTS"
360,Chuẩn ABET là gì vậy anh/chị? Em nghe nói trường mình có mấy ngành đạt chuẩn này?,Câu hỏi quá chung chung,"Khoa Cơ khí
Cơ cấu nhân sự:
Ban Chủ nhiệm Khoa
Trưởng khoa: PGS. TS. Bùi Trọng Hiếu (Email: hieubt@hcmut.edu.vn)
Lãnh đạo và quản lý toàn diện mọi hoạt động thuộc chức năng, nhiệm vụ và quyền hạn của Trưởng khoa trong trường đại học; chịu trách nhiệm trước Hiệu trưởng Trường Đại học Bách khoa – ĐHQG-HCM và các lãnh đạo cấp trên về mọi mặt hoạt động của Khoa.
Trực tiếp chỉ đạo và quản lý công tác:
Tổ chức – nhân sự.
Tài chính, cơ sở vật chất.
Thi đua – khen thưởng.
Phát triển đào tạo.
Đoàn thể.
Dự án đầu tư.
Triển khai thực hiện chiến lược, định hướng phát triển Khoa.
Phó Trưởng khoa: TS. Phạm Minh Tuấn (Email: pminhtuan@hcmut.edu.vn)
			Phụ trách công tác:
Đào tạo đại học các hệ.
Đào tạo sau đại học.
Thực hành – Thí nghiệm.
Khảo thí – Bảo đảm Chất lượng."
361,Ngành Kỹ thuật Máy tính ở Bách khoa có được công nhận chuẩn ABET chưa ạ?,"Sinh viên tốt nghiệp có cơ hội nghề nghiệp với mức lương hàng đầu trong ngành khoa học, kỹ thuật và công nghệ. Nhiều cựu sinh viên của khoa đang làm việc và đảm nhận các vị trí quan trọng cho các công ty công nghệ hàng đầu thế giới như Marvell, Renesas, Synopsys.... ở lĩnh vực thiết kế vi mạch: hay Google, Microsoft, Facebook, Amazon và các công ty công nghệ trong nước như VNPT, Viettel, VNG, Zalo, FPT, KMS, TMA, Global CyberSoft, Mobifone, Bosch, Intel Vietnam, vv ở các lĩnh vực liên quan đến hệ thống nhúng, hệ thống tính toán hiệu năng cao... Ngoài ra, các cựu sinh viên của Khoa cùng đang làm việc ở nhiều quốc gia khác, đặc biệt là Mỹ, Nhật, Hàn Quốc và Singapore. Ngoài ra, SV tốt nghiệp ngành Kỹ thuật Máy tính hiện đã và đang học tập ở các bậc cao hơn ở các trường trên thế giới chuyên về thiết kế vi mạch, tính toán hiệu năng cao, hệ thống nhúng, tính toán tái cấu hình... như TUDelft (Hà Lan), UCC (Ireland), UEC (Tokyo), Cardiff (Vương Quốc Anh), Northwestern University (Hoa Kỳ), NUS (Singapore).....","Khoa Khoa học và Kỹ thuật Máy tính
Cơ cấu nhân sự: 
Ban Chủ nhiệm Khoa
Trưởng khoa: PGS. TS. Quản Thành Thơ (Email: qttho@hcmut.edu.vn)
Phó Trưởng khoa: PGS. TS. Phạm Quốc Cường
Phó Trưởng khoa: PGS. TS. Phạm Hoàng Anh
Phó Trưởng khoa: PGS. TS. Trần Ngọc Thịnh
Bộ môn
Bộ môn Công nghệ Phần mềm: Trưởng bộ môn: TS. Trương Tuấn Anh
Bộ môn Hệ thống thông tin: Khoa trực tiếp phụ trách
Bộ môn Hệ thống và Mạng máy tính: Trưởng bộ môn: TS. Nguyễn Đức Thái
Bộ môn Khoa học Máy tính: Trưởng bộ môn: PGS. TS. Lê Hồng Trang
Bộ môn Kỹ thuật Máy tính: Khoa trực tiếp phụ trách
Đào tạo:
Bậc Đại học: 
Chương trình Tiêu chuẩn: 
Khoa học Máy tính: Chuyên ngành: Khoa học Máy tính, Công nghệ Dữ liệu và Dữ liệu lớn, An ninh Hệ thống và Mạng, Trí tuệ Nhân tạo, Công nghệ Phần mềm
Kỹ thuật Máy tính: Chuyên ngành: Kỹ thuật Máy tính, Hệ thống Tính toán Nâng cao, Internet Vạn vật, Thiết kế Vi mạch số
Chương trình Dạy và học bằng tiếng Anh: 
Khoa học Máy tính: Chuyên ngành: Khoa học Máy tính, Công nghệ Dữ liệu và Dữ liệu lớn, An ninh Hệ thống và Mạng, Trí tuệ Nhân tạo, Công nghệ Phần mềm
Kỹ thuật Máy tính: Chuyên ngành: Kỹ thuật Máy tính, Hệ thống Tính toán Nâng cao, Internet Vạn vật, Thiết kế Vi mạch số
Chương trình Định hướng Nhật Bản: Khoa học Máy tính: Chuyên ngành: Khoa học Máy tính, Công nghệ Dữ liệu và Dữ liệu lớn, An ninh Hệ thống và Mạng, Trí tuệ Nhân tạo, Công nghệ Phần mềm
Chương trình Chuyển tiếp Quốc tế: ngành Khoa học Máy tính, ngành Kỹ thuật Máy tính
Chương trình Liên kết Cử nhân Kỹ thuật Quốc tế: 
Trí tuệ nhân tạo
Công nghệ thông tin
Bậc Thạc sĩ
Khoa học Máy tính
Hệ thống Thông tin Quản lý
Xưởng, Phòng thí nghiệm:
PTN Tính toán hiệu năng cao
PTN Tính toán nâng cao
PTN HCMUT Renesas SuperH Lab
PTN An ninh mạng
PTN Trí tuệ nhân tạo
PTN Khoa học Dữ liệu
Trung tâm hợp tác nghiên cứu đổi mới và công nghệ HCMUT-UTS"
362,Học ngành đạt chuẩn ABET thì có lợi gì không anh/chị? Có dễ xin việc hơn không?,Chương trình đào tạo ngành Bảo dưỡng Công nghiệp được thiết kế chuyển giao trực tiếp từ Pháp,"Đào tạo:
Bậc Đại học:
Chương trình Tiêu chuẩn:
Kỹ thuật Cơ khí: chuyên ngành: Kỹ thuật Cơ khí, Thiết kế khuôn; Kỹ thuật Chế tạo; Kỹ thuật Thiết kế
Kỹ thuật Cơ Điện tử: chuyên ngành: Kỹ thuật Cơ điện tử, Kỹ thuật Robot
Kỹ thuật Nhiệt: chuyên ngành: Kỹ thuật Nhiệt lạnh; Kỹ thuật nhiệt
Dệt - May: ngành/chuyên ngành: Công nghệ Dệt, May; Công nghệ May - Thời trang; Kỹ thuật Dệt; Công nghệ Sợi dệt
Kỹ thuật Hệ thống Công nghiệp
Logistics và Quản lý chuỗi cung ứng
Bảo dưỡng Công nghiệp
Chương trình Dạy và học bằng tiếng Anh:
Kỹ thuật Cơ Điện tử: Chuyên ngành Kỹ thuật Robot, Kỹ thuật Cơ Điện tử
Kỹ thuật Cơ khí: Chuyên ngành: Kỹ thuật Cơ khí; Thiết kế khuôn; Kỹ thuật Chế tạo; Kỹ thuật Thiết kế
Logistics và Quản lý Chuỗi Cung ứng
Chương trình Chuyển tiếp Quốc tế: Kỹ thuật Cơ khí và Kỹ thuật Cơ Điện tử"
363,Sinh viên tốt nghiệp ngành Kỹ thuật Máy tính có dễ xin việc không ạ?,"Ngành Kỹ thuật Cơ Điện tử đào tạo các nhân lực chất lượng cao làm việc trong lĩnh vực liên ngành hình thành từ nhu cầu phối hợp phức tạp và chặt chẽ của bốn lĩnh vực Cơ khí, Điện \- Điện tử, Điều khiển, và Khoa học Máy tính.","Kỹ thuật Cơ Điện tử: chuyên ngành: Kỹ thuật Cơ điện tử, Kỹ thuật Robot
Kỹ thuật Nhiệt: chuyên ngành: Kỹ thuật Nhiệt lạnh; Kỹ thuật nhiệt
Dệt - May: ngành/chuyên ngành: Công nghệ Dệt, May; Công nghệ May - Thời trang; Kỹ thuật Dệt; Công nghệ Sợi dệt
Kỹ thuật Hệ thống Công nghiệp
Logistics và Quản lý chuỗi cung ứng
Bảo dưỡng Công nghiệp
Chương trình Dạy và học bằng tiếng Anh:
Kỹ thuật Cơ Điện tử: Chuyên ngành Kỹ thuật Robot, Kỹ thuật Cơ Điện tử
Kỹ thuật Cơ khí: Chuyên ngành: Kỹ thuật Cơ khí; Thiết kế khuôn; Kỹ thuật Chế tạo; Kỹ thuật Thiết kế
Logistics và Quản lý Chuỗi Cung ứng
Chương trình Chuyển tiếp Quốc tế: Kỹ thuật Cơ khí và Kỹ thuật Cơ Điện tử
Bậc Thạc sĩ:
Kỹ thuật Cơ khí
Kỹ thuật Cơ Điện tử
Kỹ thuật Nhiệt
Kỹ thuật Công nghiệp
Công nghệ dệt, may."
364,Chương trình đào tạo ngành Bảo dưỡng Công nghiệp được chuyển giao từ đâu?,"tập đoàn Intel, tập đoàn Bosch, tập đoàn Nidec, tập đoàn Holcim, tập đoàn Unilever, tập đoàn P\&G, tập đoàn SMC, Công ty Nhất Tình, Cảng Bến Nghé, Saigon High Tech Park, Công ty Autoss, Tập đoàn Crystal, ABB Automation, Công ty NK Engineering, Công ty Beckhoff Automation,...","Đào tạo:
Bậc Đại học:
Chương trình Tiêu chuẩn:
Kỹ thuật Cơ khí: chuyên ngành: Kỹ thuật Cơ khí, Thiết kế khuôn; Kỹ thuật Chế tạo; Kỹ thuật Thiết kế
Kỹ thuật Cơ Điện tử: chuyên ngành: Kỹ thuật Cơ điện tử, Kỹ thuật Robot
Kỹ thuật Nhiệt: chuyên ngành: Kỹ thuật Nhiệt lạnh; Kỹ thuật nhiệt
Dệt - May: ngành/chuyên ngành: Công nghệ Dệt, May; Công nghệ May - Thời trang; Kỹ thuật Dệt; Công nghệ Sợi dệt
Kỹ thuật Hệ thống Công nghiệp
Logistics và Quản lý chuỗi cung ứng
Bảo dưỡng Công nghiệp
Chương trình Dạy và học bằng tiếng Anh:
Kỹ thuật Cơ Điện tử: Chuyên ngành Kỹ thuật Robot, Kỹ thuật Cơ Điện tử
Kỹ thuật Cơ khí: Chuyên ngành: Kỹ thuật Cơ khí; Thiết kế khuôn; Kỹ thuật Chế tạo; Kỹ thuật Thiết kế
Logistics và Quản lý Chuỗi Cung ứng
Chương trình Chuyển tiếp Quốc tế: Kỹ thuật Cơ khí và Kỹ thuật Cơ Điện tử"
365,Ngành Kỹ thuật Cơ Điện tử là sự phối hợp của những lĩnh vực nào?,"100% sinh viên có việc làm sau khi tốt nghiệp, có thể đảm nhiệm các vị trí khác nhau như:

* Kỹ sư Chế tạo  
* Kỹ sư Điều hành sản xuất  
* Kỹ sư Nghiên cứu và phát triển  
* Kỹ sư Thiết kế  
* Kỹ sư Bảo trì  
* Nhà quản lý doanh nghiệp, Giảng viên....","Đào tạo:
Bậc Đại học:
Chương trình Tiêu chuẩn:
Kỹ thuật Cơ khí: chuyên ngành: Kỹ thuật Cơ khí, Thiết kế khuôn; Kỹ thuật Chế tạo; Kỹ thuật Thiết kế
Kỹ thuật Cơ Điện tử: chuyên ngành: Kỹ thuật Cơ điện tử, Kỹ thuật Robot
Kỹ thuật Nhiệt: chuyên ngành: Kỹ thuật Nhiệt lạnh; Kỹ thuật nhiệt
Dệt - May: ngành/chuyên ngành: Công nghệ Dệt, May; Công nghệ May - Thời trang; Kỹ thuật Dệt; Công nghệ Sợi dệt
Kỹ thuật Hệ thống Công nghiệp
Logistics và Quản lý chuỗi cung ứng
Bảo dưỡng Công nghiệp
Chương trình Dạy và học bằng tiếng Anh:
Kỹ thuật Cơ Điện tử: Chuyên ngành Kỹ thuật Robot, Kỹ thuật Cơ Điện tử
Kỹ thuật Cơ khí: Chuyên ngành: Kỹ thuật Cơ khí; Thiết kế khuôn; Kỹ thuật Chế tạo; Kỹ thuật Thiết kế
Logistics và Quản lý Chuỗi Cung ứng
Chương trình Chuyển tiếp Quốc tế: Kỹ thuật Cơ khí và Kỹ thuật Cơ Điện tử"
366,Các công ty thường tuyển dụng kỹ sư Cơ Điện tử tốt nghiệp từ Trường Đại học Bách khoa - ĐHQG-HCM là công ty nào?,"Lịch sử phát triển lâu đời: Bộ môn Kỹ thuật Dệt May tiền thân là BỘ môn Cơ Dệt, thuộc Khoa Cơ khí, Trường Đại học Bách khoa \-ĐHQG-HCM, được thành lập từ năm 1977, trải qua 48 năm hình thành và phát triển.","Bộ môn Cơ điện tử
Trưởng bộ môn: TS. Phùng Trí Công
Email: ptcong@hcmut.edu.vn
Bộ môn Thiết kế máy
Trưởng bộ môn: TS. Nguyễn Vũ Thịnh
Email: vuthinh.n@hcmut.edu.vn
Bộ môn Kỹ thuật dệt may
Trưởng bộ môn: TS. Lê Song Thanh Quỳnh
Email: lstquynh@hcmut.edu.vn
Bộ môn Chế tạo máy
Trưởng bộ môn: TS. Trần Hải Nam
Email: namth@hcmut.edu.vn
Bộ môn Kỹ thuật Máy xây dựng & Nâng chuyển
Trưởng bộ môn: PGS. TS. Lưu Thanh Tùng
Email: ttluu@hcmut.edu.vn
Bộ môn Công nghệ nhiệt lạnh
Trưởng bộ môn: TS. Hà Anh Tùng
Email: ha-tung@hcmut.edu.vn
Bộ môn Quản lý và kỹ thuật bảo trì
Trưởng bộ môn: PGS. TS. Nguyễn Thanh Trương
Email: thtruong@hcmut.edu.vn"
367,Ngành Kỹ thuật Cơ khí gồm bao nhiêu định hướng và đó là những định hướng gì?,"Trung tâm Công nghệ dệt Ý \- Việt. Đây là dự án giữa thương vụ Ý (ITA) và HCMUT, cùng với sự hỗ trợ kỹ thuật từ Hiệp hội Máy Dệt Ý (ACIMIT) và Tổ chức phi chính phủ quốc tế. Tổng trị giá đầu tư của dự án là 330.000 Euro.","Khoa Cơ khí
Cơ cấu nhân sự:
Ban Chủ nhiệm Khoa
Trưởng khoa: PGS. TS. Bùi Trọng Hiếu (Email: hieubt@hcmut.edu.vn)
Lãnh đạo và quản lý toàn diện mọi hoạt động thuộc chức năng, nhiệm vụ và quyền hạn của Trưởng khoa trong trường đại học; chịu trách nhiệm trước Hiệu trưởng Trường Đại học Bách khoa – ĐHQG-HCM và các lãnh đạo cấp trên về mọi mặt hoạt động của Khoa.
Trực tiếp chỉ đạo và quản lý công tác:
Tổ chức – nhân sự.
Tài chính, cơ sở vật chất.
Thi đua – khen thưởng.
Phát triển đào tạo.
Đoàn thể.
Dự án đầu tư.
Triển khai thực hiện chiến lược, định hướng phát triển Khoa.
Phó Trưởng khoa: TS. Phạm Minh Tuấn (Email: pminhtuan@hcmut.edu.vn)
			Phụ trách công tác:
Đào tạo đại học các hệ.
Đào tạo sau đại học.
Thực hành – Thí nghiệm.
Khảo thí – Bảo đảm Chất lượng.
Phó Trưởng khoa: PGS. TS. Nguyễn Quốc Chí (Email: nqchi@hcmut.edu.vn)
			Phụ trách công tác:
Khoa học và công nghệ.
Quan hệ quốc tế, quan hệ doanh nghiệp.
Thoả thuận hợp tác (MOU) giữa khoa với đối tác.
Dự toán mua sắm, sửa chữa thiết bị.
Cựu sinh viên.
Triển khai thực hiện chiến lược, định hướng phát triển Khoa."
368,Tỷ lệ sinh viên ngành Kỹ thuật Cơ khí có việc làm sau khi tốt nghiệp là bao nhiêu?,"Chưa tốt nghiệp đã có cơ hội làm việc với các công ty hàng đầu như: DAIKIN, MITSUBISHI, SAMSUNG, LG, HISENSE-HITACHI, COTECCONS, TAIKI-SHA, MARTECH SOLAR BK, ARICO, HƯNG TRÍ...","Đào tạo:
Bậc Đại học:
Chương trình Tiêu chuẩn:
Kỹ thuật Cơ khí: chuyên ngành: Kỹ thuật Cơ khí, Thiết kế khuôn; Kỹ thuật Chế tạo; Kỹ thuật Thiết kế
Kỹ thuật Cơ Điện tử: chuyên ngành: Kỹ thuật Cơ điện tử, Kỹ thuật Robot
Kỹ thuật Nhiệt: chuyên ngành: Kỹ thuật Nhiệt lạnh; Kỹ thuật nhiệt
Dệt - May: ngành/chuyên ngành: Công nghệ Dệt, May; Công nghệ May - Thời trang; Kỹ thuật Dệt; Công nghệ Sợi dệt
Kỹ thuật Hệ thống Công nghiệp
Logistics và Quản lý chuỗi cung ứng
Bảo dưỡng Công nghiệp
Chương trình Dạy và học bằng tiếng Anh:
Kỹ thuật Cơ Điện tử: Chuyên ngành Kỹ thuật Robot, Kỹ thuật Cơ Điện tử
Kỹ thuật Cơ khí: Chuyên ngành: Kỹ thuật Cơ khí; Thiết kế khuôn; Kỹ thuật Chế tạo; Kỹ thuật Thiết kế
Logistics và Quản lý Chuỗi Cung ứng
Chương trình Chuyển tiếp Quốc tế: Kỹ thuật Cơ khí và Kỹ thuật Cơ Điện tử"
369,Bộ môn Kỹ thuật Dệt May thuộc Trường Đại học Bách khoa được thành lập khi nào?,"* Mảng nhiệt nóng  
  Lò hơi, hệ thống cung cấp hơi nước, nhà máy nhiệt điện, tuabin hơi, tuabin khí, thiết bị sấy....  
* Mảng nhiệt lạnh  
  Máy lạnh, kỹ thuật điều hòa không khí và thông gió, hệ thống điều hòa không khí trung tâm, hệ thống cấp trữ đông....  
* Mảng năng lượng tái tạo  
  Năng lượng gió, năng lượng mặt trời, biomass,...  
* Mảng tiết kiệm năng lượng  
  Kiểm toán năng lượng, kinh tế năng lượng, thu hồi nhiệt thải, sử dụng hiệu quả năng lượng trong nhà máy sản xuất và tòa nhà....","Bộ môn Kỹ thuật dệt may
Trưởng bộ môn: TS. Lê Song Thanh Quỳnh
Email: lstquynh@hcmut.edu.vn
Bộ môn Chế tạo máy
Trưởng bộ môn: TS. Trần Hải Nam
Email: namth@hcmut.edu.vn
Bộ môn Kỹ thuật Máy xây dựng & Nâng chuyển
Trưởng bộ môn: PGS. TS. Lưu Thanh Tùng
Email: ttluu@hcmut.edu.vn
Bộ môn Công nghệ nhiệt lạnh
Trưởng bộ môn: TS. Hà Anh Tùng
Email: ha-tung@hcmut.edu.vn
Bộ môn Quản lý và kỹ thuật bảo trì
Trưởng bộ môn: PGS. TS. Nguyễn Thanh Trương
Email: thtruong@hcmut.edu.vn"
370,Trung tâm nào được thành lập với tổng đầu tư 330.000 Euro để phục vụ đào tạo ngành Dệt May?,"Chương trình đào tạo bao gồm các môn như quản lý logistics, kỹ thuật dự báo, vận trù học, thiết kế và vận hành nhà kho, điều độ chuỗi cung ứng, và quản lý thu mua, giúp nâng cao hiệu quả hoạt động và khả năng cạnh tranh của doanh nghiệp.  
Logistics và Quản lý Chuỗi cung ứng tại trường Đại học Bách khoa \- ĐHQG-HCM có nhiều điểm nổi bật. Chương trình đào tạo trang bị các kiến thức chuyên sâu về quy trình và công cụ quản lý chuỗi cung ứng, từ lập kế hoạch, tìm nguồn cung ứng, sản xuất, vận chuyển, lưu kho đến phân phối sản phẩm. Bên cạnh đó, chương trình học tập trung vào ứng dụng các công nghệ tiên tiến như học máy (Machine Learning). Internet vạn vật (IoT), phân tích dữ liệu để tối ưu hóa chuỗi cung ứng và nâng cao hiệu quả hoạt động. Sinh viên còn có cơ hội tham gia các dự án thực tế với các doanh nghiệp trong ngành logistics, áp dụng kiến thức đã học vào giải quyết các vấn đề trực tiễn.","Cơ sở vật chất chất lượng cao

Trung tâm Công nghệ dệt Ý - Việt. Đây là dự án giữa thương vụ Ý (ITA) và HCMUT, cùng với sự hỗ trợ kỹ thuật từ Hiệp hội Máy Dệt Ý (ACIMIT) và Tổ chức phi chính phủ quốc tế. Tổng trị giá đầu tư của dự án là 330.000 Euro.

Xưởng thực hành được trang bị đầy đủ các thiết bị, máy móc chuyên ngành may mặc, đi từ bộ phận sáng tác đến hoàn thiện sản phẩm, như một môi trường sản xuất thực thụ, đáp ứng nhu cầu thực hành và nghiên cứu."
371,Ngành Kỹ thuật Nhiệt được các công ty nào tuyển dụng khi sinh viên chưa tốt nghiệp?,"Cử nhân/Kỹ sư ngành Kỹ thuật Hệ thống Công nghiệp có khả năng làm việc trong các vị trí như:

* Kỹ sư/chuyên viên về công nghiệp (industrial engineer), quy trình (process engineer), lean và cải tiến liên tục, chất lượng, dự tính chi phí (cost estimators), phân tích dữ liệu.  
*   
* Giám đốc/quản lý về sản xuất (director of manufacturing), nhà máy (plant manager), vận hành, logistics.  
*   
* Các lĩnh vực có thể làm việc gồm sản xuất (Công nghiệp ô tô, điện tử, chế biến thực phẩm, dược phẩm), dịch vụ (logistics và vận tải, chăm sóc sức khỏe, du lịch, giải trí), năng lượng (dầu khí, năng lượng tái tạo), tư vấn (tư vấn quản lý. tư vấn kỹ thuật) và cơ quan chính phủ.","TẠI SAO NÊN CHỌN NGÀNH KỸ THUẬT NHIỆT?

Chưa tốt nghiệp đã có cơ hội làm việc với các công ty hàng đầu như: DAIKIN, MITSUBISHI, SAMSUNG, LG, HISENSE-HITACHI, COTECCONS, TAIKI-SHA, MARTECH SOLAR BK, ARICO, HƯNG TRÍ...
Cơ hội nhận học bổng (150 - 200 triệu/ năm cho 20 - 30 em sinh viên khá giỏi hoặc khó khăn).
Mức lương mới ra trường hấp dẫn (trung bình trên 10 triệu/ tháng). Thường xuyên đi thực tập với công ty, doanh nghiệp bên ngoài.
Ngành đã đạt chuẩn kiểm định Quốc tế AUN-QA

CƠ HỘI VIỆC LÀM CAO DO SỨC HÚT NGÀNH CƠ ĐIỆN LẠNH TRÊN THỊ TRƯỜNG
Được các công ty lớn trong ngành CƠ ĐIỆN LẠNH săn đón
Mức lương khởi điểm hấp dẫn, 100% có việc làm
Cơ hội làm việc trong môi trường chuyên nghiệp"
372,Học ngành Kỹ thuật Nhiệt sẽ học những mảng chuyên môn nào?,"Chương trình đào tạo được xây dựng theo cách tiếp cận tiên tiến: tích hợp kiến thức liên ngành và kỹ năng kỹ thuật trong việc lên ý tưởng, thiết kế, triển khai và vận hành các hệ thống cơ điện tử.","Học ngành Kỹ thuật Nhiệt sẽ học những gì? Mảng nhiệt nóng Lò hơi, hệ thống cung cấp hơi nước, nhà máy nhiệt điện, tuabin hơi, tuabin khí, thiết bị sấy.... Mảng nhiệt lạnh Máy lạnh, kỹ thuật điều hòa không khí và thông gió, hệ thống điều hòa không khí trung tâm, hệ thống cấp trữ đông.... Mảng năng lượng tái tạo Năng lượng gió, năng lượng mặt trời, biomass,... Mảng tiết kiệm năng lượng Kiểm toán năng lượng, kinh tế năng lượng, thu hồi nhiệt thải, sử dụng hiệu quả năng lượng trong nhà máy sản xuất và tòa nhà...."
373,Chương trình đào tạo ngành Logistics & Quản lý Chuỗi Cung ứng tập trung vào những nội dung nào?,"Chương trình đào tạo được thực hiện triển khai ở một đơn vị hàng đầu cung cấp nguồn nhân lực có tay nghề cho các ngành nghề công nghiệp công nghệ cao, với một đội ngũ giảng viên gồm 6 PGS/8 TS/3 ThS được đào tạo ở những nước phát triển trong những lĩnh vực liên quan ngành Kỹ thuật Cơ Điện tử.","Ngành Logistics & Quản lý Chuỗi Cung ứng tại trường Đại học Bách khoa - ĐHQG TP.HCM là một ngành được thiết kế theo định hướng kỹ thuật, có sự giao thoa mạnh với ngành Kỹ thuật Hệ thống Công nghiệp, tập trung vào việc thiết kế, tối ưu hóa, phân tích, giải quyết các vấn đề và vận hành các hệ thống phức tạp liên quan đến chuỗi cung ứng và logistics.

Chương trình đào tạo bao gồm các môn như quản lý logistics, kỹ thuật dự báo, vận trù học, thiết kế và vận hành nhà kho, điều độ chuỗi cung ứng, và quản lý thu mua, giúp nâng cao hiệu quả hoạt động và khả năng cạnh tranh của doanh nghiệp.
Mã ngành

Chương trình Tiêu chuẩn (Nhóm ngành: Kỹ thuật Hệ thống Công nghiệp và Logistics & Quản lý Chuỗi Cung ứng): 128

Chương trình Dạy và học bằng tiếng Anh (Logistics & Quản lý Chuỗi Cung ứng): 228

Các điểm đặc biệt của ngành

Kỹ thuật Hệ thống Công nghiệp tại trường Đại học Bách khoa - ĐHQG-HCM là ngành học kết hợp từ các lĩnh vực khoa học kỹ thuật, quản lý, khoa học máy tính và kinh tế.

Chương trình đào tạo trang bị cho sinh viên kiến thức và kỹ năng toàn diện, từ kỹ thuật sản xuất đến tối ưu hóa quy trình và phân tích dữ liệu, nhằm mục tiêu thiết kế, vận hành, tối ưu hóa và cải tiến các hệ thống công nghiệp."
374,Sinh viên tốt nghiệp ngành Kỹ thuật Hệ thống Công nghiệp có thể làm việc trong những lĩnh vực nào?,"Các cơ sở phòng thí nghiệm bao gồm: Phòng thí nghiệm robot, Hệ thống thí nghiệm điều khiển vị trí. Hệ thống thử nghiệm overhead crane. Hệ thống thử nghiệm Humanoid robot, Hệ thống thử nghiệm máy CNC dẫn động bằng đại. Hệ thống thử nghiệm mobile robot. Hệ thống thử nghiệm tự động hoá trong lĩnh vực khí nén bằng PLC. Hệ thống thử nghiệm robot thông minh trên nền tảng vision system. Hệ thống thử nghiệm trên vi điều khiển.","Ngành Kỹ thuật Hệ thống Công nghiệp đóng vai trò quan trọng trong việc nâng cao hiệu quả, chất lượng và hiệu năng của hệ thống sản xuất và dịch vụ. Chương trình đào tạo cung cấp kiến thức toàn diện về thiết kế, tối ưu hóa, quản lý hệ thống, vận trù học, kiểm soát chất lượng, quản lý tồn kho, điều độ sản xuất, mô phỏng, sản xuất tinh gọn và phân tích dữ liệu, giúp sinh viên trở thành chuyên gia giải quyết các vấn đề phức tạp trong công nghiệp và dịch vụ.

Ngành Logistics & Quản lý Chuỗi Cung ứng tại trường Đại học Bách khoa - ĐHQG TP.HCM là một ngành được thiết kế theo định hướng kỹ thuật, có sự giao thoa mạnh với ngành Kỹ thuật Hệ thống Công nghiệp, tập trung vào việc thiết kế, tối ưu hóa, phân tích, giải quyết các vấn đề và vận hành các hệ thống phức tạp liên quan đến chuỗi cung ứng và logistics.

Chương trình đào tạo bao gồm các môn như quản lý logistics, kỹ thuật dự báo, vận trù học, thiết kế và vận hành nhà kho, điều độ chuỗi cung ứng, và quản lý thu mua, giúp nâng cao hiệu quả hoạt động và khả năng cạnh tranh của doanh nghiệp."
375,Chương trình đào tạo ngành Kỹ thuật Cơ Điện tử được xây dựng theo phương pháp tiếp cận như thế nào?,File thông tin giới thiệu ngành kỹ thuật hóa học,"Ngành Cơ điện tử

Giới thiệu

Ngành Kỹ thuật Cơ Điện tử đào tạo các nhân lực chất lượng cao làm việc trong lĩnh vực liên ngành hình thành từ nhu cầu phối hợp phức tạp và chặt chẽ của bốn lĩnh vực Cơ khí, Điện - Điện tử, Điều khiển, và Khoa học Máy tính. Với chương trình đào tạo cung cấp nền tảng kiến thức cơ bản và cơ sở vững vàng và kiến thức chuyên ngành chắt lọc từ bốn lĩnh vực, các sinh viên tốt nghiệp được đào tạo trở thành các kỹ sư có thể thiết kế và quản lý quá trình thiết kế các hệ thống phức tạp như các hệ thống máy móc tự động hóa, robot trong công nghiệp và dân dụng, các hệ thống ứng dụng trí tuệ nhân tạo và internet vạn vật trong lĩnh vực cơ khí và tự động hóa, v.v. Các kỹ sư Cơ Điện tử có thể làm việc và phát triển sự nghiệp thuận lợi và bền vững với ảnh hưởng mạnh mẽ của Công nghiệp 4.0 và quá trình chuyển đổi số.

Ngành Kỹ thuật Cơ Điện tử có đối tượng tuyển sinh là các bạn học sinh có định hướng nghề trong các lĩnh vực: thiết kế, chế tạo, vận hành và bảo trì các hệ thống máy móc cơ khí - tự động hóa, robot, ứng dụng trí tuệ nhân tạo và chuyển đổi số trong các thiết bị và quá trình trong lĩnh vực công nghiệp và dân dụng."
376,Đội ngũ giảng viên ngành Kỹ thuật Cơ Điện tử bao gồm những ai?,"Hệ thống phòng thí nghiệm ngành Kỹ thuật Hóa học tại Trường ĐH Bách khoa với các phòng thí nghiệm chuyên ngành như Hóa Hữu cơ, Hóa được. Mỹ phẩm, Hóa Vô cơ, Hóa lý và Phân tích, Hóa dầu, Quá trình và thiết bị. Với hệ thống các phòng thí nghiệm đảm bảo chất lượng phục vụ giảng dạy thí nghiệm, sinh viên nghiên cứu khoa học, triển khai các hoạt động nghiên cứu khoa học liên kết với doanh nghiệp và hợp tác quốc tế, nhiều công trình nghiên cứu đã được công bố và triển khai ứng dụng.","Ngành Cơ điện tử

Giới thiệu

Ngành Kỹ thuật Cơ Điện tử đào tạo các nhân lực chất lượng cao làm việc trong lĩnh vực liên ngành hình thành từ nhu cầu phối hợp phức tạp và chặt chẽ của bốn lĩnh vực Cơ khí, Điện - Điện tử, Điều khiển, và Khoa học Máy tính. Với chương trình đào tạo cung cấp nền tảng kiến thức cơ bản và cơ sở vững vàng và kiến thức chuyên ngành chắt lọc từ bốn lĩnh vực, các sinh viên tốt nghiệp được đào tạo trở thành các kỹ sư có thể thiết kế và quản lý quá trình thiết kế các hệ thống phức tạp như các hệ thống máy móc tự động hóa, robot trong công nghiệp và dân dụng, các hệ thống ứng dụng trí tuệ nhân tạo và internet vạn vật trong lĩnh vực cơ khí và tự động hóa, v.v. Các kỹ sư Cơ Điện tử có thể làm việc và phát triển sự nghiệp thuận lợi và bền vững với ảnh hưởng mạnh mẽ của Công nghiệp 4.0 và quá trình chuyển đổi số.

Ngành Kỹ thuật Cơ Điện tử có đối tượng tuyển sinh là các bạn học sinh có định hướng nghề trong các lĩnh vực: thiết kế, chế tạo, vận hành và bảo trì các hệ thống máy móc cơ khí - tự động hóa, robot, ứng dụng trí tuệ nhân tạo và chuyển đổi số trong các thiết bị và quá trình trong lĩnh vực công nghiệp và dân dụng."
377,Các cơ sở phòng thí nghiệm của ngành Kỹ thuật Cơ Điện tử bao gồm những hệ thống nào?,Tương tự câu 414,"Các Phòng thí nghiệm/xưởng khác
Tính toán nâng cao (Advanced Computing Lab): phòng 301 B9
Khoa học Dữ liệu: phòng 601 C6
Địa Kỹ thuật: Nhà C2 (bên hông tòa B8)
Thạch học: 202 B8
Tài nguyên Trái Đất và Môi trường: 110 B8
PTN Bộ môn Hóa Hữu cơ: 401 - 402 B2
Cơ học Ứng dụng: 201 B4
Vật lý Đại cương: 201 B6
Kỹ thuật Hàng không: 105 C5
Kỹ thuật Tàu thủy: 109 C3
Xưởng thực tập Ô tô: C3
Xưởng Cơ khí: C1
Khu thực hành thí nghiệm của bộ môn Công nghệ nhiệt lạnh: B5
Xưởng thực tập Điện tử: C2 
Xưởng thực tập Điện tử: 116 B1 
Điện tử: 202 B3
Kỹ thuật điện: 103 B1
Phân tích Môi trường: B7
Địa cơ nền móng: 107 B6
Sức Bền Kết cấu: 108 B6
Bộ môn Vật liệu năng lượng: 203 C4
Vật liệu Silicat: 105 C4
Tự động hóa: 207B C1
Thủy lực và Giám sát tình trạng: 104B C1
An ninh mạng: 304 B9
Hóa Đại Cương: 406 B2
Công nghệ Thực phẩm: 101 - 102  B2
Bảo dưỡng công nghiệp: C1
PTN Liên ngành: Tầng hầm H3
PTN Kỹ thuật số/Vi xử lý: 303 H6
Khu thực hành thí nghiệm của bộ môn Kỹ thuật Dệt May: B11
Nghiên cứu năng lượng sóng biển VIBE: 503 B4
Kỹ thuật Dầu khí: 201 B8
Kỹ thuật Y sinh - Công nghệ Laser: 202 - 204 B4"
378,Ngành kĩ thuật hóa trường mình mốt em học thì sẽ có gì ạ,"Khoa Kỹ thuật Hóa học có hệ thống doanh nghiệp đối tác trong đào tạo cũng như tuyển dụng. Vì vậy, sinh viên ra trường có cơ hội làm việc trong các công ty, tập đoàn lớn và chuyên nghiệp trong các lĩnh vực: Dầu khí: Tập đoàn dầu khí quốc gia Việt Nam (Chế biến Khí Dinh Cố, Lọc Dầu, Khí Điện Đạm, Thiết kế dầu Khí, Petrolimex,....), Các công ty tư vấn thiết kế về quy trình công nghệ (Technip, Toyo,...), Công ty công nghệ (Samsung, Intel,...), Các công ty thực phẩm dược phẩm (Domesco, Acecook, Tân Hiệp Phát, Ajinomoto, Sabeco, Coca-cola, Pepsi, Masan, Nestlé...), Công ty sản xuất sản phẩm ngành hóa, hàng tiêu dùng (Unilever, P\&G, Sơn Á Đông, Sơn Kova, Sơn Sento...), Công ty xử lý môi trường (Greentech, Cleantech...), Công ty xi măng (Insee, Hà Tiên,...), Phân bón (Bình Điền, Đạm Cà Mau, Đạm Phú Mỹ,...)","Khoa Kỹ thuật Hóa học 
Cơ cấu nhân sự: 
Ban Chủ nhiệm Khoa
Trưởng khoa: PGS. TS. Nguyễn Quang Long (Email: nqlong@hcmut.edu.vn)
Phó Trưởng khoa: PGS. TS. Trần Tấn Việt (Email: trantanviet@hcmut.edu.vn)
Phó Trưởng khoa: PGS. TS. Võ Đình Lệ Tâm (Email: vdlt@hcmut.edu.vn)
Phó Trưởng khoa: TS. Nguyễn Minh Kha (Email: nmkha@hcmut.edu.vn)
Bộ môn
Bộ môn Công nghệ Sinh học: 
Trưởng bộ môn: PGS. TS. Lê Thị Thủy Tiên
Email: ltttien@hcmut.edu.vn
Bộ môn Công nghệ Thực phẩm:
Trưởng bộ môn: GS. TS. Lê Văn Việt Mẫn
Email: lvvman@hcmut.edu.vn
Bộ môn Kỹ thuật Hóa vô cơ: 
Trưởng bộ môn: PGS. TS. Lê Minh Viễn
Email: lmvien@hcmut.edu.vn
Bộ môn Kỹ thuật Hóa Hữu cơ: 
Trưởng bộ môn: PGS. TS. Lê Vũ Hà
Email: lvh@hcmut.edu.vn
Bộ môn Kỹ thuật Chế biến Dầu khí:
Trưởng bộ môn: TS. Phạm Hồ Mỹ Phương
Email: phmphuong@hcmut.edu.vn
Bộ môn Kỹ thuật Hóa lý & Phân tích: 
Trưởng bộ môn: PGS. TS. Nguyễn Trường Sơn
Email: ntson@hcmut.edu.vn
Bộ môn Quá trình và Thiết bị: 
Trưởng bộ môn: TS. Bùi Ngọc Pha
Email: buingocpha@hcmut.edu.vn
Đào tạo:
Bậc Đại học: 
Chương trình Tiêu chuẩn: Nhóm ngành: Hoá - Thực phẩm - Sinh học: Chuyên ngành: Công nghệ Thực phẩm; Công nghệ Sinh học; Kỹ thuật Hóa học, Công nghệ Hóa dược, Công nghệ Mỹ phẩm)
Chương trình Dạy và học bằng tiếng Anh:
Kỹ thuật Hóa học: Chuyên ngành: Kỹ thuật Hóa học; Công nghệ Hóa dược; Công nghệ Mỹ phẩm
Công nghệ Sinh học
Công nghệ Sinh học số (Dự kiến Tuyển sinh 2025)
Công nghệ Thực phẩm
Chương trình Chuyển tiếp Quốc tế: 
Kỹ thuật Hóa học
Kỹ thuật Hóa học - chuyên ngành Kỹ thuật Hóa dược
Công nghệ Thực phẩm
Bậc Thạc sĩ
Kỹ thuật hóa học
Kỹ thuật hóa dầu và lọc dầu
Công nghệ thực phẩm
Công nghệ Sinh học
Bậc Tiến sĩ
Công nghệ sinh học
Kỹ thuật hóa học
Kỹ thuật hóa dầu và lọc dầu
Công nghệ thực phẩm
Xưởng, Phòng thí nghiệm:
Biolab 1: PTN Sinh học phân tử
Biolab 2: PTN Hoá sinh
Biolab 3: PTN Vi sinh
Biolab 4: PTN Tế bào thực vật
Biolab 5: PTN Tế bào động vật
PTN Hóa học và Hóa sinh thực phẩm
PTN Vi sinh thực phẩm
PTN Phân tích cảm quan
PTN Phân tích thực phẩm
PTN Công nghệ thực phẩm 1
PTN Công nghệ thực phẩm 2
PTN Công nghệ thực phẩm 3
PTN Hóa lý
PTN Hóa phân tích
PTN Xúc tác
PTN Điện hóa
PTN Điều khiển quá trình
PTN Quá trình Thiết bị"
379,Em có dự định học ngành kĩ thuật hóa trường mình thì em muốn hỏi là trường mình có phòng thí nghiệm không ạ ? và nếu có thì có xịn k,"Các Kỹ sư Hóa học sau khi tốt nghiệp sẽ được các nhà tuyển dụng quan tâm cao và sẽ thành công trong nhiều lĩnh vực khác nhau. Cơ hội nghề nghiệp bao gồm các công việc về tham gia quản lý vận hành và vận hành các hệ thống thiết bị công nghệ sản xuất trong lĩnh vực hóa học, dược phẩm, thực phẩm, sinh học, năng lượng và vật liệu, thiết kế và tính toán hệ thống, nghiên cứu và phát triển sản phẩm, phân tích \- quản lý chất lượng sản phẩm.... Các cơ hội nghề nghiệp của sinh viên tốt nghiệp ngành Kỹ thuật Hóa học như sau:

* Nhân viên quản lý bộ phận kỹ thuật trong các công ty sản xuất trong lĩnh vực hóa chất, thực phẩm, dược phẩm, dầu khi môi trường....  
* Nhân viên quản lý bộ phận điều hành sản xuất trong các công ty sản xuất trong lĩnh vực hóa chất, thực phẩm, dược phẩm, dầu khí, môi trường....  
* Nhân viên quản lý bộ phận nghiên cứu và phát triển (R\&D) trong các công ty sản xuất trong lĩnh vực hóa chất, thực phẩm, dược phẩm, dầu khí môi trường.  
* Nhân viên quản lý bộ phận kiểm soát chất lượng trong các công ty sản xuất trong lĩnh vực hóa chất, thực phẩm, dược phẩm, dầu khí môi trường....  
* Nhân viên quản lý bộ phận phát triển và quản lý dự án trong các công ty sản xuất trong lĩnh vực hóa chất, thực phẩm, dược phẩm, dầu khí môi trường....  
* Nhân viên quản lý bộ phận liên quan đến khoa học \- công nghệ trong các cơ quan, tổ chức nhà nước  
* Giảng viên/nghiên cứu viên tham gia giảng dạy nghiên cứu trong các trường đại học cao đẳng, viện nghiên cứu trong nước. ngoài nước.","Khoa Kỹ thuật Hóa học 
Cơ cấu nhân sự: 
Ban Chủ nhiệm Khoa
Trưởng khoa: PGS. TS. Nguyễn Quang Long (Email: nqlong@hcmut.edu.vn)
Phó Trưởng khoa: PGS. TS. Trần Tấn Việt (Email: trantanviet@hcmut.edu.vn)
Phó Trưởng khoa: PGS. TS. Võ Đình Lệ Tâm (Email: vdlt@hcmut.edu.vn)
Phó Trưởng khoa: TS. Nguyễn Minh Kha (Email: nmkha@hcmut.edu.vn)
Bộ môn
Bộ môn Công nghệ Sinh học: 
Trưởng bộ môn: PGS. TS. Lê Thị Thủy Tiên
Email: ltttien@hcmut.edu.vn
Bộ môn Công nghệ Thực phẩm:
Trưởng bộ môn: GS. TS. Lê Văn Việt Mẫn
Email: lvvman@hcmut.edu.vn
Bộ môn Kỹ thuật Hóa vô cơ: 
Trưởng bộ môn: PGS. TS. Lê Minh Viễn
Email: lmvien@hcmut.edu.vn
Bộ môn Kỹ thuật Hóa Hữu cơ: 
Trưởng bộ môn: PGS. TS. Lê Vũ Hà
Email: lvh@hcmut.edu.vn
Bộ môn Kỹ thuật Chế biến Dầu khí:
Trưởng bộ môn: TS. Phạm Hồ Mỹ Phương
Email: phmphuong@hcmut.edu.vn
Bộ môn Kỹ thuật Hóa lý & Phân tích: 
Trưởng bộ môn: PGS. TS. Nguyễn Trường Sơn
Email: ntson@hcmut.edu.vn
Bộ môn Quá trình và Thiết bị: 
Trưởng bộ môn: TS. Bùi Ngọc Pha
Email: buingocpha@hcmut.edu.vn
Đào tạo:
Bậc Đại học: 
Chương trình Tiêu chuẩn: Nhóm ngành: Hoá - Thực phẩm - Sinh học: Chuyên ngành: Công nghệ Thực phẩm; Công nghệ Sinh học; Kỹ thuật Hóa học, Công nghệ Hóa dược, Công nghệ Mỹ phẩm)
Chương trình Dạy và học bằng tiếng Anh:
Kỹ thuật Hóa học: Chuyên ngành: Kỹ thuật Hóa học; Công nghệ Hóa dược; Công nghệ Mỹ phẩm
Công nghệ Sinh học
Công nghệ Sinh học số (Dự kiến Tuyển sinh 2025)
Công nghệ Thực phẩm
Chương trình Chuyển tiếp Quốc tế: 
Kỹ thuật Hóa học
Kỹ thuật Hóa học - chuyên ngành Kỹ thuật Hóa dược
Công nghệ Thực phẩm
Bậc Thạc sĩ
Kỹ thuật hóa học
Kỹ thuật hóa dầu và lọc dầu
Công nghệ thực phẩm
Công nghệ Sinh học
Bậc Tiến sĩ
Công nghệ sinh học
Kỹ thuật hóa học
Kỹ thuật hóa dầu và lọc dầu
Công nghệ thực phẩm
Xưởng, Phòng thí nghiệm:
Biolab 1: PTN Sinh học phân tử
Biolab 2: PTN Hoá sinh
Biolab 3: PTN Vi sinh
Biolab 4: PTN Tế bào thực vật
Biolab 5: PTN Tế bào động vật
PTN Hóa học và Hóa sinh thực phẩm
PTN Vi sinh thực phẩm
PTN Phân tích cảm quan
PTN Phân tích thực phẩm
PTN Công nghệ thực phẩm 1
PTN Công nghệ thực phẩm 2
PTN Công nghệ thực phẩm 3
PTN Hóa lý
PTN Hóa phân tích
PTN Xúc tác
PTN Điện hóa
PTN Điều khiển quá trình
PTN Quá trình Thiết bị"
381,Ngành kĩ thuật hóa trường mình sau này học xong được công ty nào tuyển dụng,"Sinh viên có thể nhận học bổng từ nhiều nguồn: Học bổng khuyến khích Học tập mỗi học kỳ, học bổng từ các Đại học đối tác, học bổng của các tổ chức, các doanh nghiệp như học bổng Nguyễn Trường Tộ, học bổng tiếp sức của BKACE, học bổng Việt Nam thương nhau của BKACE, học bổng KHCN Vingroup, học bổng VIETCHEM. học bổng Acecook Việt Nam....
Sinh viên khoa Kỹ thuật Hóa học có nhiều cơ hội học tập nâng cao trình độ ở nước ngoài nhờ vào các mối quan hệ hợp tác một thiết với nhiều doanh nghiệp và trường đại học danh tiếng trên thế giới. Học bổng trao đổi sinh viên, học bổng từ các ĐH đối tác như Úc, Mỹ, Nhật, Hàn Quốc... như chương trình học bổng Thạc sĩ tại Nhật của Tập đoàn Ajinomoto....","Khoa Kỹ thuật Hóa học 
Cơ cấu nhân sự: 
Ban Chủ nhiệm Khoa
Trưởng khoa: PGS. TS. Nguyễn Quang Long (Email: nqlong@hcmut.edu.vn)
Phó Trưởng khoa: PGS. TS. Trần Tấn Việt (Email: trantanviet@hcmut.edu.vn)
Phó Trưởng khoa: PGS. TS. Võ Đình Lệ Tâm (Email: vdlt@hcmut.edu.vn)
Phó Trưởng khoa: TS. Nguyễn Minh Kha (Email: nmkha@hcmut.edu.vn)
Bộ môn
Bộ môn Công nghệ Sinh học: 
Trưởng bộ môn: PGS. TS. Lê Thị Thủy Tiên
Email: ltttien@hcmut.edu.vn
Bộ môn Công nghệ Thực phẩm:
Trưởng bộ môn: GS. TS. Lê Văn Việt Mẫn
Email: lvvman@hcmut.edu.vn
Bộ môn Kỹ thuật Hóa vô cơ: 
Trưởng bộ môn: PGS. TS. Lê Minh Viễn
Email: lmvien@hcmut.edu.vn
Bộ môn Kỹ thuật Hóa Hữu cơ: 
Trưởng bộ môn: PGS. TS. Lê Vũ Hà
Email: lvh@hcmut.edu.vn
Bộ môn Kỹ thuật Chế biến Dầu khí:
Trưởng bộ môn: TS. Phạm Hồ Mỹ Phương
Email: phmphuong@hcmut.edu.vn
Bộ môn Kỹ thuật Hóa lý & Phân tích: 
Trưởng bộ môn: PGS. TS. Nguyễn Trường Sơn
Email: ntson@hcmut.edu.vn
Bộ môn Quá trình và Thiết bị: 
Trưởng bộ môn: TS. Bùi Ngọc Pha
Email: buingocpha@hcmut.edu.vn
Đào tạo:
Bậc Đại học: 
Chương trình Tiêu chuẩn: Nhóm ngành: Hoá - Thực phẩm - Sinh học: Chuyên ngành: Công nghệ Thực phẩm; Công nghệ Sinh học; Kỹ thuật Hóa học, Công nghệ Hóa dược, Công nghệ Mỹ phẩm)
Chương trình Dạy và học bằng tiếng Anh:
Kỹ thuật Hóa học: Chuyên ngành: Kỹ thuật Hóa học; Công nghệ Hóa dược; Công nghệ Mỹ phẩm
Công nghệ Sinh học
Công nghệ Sinh học số (Dự kiến Tuyển sinh 2025)
Công nghệ Thực phẩm
Chương trình Chuyển tiếp Quốc tế: 
Kỹ thuật Hóa học
Kỹ thuật Hóa học - chuyên ngành Kỹ thuật Hóa dược
Công nghệ Thực phẩm
Bậc Thạc sĩ
Kỹ thuật hóa học
Kỹ thuật hóa dầu và lọc dầu
Công nghệ thực phẩm
Công nghệ Sinh học
Bậc Tiến sĩ
Công nghệ sinh học
Kỹ thuật hóa học
Kỹ thuật hóa dầu và lọc dầu
Công nghệ thực phẩm"
382,Sau này học ngành kĩ thuật hóa trường mình tốt nghiệp xong thì được làm nghề gì nhỉ,"Văn phòng: B2 – 268 Lý Thường Kiệt, Quận 10,TP. HCM  
   Điện thoại: 0283 8650 448 \- 5689  
   Fax: 0283 8637 504  
   Website: https://che.hcmut.edu.vn/  
   Trưởng khoa: PGS. TS. Nguyễn Quang Long  
   Email của Trưởng khoa: nqlong@hcmut.edu.vn","Khoa Kỹ thuật Hóa học 
Cơ cấu nhân sự: 
Ban Chủ nhiệm Khoa
Trưởng khoa: PGS. TS. Nguyễn Quang Long (Email: nqlong@hcmut.edu.vn)
Phó Trưởng khoa: PGS. TS. Trần Tấn Việt (Email: trantanviet@hcmut.edu.vn)
Phó Trưởng khoa: PGS. TS. Võ Đình Lệ Tâm (Email: vdlt@hcmut.edu.vn)
Phó Trưởng khoa: TS. Nguyễn Minh Kha (Email: nmkha@hcmut.edu.vn)
Bộ môn
Bộ môn Công nghệ Sinh học: 
Trưởng bộ môn: PGS. TS. Lê Thị Thủy Tiên
Email: ltttien@hcmut.edu.vn
Bộ môn Công nghệ Thực phẩm:
Trưởng bộ môn: GS. TS. Lê Văn Việt Mẫn
Email: lvvman@hcmut.edu.vn
Bộ môn Kỹ thuật Hóa vô cơ: 
Trưởng bộ môn: PGS. TS. Lê Minh Viễn
Email: lmvien@hcmut.edu.vn
Bộ môn Kỹ thuật Hóa Hữu cơ: 
Trưởng bộ môn: PGS. TS. Lê Vũ Hà
Email: lvh@hcmut.edu.vn
Bộ môn Kỹ thuật Chế biến Dầu khí:
Trưởng bộ môn: TS. Phạm Hồ Mỹ Phương
Email: phmphuong@hcmut.edu.vn
Bộ môn Kỹ thuật Hóa lý & Phân tích: 
Trưởng bộ môn: PGS. TS. Nguyễn Trường Sơn
Email: ntson@hcmut.edu.vn
Bộ môn Quá trình và Thiết bị: 
Trưởng bộ môn: TS. Bùi Ngọc Pha
Email: buingocpha@hcmut.edu.vn"
383,Học ngành kĩ thuật hóa thì khi học xong đại học trường có học bổng để du học k,File thông tin ngành kỹ thuật hóa học,"Giới thiệu
Ngành Kỹ thuật Hóa học dành cho các sinh viên yêu thích làm việc trong lĩnh vực công nghiệp hóa học, CÓ SỞ thích thiết kế các quá trình hóa học trong công nghiệp, nghiên cứu và phát triển các quá trình hóa học mới, xanh hơn, sạch hơn, tiết kiệm hơn hưởng đến ngành công nghiệp hóa học bền vững, an toàn và hiệu quả. đặc biệt trong các lĩnh vực: lọc - hóa dầu, hóa dược, mỹ phẩm, vật liệu, xử lý môi trường, năng lượng, sản xuất sản phẩm hóa học, kỹ thuật phân tích, công nghệ điện hóa - chống ăn mòn....

Chương trình bao gồm các môn cốt lõi cần thiết về Kỹ thuật Hóa học và nhiều môn lựa chọn về công nghệ chuyên ngành. Đặc biệt, từ năm 2024, hai chuyên ngành đào tạo mới bao gồm công nghệ hoá dược và công nghệ mỹ phẩm sẽ được triển khai nhằm đáp ứng nhu cầu và sự quan tâm ngày càng cao của xã hội về các lĩnh vực này. Ngoài ra, chương trình được gắn kết với chương trình đào tạo thạc sỹ/tiến sỹ ngành Kỹ thuật Hóa học tại Trường Đại học Bách khoa - ĐHQG-HCM.

Sinh viên sau khi tốt nghiệp ngành Kỹ thuật hóa học sẽ trở thành những kỹ sư có tay nghề cao, có thể phát triển, thiết kế và tính toán các giải pháp kỹ thuật về quy trình công nghệ, sản phẩm mới, nghiên cứu khoa học trong các chuyên ngành khoa học và công nghệ liên quan.

Mã ngành
Chương trình Tiêu chuẩn: 114
Chương trình Dạy và học bằng tiếng Anh: 214

Các điểm đặc biệt của ngành
1. Về nội dung chương trình: Chương trình cung cấp kiến thức nền tảng vững chắc về Kỹ thuật Hóa học giúp sinh viên:
- Dễ dàng tiếp thu các kiến thức chuyên sâu (được dạy trong chương trình) như: lọc hóa dầu, hóa dược, công nghệ hóa hữu cơ, công nghệ hóa vô cơ, công nghệ điện hóa - chống ăn mòn....
- Dễ dàng tiếp cận các kiến thức về các lĩnh vực liên quan khác như: công nghệ thực phẩm, công nghệ sinh học, công nghệ vật liệu, công nghệ môi trường.....
2. Chương trình kỹ sư tài năng: là chương trình đặc biệt dành cho các sinh viên giỏi được tuyển chọn từ cuối năm thứ nhất với các hỗ trợ từ nhà trường.
3. Về đội ngũ giảng viên: Khoa Kỹ thuật Hóa học hiện có 67 giảng viên có bằng Tiến sĩ và đa số được đào tạo ở nước ngoài, trong đó có 30 Giáo sư và Phó Giáo sư.
4. Hỗ trợ sinh viên: với hệ thống quản lý tiến độ học tập online, hệ thống hỗ trợ học tập - giảng dạy online, hệ thống giáo viên chủ nhiệm tư vấn sinh viên....
5. Về lực lượng cựu sinh viên: Kỹ sư Hóa học tốt nghiệp Trường Đại học Bách khoa từ năm 1968 đến nay đang công tác tại các công ty, tổ chức luôn đồng hành và là chỗ dựa vững chắc cho các thế hệ Kỹ sư Hóa học tiếp theo của Trường Đại học Bách khoa."
384,Làm sao để liên hệ với khoa hóa trường mình vậy???,File thông tin ngành kỹ thuật hóa học,"Khoa Kỹ thuật Hóa học 
Cơ cấu nhân sự: 
Ban Chủ nhiệm Khoa
Trưởng khoa: PGS. TS. Nguyễn Quang Long (Email: nqlong@hcmut.edu.vn)
Phó Trưởng khoa: PGS. TS. Trần Tấn Việt (Email: trantanviet@hcmut.edu.vn)
Phó Trưởng khoa: PGS. TS. Võ Đình Lệ Tâm (Email: vdlt@hcmut.edu.vn)
Phó Trưởng khoa: TS. Nguyễn Minh Kha (Email: nmkha@hcmut.edu.vn)
Bộ môn
Bộ môn Công nghệ Sinh học: 
Trưởng bộ môn: PGS. TS. Lê Thị Thủy Tiên
Email: ltttien@hcmut.edu.vn
Bộ môn Công nghệ Thực phẩm:
Trưởng bộ môn: GS. TS. Lê Văn Việt Mẫn
Email: lvvman@hcmut.edu.vn
Bộ môn Kỹ thuật Hóa vô cơ: 
Trưởng bộ môn: PGS. TS. Lê Minh Viễn
Email: lmvien@hcmut.edu.vn
Bộ môn Kỹ thuật Hóa Hữu cơ: 
Trưởng bộ môn: PGS. TS. Lê Vũ Hà
Email: lvh@hcmut.edu.vn
Bộ môn Kỹ thuật Chế biến Dầu khí:
Trưởng bộ môn: TS. Phạm Hồ Mỹ Phương
Email: phmphuong@hcmut.edu.vn
Bộ môn Kỹ thuật Hóa lý & Phân tích: 
Trưởng bộ môn: PGS. TS. Nguyễn Trường Sơn
Email: ntson@hcmut.edu.vn
Bộ môn Quá trình và Thiết bị: 
Trưởng bộ môn: TS. Bùi Ngọc Pha
Email: buingocpha@hcmut.edu.vn"
385,Làm sao biết mã ngành khoa kĩ thuật hóa trường mình,File thông tin ngành kỹ thuật hóa học,"2. NGÀNH TUYỂN SINH

3. PHƯƠNG THỨC TUYỂN SINH (DỰ KIẾN)
Xét tuyển thẳng (theo quy chế tuyển sinh của Bộ GD&ĐT), chỉ tiêu: 1% ~ 5% tổng chỉ tiêu.
Xét tuyển tổng hợp, chỉ tiêu: 95% ~ 99% tổng chỉ tiêu.
• Đối tượng 1: Trường hợp thí sinh có kết quả thi Đánh giá Năng lực ĐHQG-HCM năm 2025
• Đối tượng 2: Trường hợp thí sinh không có kết quả thi Đánh giá Năng lực ĐHQG-HCM năm 2025
• Đối tượng 3: Trường hợp thí sinh tốt nghiệp chương trình THPT nước ngoài
• Đối tượng 4: Trường hợp thí sinh dùng Chứng chỉ tuyển sinh Quốc tế
• Đối tượng 5: Trường hợp xét tuyển các thí sinh vào chương trình Chuyển tiếp Quốc tế Úc/ Mỹ/ New Zealand của Trường.
Đối tượng: 
Theo Quy chế tuyển sinh hiện hành của Bộ GD&ĐT, Đại học Quốc Gia TP.HCM và Trường Đại học Bách khoa - ĐHQG-HCM.
Ngoại trừ các thí sinh đã từng là sinh viên trường Đại học Bách khoa - ĐHQG-HCM đã bị kỷ luật buộc thôi học trong thời gian 05 năm (kể từ ngày đăng ký xét tuyển sinh năm 2025) hoặc đã bị kỷ luật buộc thôi học do thi hộ hoặc dùng các loại bằng cấp, chứng chỉ, giấy tờ giả mạo."
387,Chương trình kĩ thuật hóa trường bách khoa có gì vậy ?,"với hệ thống quản lý tiến độ học tập online, hệ thống hỗ trợ học tập \- giảng dạy online, hệ thống giáo viên chủ nhiệm tư vấn sinh viên....","Các điểm đặc biệt của ngành 1. Về nội dung chương trình: Chương trình cung cấp kiến thức nền tảng vững chắc về Kỹ thuật Hóa học giúp sinh viên: - Dễ dàng tiếp thu các kiến thức chuyên sâu (được dạy trong chương trình) như: lọc hóa dầu, hóa dược, công nghệ hóa hữu cơ, công nghệ hóa vô cơ, công nghệ điện hóa - chống ăn mòn.... - Dễ dàng tiếp cận các kiến thức về các lĩnh vực liên quan khác như: công nghệ thực phẩm, công nghệ sinh học, công nghệ vật liệu, công nghệ môi trường..... 2. Chương trình kỹ sư tài năng: là chương trình đặc biệt dành cho các sinh viên giỏi được tuyển chọn từ cuối năm thứ nhất với các hỗ trợ từ nhà trường. 3. Về đội ngũ giảng viên: Khoa Kỹ thuật Hóa học hiện có 67 giảng viên có bằng Tiến sĩ và đa số được đào tạo ở nước ngoài, trong đó có 30 Giáo sư và Phó Giáo sư. 4. Hỗ trợ sinh viên: với hệ thống quản lý tiến độ học tập online, hệ thống hỗ trợ học tập - giảng dạy online, hệ thống giáo viên chủ nhiệm tư vấn sinh viên.... 5. Về lực lượng cựu sinh viên: Kỹ sư Hóa học tốt nghiệp Trường Đại học Bách khoa từ năm 1968 đến nay đang công tác tại các công ty, tổ chức luôn đồng hành và là chỗ dựa vững chắc cho các thế hệ Kỹ sư Hóa học tiếp theo của Trường Đại học Bách khoa."
388,Dạ cho em hỏi là định hướng của ngành kĩ thuật hóa trường mình là gì ạ,Câu hỏi chung chung,"Giới thiệu
Ngành Kỹ thuật Hóa học dành cho các sinh viên yêu thích làm việc trong lĩnh vực công nghiệp hóa học, CÓ SỞ thích thiết kế các quá trình hóa học trong công nghiệp, nghiên cứu và phát triển các quá trình hóa học mới, xanh hơn, sạch hơn, tiết kiệm hơn hưởng đến ngành công nghiệp hóa học bền vững, an toàn và hiệu quả. đặc biệt trong các lĩnh vực: lọc - hóa dầu, hóa dược, mỹ phẩm, vật liệu, xử lý môi trường, năng lượng, sản xuất sản phẩm hóa học, kỹ thuật phân tích, công nghệ điện hóa - chống ăn mòn....

Chương trình bao gồm các môn cốt lõi cần thiết về Kỹ thuật Hóa học và nhiều môn lựa chọn về công nghệ chuyên ngành. Đặc biệt, từ năm 2024, hai chuyên ngành đào tạo mới bao gồm công nghệ hoá dược và công nghệ mỹ phẩm sẽ được triển khai nhằm đáp ứng nhu cầu và sự quan tâm ngày càng cao của xã hội về các lĩnh vực này. Ngoài ra, chương trình được gắn kết với chương trình đào tạo thạc sỹ/tiến sỹ ngành Kỹ thuật Hóa học tại Trường Đại học Bách khoa - ĐHQG-HCM.

Sinh viên sau khi tốt nghiệp ngành Kỹ thuật hóa học sẽ trở thành những kỹ sư có tay nghề cao, có thể phát triển, thiết kế và tính toán các giải pháp kỹ thuật về quy trình công nghệ, sản phẩm mới, nghiên cứu khoa học trong các chuyên ngành khoa học và công nghệ liên quan."
389,Cựu sinh viên khoa hóa giờ ở đâu,Xếp hạng 51-100,"Ngành Kỹ thuật Dầu khí của Khoa Kỹ thuật Địa chất Dầu khí, Trường Đại học Bách khoa - ĐHQG-HCM hiện đang xếp hạng 51-100 trên thế giới theo bảng xếp hạng của Tổ chức QS (World University Ranking by Subjects). Ngành Kỹ thuật Dầu khí của Khoa Kỹ thuật Địa chất và Dầu khí đã đạt kiểm định Quốc tế theo Tiêu chuẩn AUN-QA. Chương trình đào tạo của Ngành Kỹ thuật Dầu khí bao gồm các chủ đề: Tìm kiếm, thăm dò và khai thác các nguồn tài nguyên dầu khí Địa chất, khoan, khai thác, xử lý, lưu trữ và vận chuyển dầu khí Các nguồn tài nguyên phi truyền thống Năng lượng sạch, bảo vệ môi trường"
390,Khoa kĩ thuật hóa trường mình hỗ trợ sinh viên bằng cách nào,"- Tìm kiếm, thăm dò và khai thác các nguồn tài nguyên dầu khí  
-  Địa chất, khoan, khai thác, xử lý, lưu trữ và vận chuyển dầu khí  
- Các nguồn tài nguyên phi truyền thống  
- Năng lượng sạch, bảo vệ môi trường","Giới thiệu

 Ngành Kỹ thuật Dầu khí
Ngành Kỹ thuật Dầu khí của Khoa Kỹ thuật Địa chất Dầu khí, Trường Đại học Bách khoa - ĐHQG-HCM hiện đang xếp hạng 51-100 trên thế giới theo bảng xếp hạng của Tổ chức QS (World University Ranking by Subjects).
Ngành Kỹ thuật Dầu khí của Khoa Kỹ thuật Địa chất và Dầu khí đã đạt kiểm định Quốc tế theo Tiêu chuẩn AUN-QA.
Chương trình đào tạo của Ngành Kỹ thuật Dầu khí bao gồm các chủ đề:
Tìm kiếm, thăm dò và khai thác các nguồn tài nguyên dầu khí
 Địa chất, khoan, khai thác, xử lý, lưu trữ và vận chuyển dầu khí
Các nguồn tài nguyên phi truyền thống
Năng lượng sạch, bảo vệ môi trường

Ngành Kỹ thuật Địa chất
Ngành Kỹ thuật Địa chất bao gồm ba chuyên ngành: Địa kỹ thuật, Địa chất môi trường, Quản lý tài nguyên đất và khoáng sản.
Chuyên ngành Địa Kỹ thuật nghiên cứu cơ học đất đá, địa chất thủy văn, các phương pháp cải tạo đất nền, tính toán ổn định công trình xây dựng và thiết kế, vận hành hệ thống quan trắc. Hướng ứng dụng: khảo sát, tính toán và thiết kế nền móng công trình dân dụng, công nghiệp, đường cao tốc, công trình ngầm, khai thác mỏ, điện gió ven biển...
Chuyên ngành Địa chất môi trường áp dụng kiến thức khoa học Trái Đất để bảo vệ tài nguyên môi trường an toàn - bền vững. Các môn học cung cấp kiến thức và kỹ năng kỹ thuật môi trường, quản lý môi trường, đánh giá tác động môi trường, ứng dụng công nghệ thông tin, viễn thám trong quản lý tài nguyên và môi trường.
Chuyên ngành Quản lý đất và tài nguyên khoáng sản, bao gồm phân bố, kinh tế, tìm kiếm, đánh giá tác động môi trường và quản lý."
391,Ngành Kỹ thuật Dầu khí xếp hạng bao nhiêu theo bảng xếp hạng của Tổ chức QS?,"* Chuyên ngành Địa Kỹ thuật nghiên cứu cơ học đất đá, địa chất thủy văn, các phương pháp cải tạo đất nền, tính toán ổn định công trình xây dựng và thiết kế, vận hành hệ thống quan trắc. Hướng ứng dụng: khảo sát, tính toán và thiết kế nền móng công trình dân dụng, công nghiệp, đường cao tốc, công trình ngầm, khai thác mỏ, điện gió ven biển...  
* Chuyên ngành Địa chất môi trường áp dụng kiến thức khoa học Trái Đất để bảo vệ tài nguyên môi trường an toàn \- bền vững. Các môn học cung cấp kiến thức và kỹ năng kỹ thuật môi trường, quản lý môi trường, đánh giá tác động môi trường, ứng dụng công nghệ thông tin, viễn thám trong quản lý tài nguyên và môi trường.","Ngành Kỹ thuật Dầu khí của Khoa Kỹ thuật Địa chất Dầu khí, Trường Đại học Bách khoa - ĐHQG-HCM hiện đang xếp hạng 51-100 trên thế giới theo bảng xếp hạng của Tổ chức QS (World University Ranking by Subjects). Ngành Kỹ thuật Dầu khí của Khoa Kỹ thuật Địa chất và Dầu khí đã đạt kiểm định Quốc tế theo Tiêu chuẩn AUN-QA. Chương trình đào tạo của Ngành Kỹ thuật Dầu khí bao gồm các chủ đề: Tìm kiếm, thăm dò và khai thác các nguồn tài nguyên dầu khí Địa chất, khoan, khai thác, xử lý, lưu trữ và vận chuyển dầu khí Các nguồn tài nguyên phi truyền thống Năng lượng sạch, bảo vệ môi trường"
392,Liệt kê cho tôi các chủ đề của chương trình đào tạo của Ngành Kỹ thuật Dầu khí,"* Chương trình Tiêu chuẩn: 120  
* Chương trình Dạy và học bằng tiếng Anh: 220","Ngành Kỹ thuật Dầu khí của Khoa Kỹ thuật Địa chất Dầu khí, Trường Đại học Bách khoa - ĐHQG-HCM hiện đang xếp hạng 51-100 trên thế giới theo bảng xếp hạng của Tổ chức QS (World University Ranking by Subjects). Ngành Kỹ thuật Dầu khí của Khoa Kỹ thuật Địa chất và Dầu khí đã đạt kiểm định Quốc tế theo Tiêu chuẩn AUN-QA. Chương trình đào tạo của Ngành Kỹ thuật Dầu khí bao gồm các chủ đề: Tìm kiếm, thăm dò và khai thác các nguồn tài nguyên dầu khí Địa chất, khoan, khai thác, xử lý, lưu trữ và vận chuyển dầu khí Các nguồn tài nguyên phi truyền thống Năng lượng sạch, bảo vệ môi trường"
393,Các chuyên ngành của ngành Kỹ thuật Địa chất?,,"Ngành Kỹ thuật Địa chất bao gồm ba chuyên ngành: Địa kỹ thuật, Địa chất môi trường, Quản lý tài nguyên đất và khoáng sản. Chuyên ngành Địa Kỹ thuật nghiên cứu cơ học đất đá, địa chất thủy văn, các phương pháp cải tạo đất nền, tính toán ổn định công trình xây dựng và thiết kế, vận hành hệ thống quan trắc. Hướng ứng dụng: khảo sát, tính toán và thiết kế nền móng công trình dân dụng, công nghiệp, đường cao tốc, công trình ngầm, khai thác mỏ, điện gió ven biển... Chuyên ngành Địa chất môi trường áp dụng kiến thức khoa học Trái Đất để bảo vệ tài nguyên môi trường an toàn - bền vững. Các môn học cung cấp kiến thức và kỹ năng kỹ thuật môi trường, quản lý môi trường, đánh giá tác động môi trường, ứng dụng công nghệ thông tin, viễn thám trong quản lý tài nguyên và môi trường. Chuyên ngành Quản lý đất và tài nguyên khoáng sản, bao gồm phân bố, kinh tế, tìm kiếm, đánh giá tác động môi trường và quản lý."
394,Tính ứng dụng của ngành Kỹ thuật Địa chất?,"Nhiều nguồn học bổng khác nhau:

* Từ các hiệp hội và các doanh nghiệp: Hiệp hội Dầu khí Quốc tế (SPE-Society of Petroleum Engineers), Schlumberger, Halliburton...  
* Từ các cựu sinh viên: Quỹ Mặt trời bé con, Quỹ Cựu sinh viên K81 và các khóa khác...

Học bổng trao đổi và học bổng toàn phần Sau đại học

* Với các đại học danh tiếng tại Thái Lan, Indonesia, Singapore, Hàn Quốc, Nhật Bản, Pháp, Canada, Hoa Kỳ....","Ngành Kỹ thuật Địa chất bao gồm ba chuyên ngành: Địa kỹ thuật, Địa chất môi trường, Quản lý tài nguyên đất và khoáng sản. Chuyên ngành Địa Kỹ thuật nghiên cứu cơ học đất đá, địa chất thủy văn, các phương pháp cải tạo đất nền, tính toán ổn định công trình xây dựng và thiết kế, vận hành hệ thống quan trắc. Hướng ứng dụng: khảo sát, tính toán và thiết kế nền móng công trình dân dụng, công nghiệp, đường cao tốc, công trình ngầm, khai thác mỏ, điện gió ven biển... Chuyên ngành Địa chất môi trường áp dụng kiến thức khoa học Trái Đất để bảo vệ tài nguyên môi trường an toàn - bền vững. Các môn học cung cấp kiến thức và kỹ năng kỹ thuật môi trường, quản lý môi trường, đánh giá tác động môi trường, ứng dụng công nghệ thông tin, viễn thám trong quản lý tài nguyên và môi trường. Chuyên ngành Quản lý đất và tài nguyên khoáng sản, bao gồm phân bố, kinh tế, tìm kiếm, đánh giá tác động môi trường và quản lý. Mã ngành Chương trình Tiêu chuẩn: 120 Chương trình Dạy và học bằng tiếng Anh: 220 Các điểm đặc biệt của ngành Cơ hội trúng tuyển cao Nhiều cơ hội học bổng Nhiều cơ hội thực tập tại các doanh nghiệp địa chất và dầu khí Nhiều seminar do giảng viên hoặc chuyên gia tổ chức trong quá trình học Tham gia các hiệp hội nghề, chẳng hạn Hiệp hội Dầu khí Quốc tế (SPE-Society of Petroleum Engineers) Mạng lưới cựu sinh viên rộng khắp, có nhiều cơ hội giao lưu, nâng cao khả năng được tuyển dụng sau khi tốt nghiệp Học bổng Nhiều nguồn học bổng khác nhau: Từ các hiệp hội và các doanh nghiệp: Hiệp hội Dầu khí Quốc tế (SPE-Society of Petroleum Engineers), Schlumberger, Halliburton... Từ các cựu sinh viên: Quỹ Mặt trời bé con, Quỹ Cựu sinh viên K81 và các khóa khác... Học bổng trao đổi và học bổng toàn phần Sau đại học Với các đại học danh tiếng tại Thái Lan, Indonesia, Singapore, Hàn Quốc, Nhật Bản, Pháp, Canada, Hoa Kỳ...."
395,Tôi muốn biết mã ngành của ngành Kỹ thuật Địa chất?,"Phòng thí nghiệm địa kỹ thuật là nơi chuyên nghiên cứu và thực hiện các thí nghiệm trong phòng để đánh giá tính chất cơ lý đất và đã để cung cấp số liệu cho quá trình khảo sát, tính toán, thiết kế và xây dựng các công trình xây dựng.","8. CƠ SỞ VẬT CHẤT/ KÝ TÚC XÁ
Cơ sở Lý Thường Kiệt, Quận 10, TP.HCM, rộng 14 ha. Cơ sở Dĩ An, Khu Đô thị ĐHQG - HCM, rộng 26 ha
Ký túc xá Bách khoa, Q.10, TP.HCM với sức chứa hơn 1.800 sinh viên. Ký túc xá ĐHQG – HCM, TP. Dĩ An, tỉnh Bình Dương với sức chứa hơn 40.000 sinh viên
Nhà thi đấu thể thao đa năng, sân bóng đá ngoài trời/ trong nhà (futsal), bóng rổ, bóng chuyền, bóng bàn, tennis, pickleball,... ở cả 2 cơ sở
Hơn 164 phòng thí nghiệm, xưởng thực hành, 2 phòng thí nghiệm trọng điểm quốc gia, 5 phòng thí nghiệm trọng điểm ĐHQG-HCM, 2 trung tâm nghiên cứu và 3 viện nghiên cứu"
396,Hãy thuyết phục tôi vì sao tôi nên chọn ngành Kỹ thuật Địa Chất,"Phòng thí nghiệm Tài nguyên Trái Đất và Môi trường là nơi chuyên thực hiện các nghiên cứu và chuyển giao công nghệ liên quan đến khai thác và sử dụng tài nguyên hợp lý, tư vấn các vấn đề môi trường và phát triển bền vững, tới chế nguồn chất thải thành nguồn tài nguyên.","Phòng thí nghiệm Tài nguyên Trái Đất và Môi trường là nơi chuyên thực hiện các nghiên cứu và chuyển giao công nghệ liên quan đến khai thác và sử dụng tài nguyên hợp lý, tư vấn các vấn đề môi trường và phát triển bền vững, tới chế nguồn chất thải thành nguồn tài nguyên. Phòng thí nghiệm Mô phỏng là nơi chuyên nghiên cứu Mô hình hóa, mô phỏng địa cơ vỉa, và phương pháp số ứng dụng trong Công nghệ và kỹ thuật Dầu khí Mỏ và Địa chất; Nghiên cứu bản chất các đặc tính của đất đã, vía chứa, điều kiện hình thành và biến đổi của chúng ngay tại các mỏ và thí nghiệm trong phòng: Nghiên cứu áp dụng các công nghệ mới trong tìm kiếm, thăm dò và khai thác dầu khí và tài nguyên năng lượng và đúc rút kinh nghiệm đạt được. Nghiên cứu điều kiện hình thành và tích tụ dầu khí, khai thác hợp lý các mỏ và nghiên cứu áp dụng công nghệ mới xử lý các thông số, số liệu liên quan kết quả thăm dò và khai thác dầu khí và tài nguyên năng lượng."
397,Tôi muốn biết thêm về học bổng của Kỹ thuật Địa Chất,"Phòng thí nghiệm Mô phỏng là nơi chuyên nghiên cứu Mô hình hóa, mô phỏng địa cơ vỉa, và phương pháp số ứng dụng trong Công nghệ và kỹ thuật Dầu khí Mỏ và Địa chất; Nghiên cứu bản chất các đặc tính của đất đã, vía chứa, điều kiện hình thành và biến đổi của chúng ngay tại các mỏ và thí nghiệm trong phòng: Nghiên cứu áp dụng các công nghệ mới trong tìm kiếm, thăm dò và khai thác dầu khí và tài nguyên năng lượng và đúc rút kinh nghiệm đạt được. Nghiên cứu điều kiện hình thành và tích tụ dầu khí, khai thác hợp lý các mỏ và nghiên cứu áp dụng công nghệ mới xử lý các thông số, số liệu liên quan kết quả thăm dò và khai thác dầu khí và tài nguyên năng lượng.","Phòng thí nghiệm Mô phỏng là nơi chuyên nghiên cứu Mô hình hóa, mô phỏng địa cơ vỉa, và phương pháp số ứng dụng trong Công nghệ và kỹ thuật Dầu khí Mỏ và Địa chất; Nghiên cứu bản chất các đặc tính của đất đã, vía chứa, điều kiện hình thành và biến đổi của chúng ngay tại các mỏ và thí nghiệm trong phòng: Nghiên cứu áp dụng các công nghệ mới trong tìm kiếm, thăm dò và khai thác dầu khí và tài nguyên năng lượng và đúc rút kinh nghiệm đạt được. Nghiên cứu điều kiện hình thành và tích tụ dầu khí, khai thác hợp lý các mỏ và nghiên cứu áp dụng công nghệ mới xử lý các thông số, số liệu liên quan kết quả thăm dò và khai thác dầu khí và tài nguyên năng lượng."
398,Phòng thí nghiệm địa kỹ thuật là gì?,"FECON South, TEDI South, OKASAN Livic, Tập đoàn Than \- Khoáng sản Việt Nam, Tập đoàn Điện lực, BKTECH, Kawasaki, Menard, Keller, Hirose. Posco Yamato, Ajinomoto, Hyosung, Thái Dương Hệ, Thế Giới Kỹ Thuật. Trường Sơn. FlatGeo....","Các Phòng thí nghiệm/xưởng khác
Tính toán nâng cao (Advanced Computing Lab): phòng 301 B9
Khoa học Dữ liệu: phòng 601 C6
Địa Kỹ thuật: Nhà C2 (bên hông tòa B8)
Thạch học: 202 B8
Tài nguyên Trái Đất và Môi trường: 110 B8
PTN Bộ môn Hóa Hữu cơ: 401 - 402 B2
Cơ học Ứng dụng: 201 B4
Vật lý Đại cương: 201 B6
Kỹ thuật Hàng không: 105 C5
Kỹ thuật Tàu thủy: 109 C3
Xưởng thực tập Ô tô: C3
Xưởng Cơ khí: C1
Khu thực hành thí nghiệm của bộ môn Công nghệ nhiệt lạnh: B5
Xưởng thực tập Điện tử: C2 
Xưởng thực tập Điện tử: 116 B1 
Điện tử: 202 B3
Kỹ thuật điện: 103 B1
Phân tích Môi trường: B7
Địa cơ nền móng: 107 B6
Sức Bền Kết cấu: 108 B6
Bộ môn Vật liệu năng lượng: 203 C4
Vật liệu Silicat: 105 C4
Tự động hóa: 207B C1
Thủy lực và Giám sát tình trạng: 104B C1
An ninh mạng: 304 B9
Hóa Đại Cương: 406 B2
Công nghệ Thực phẩm: 101 - 102  B2
Bảo dưỡng công nghiệp: C1
PTN Liên ngành: Tầng hầm H3
PTN Kỹ thuật số/Vi xử lý: 303 H6
Khu thực hành thí nghiệm của bộ môn Kỹ thuật Dệt May: B11
Nghiên cứu năng lượng sóng biển VIBE: 503 B4
Kỹ thuật Dầu khí: 201 B8
Kỹ thuật Y sinh - Công nghệ Laser: 202 - 204 B4"
399,Phòng thí nghiệm Tài nguyên Trái Đất và Môi trường là gì?,"Ngành Kỹ thuật Dầu khí: PVEP, PVD, PTSC, PIDC, Biển Đông POC, Phú Quốc POC, VPI, Schlumberger, BJ, Halliburton, Geoservices, Baker Hughes, Weatherford, BP, Unocal Exxon Mobile, Vietsovpetro, JVPC, Cửu Long JOC, Hoàng Long \- Hoàn Vũ JOG,...","Các Phòng thí nghiệm/xưởng khác
Tính toán nâng cao (Advanced Computing Lab): phòng 301 B9
Khoa học Dữ liệu: phòng 601 C6
Địa Kỹ thuật: Nhà C2 (bên hông tòa B8)
Thạch học: 202 B8
Tài nguyên Trái Đất và Môi trường: 110 B8
PTN Bộ môn Hóa Hữu cơ: 401 - 402 B2
Cơ học Ứng dụng: 201 B4
Vật lý Đại cương: 201 B6
Kỹ thuật Hàng không: 105 C5
Kỹ thuật Tàu thủy: 109 C3
Xưởng thực tập Ô tô: C3
Xưởng Cơ khí: C1
Khu thực hành thí nghiệm của bộ môn Công nghệ nhiệt lạnh: B5
Xưởng thực tập Điện tử: C2 
Xưởng thực tập Điện tử: 116 B1 
Điện tử: 202 B3
Kỹ thuật điện: 103 B1
Phân tích Môi trường: B7
Địa cơ nền móng: 107 B6
Sức Bền Kết cấu: 108 B6
Bộ môn Vật liệu năng lượng: 203 C4
Vật liệu Silicat: 105 C4
Tự động hóa: 207B C1
Thủy lực và Giám sát tình trạng: 104B C1
An ninh mạng: 304 B9
Hóa Đại Cương: 406 B2
Công nghệ Thực phẩm: 101 - 102  B2
Bảo dưỡng công nghiệp: C1
PTN Liên ngành: Tầng hầm H3
PTN Kỹ thuật số/Vi xử lý: 303 H6
Khu thực hành thí nghiệm của bộ môn Kỹ thuật Dệt May: B11
Nghiên cứu năng lượng sóng biển VIBE: 503 B4
Kỹ thuật Dầu khí: 201 B8
Kỹ thuật Y sinh - Công nghệ Laser: 202 - 204 B4"
400,Phòng thí nghiệm Mô phỏng là gì?,Được,"Các Phòng thí nghiệm/xưởng khác
Tính toán nâng cao (Advanced Computing Lab): phòng 301 B9
Khoa học Dữ liệu: phòng 601 C6
Địa Kỹ thuật: Nhà C2 (bên hông tòa B8)
Thạch học: 202 B8
Tài nguyên Trái Đất và Môi trường: 110 B8
PTN Bộ môn Hóa Hữu cơ: 401 - 402 B2
Cơ học Ứng dụng: 201 B4
Vật lý Đại cương: 201 B6
Kỹ thuật Hàng không: 105 C5
Kỹ thuật Tàu thủy: 109 C3
Xưởng thực tập Ô tô: C3
Xưởng Cơ khí: C1
Khu thực hành thí nghiệm của bộ môn Công nghệ nhiệt lạnh: B5
Xưởng thực tập Điện tử: C2 
Xưởng thực tập Điện tử: 116 B1 
Điện tử: 202 B3
Kỹ thuật điện: 103 B1
Phân tích Môi trường: B7
Địa cơ nền móng: 107 B6
Sức Bền Kết cấu: 108 B6
Bộ môn Vật liệu năng lượng: 203 C4
Vật liệu Silicat: 105 C4
Tự động hóa: 207B C1
Thủy lực và Giám sát tình trạng: 104B C1
An ninh mạng: 304 B9
Hóa Đại Cương: 406 B2
Công nghệ Thực phẩm: 101 - 102  B2
Bảo dưỡng công nghiệp: C1
PTN Liên ngành: Tầng hầm H3
PTN Kỹ thuật số/Vi xử lý: 303 H6
Khu thực hành thí nghiệm của bộ môn Kỹ thuật Dệt May: B11
Nghiên cứu năng lượng sóng biển VIBE: 503 B4
Kỹ thuật Dầu khí: 201 B8
Kỹ thuật Y sinh - Công nghệ Laser: 202 - 204 B4"
401,Cơ hội hợp tác doanh nghiệp của ngành Kỹ thuật Địa chất,"* Tòa B8, Trường Đại học Bách khoa \- ĐHQG-HCM, 268 Lý Thường Kiệt, Phường 14, Quận 10, TP. Hồ Chí Minh  
* 028 38647256  
* www.facebook.com/geopet1978  
* www.geopet.hcmut.edu.vn  
* geopet.daotao@hcmut.edu.vn","11.7. THÔNG TIN LIÊN HỆ
Văn phòng PFIEV – Trường Đại học Bách khoa – ĐHQG-HCM, 268 Lý Thường Kiệt, Phường 14, Quận 10, Phòng 304 tòa B10
Số điện thoại: (028) 38 639 668
Email: pfiev@hcmut.edu.vn
Facebook: PFIEV ĐHBK Tp HCM
Youtube: PFIEV ĐHBK - TpHCM"
402,Cơ hội hợp tác doanh nghiệp của ngành Kỹ thuật Dầu Khí,là một tổ chức đánh giá chất lượng giáo dục và nghiên cứu của các trường đại học trên toàn thế giớ,"Ngành Kỹ thuật Dầu khí của Khoa Kỹ thuật Địa chất Dầu khí, Trường Đại học Bách khoa - ĐHQG-HCM hiện đang xếp hạng 51-100 trên thế giới theo bảng xếp hạng của Tổ chức QS (World University Ranking by Subjects). Ngành Kỹ thuật Dầu khí của Khoa Kỹ thuật Địa chất và Dầu khí đã đạt kiểm định Quốc tế theo Tiêu chuẩn AUN-QA. Chương trình đào tạo của Ngành Kỹ thuật Dầu khí bao gồm các chủ đề: Tìm kiếm, thăm dò và khai thác các nguồn tài nguyên dầu khí Địa chất, khoan, khai thác, xử lý, lưu trữ và vận chuyển dầu khí Các nguồn tài nguyên phi truyền thống Năng lượng sạch, bảo vệ môi trường"
403,Sinh viên tốt nghiệp ngành Kỹ thuật Địa chất có thể làm việc tại Tập đoàn Dầu khí Việt Nam được không?,http://fce.hcmut.edu.vn,"Giới thiệu

 Ngành Kỹ thuật Dầu khí
Ngành Kỹ thuật Dầu khí của Khoa Kỹ thuật Địa chất Dầu khí, Trường Đại học Bách khoa - ĐHQG-HCM hiện đang xếp hạng 51-100 trên thế giới theo bảng xếp hạng của Tổ chức QS (World University Ranking by Subjects).
Ngành Kỹ thuật Dầu khí của Khoa Kỹ thuật Địa chất và Dầu khí đã đạt kiểm định Quốc tế theo Tiêu chuẩn AUN-QA.
Chương trình đào tạo của Ngành Kỹ thuật Dầu khí bao gồm các chủ đề:
Tìm kiếm, thăm dò và khai thác các nguồn tài nguyên dầu khí
 Địa chất, khoan, khai thác, xử lý, lưu trữ và vận chuyển dầu khí
Các nguồn tài nguyên phi truyền thống
Năng lượng sạch, bảo vệ môi trường

Ngành Kỹ thuật Địa chất
Ngành Kỹ thuật Địa chất bao gồm ba chuyên ngành: Địa kỹ thuật, Địa chất môi trường, Quản lý tài nguyên đất và khoáng sản.
Chuyên ngành Địa Kỹ thuật nghiên cứu cơ học đất đá, địa chất thủy văn, các phương pháp cải tạo đất nền, tính toán ổn định công trình xây dựng và thiết kế, vận hành hệ thống quan trắc. Hướng ứng dụng: khảo sát, tính toán và thiết kế nền móng công trình dân dụng, công nghiệp, đường cao tốc, công trình ngầm, khai thác mỏ, điện gió ven biển...
Chuyên ngành Địa chất môi trường áp dụng kiến thức khoa học Trái Đất để bảo vệ tài nguyên môi trường an toàn - bền vững. Các môn học cung cấp kiến thức và kỹ năng kỹ thuật môi trường, quản lý môi trường, đánh giá tác động môi trường, ứng dụng công nghệ thông tin, viễn thám trong quản lý tài nguyên và môi trường.
Chuyên ngành Quản lý đất và tài nguyên khoáng sản, bao gồm phân bố, kinh tế, tìm kiếm, đánh giá tác động môi trường và quản lý.

Mã ngành
Chương trình Tiêu chuẩn: 120
Chương trình Dạy và học bằng tiếng Anh: 220

Các điểm đặc biệt của ngành
Cơ hội trúng tuyển cao
Nhiều cơ hội học bổng
Nhiều cơ hội thực tập tại các doanh nghiệp địa chất và dầu khí
Nhiều seminar do giảng viên hoặc chuyên gia tổ chức trong quá trình học
Tham gia các hiệp hội nghề, chẳng hạn Hiệp hội Dầu khí Quốc tế (SPE-Society of Petroleum Engineers)
Mạng lưới cựu sinh viên rộng khắp, có nhiều cơ hội giao lưu, nâng cao khả năng được tuyển dụng sau khi tốt nghiệp"
404,"Thông tin liên hệ khoa địa chất, dầu khí","Ngành có 02 chuyên ngành đào tạo là (1) Kiến trúc Dân dụng và Công nghiệp, và (2) Kiến trúc Cảnh quan (Chương trình dạy và học bằng tiếng Anh).","Giới thiệu
Mục tiêu nhằm đào tạo ra đội ngũ Cử nhân Kiến trúc Dân dụng -Công nghiệp và Cử nhân Kiến trúc Cảnh quan, có đủ nền tảng kiến thức cơ bản để thiết kế kiến trúc trong môi trường đô thị (xây dựng và tự nhiên), và không gian Kiến trúc Cảnh quan trong môi trường đô thị (xây dựng và tự nhiên), đáp ứng phát triển toàn diện: kinh tế khả thị, xã hội và môi trường bền vững, gồm:
1. Kiến thức: (i) Nhận biết mối liên hệ chặt chẽ của ngành với các ngành khác, và với kinh tế, chính trị, thông qua các môn thuộc Khối kiến thức chung, (ii) Hiểu và áp dụng được các môn thuộc Khối Kiến thức: Khoa học cơ bản, Khoa học xã hội và nhân văn, Kiến thức cơ sở ngành và chuyên ngành từ Lịch sử ngành, Hội họa, Kỹ thuật xây dựng, cho đến các Nguyên lý sáng tác. Nhằm hoàn thiện tư duy thẩm mỹ, kỹ thuật xây dựng lẫn môi trường cần thiết cho hoạt động nghề nghiệp cũng như học ở bậc cao hơn:
2. Năng lực: phát triển tư duy lý luận khoa học và khả năng sáng tạo trong các đồ án và thực hành thiết kế không gian kiến trúc và cảnh quan đô thị trải dài suốt chương trình đào tạo, để trở thành Kiến trúc sư cảnh quan đủ năng lực hoạt động nghề nghiệp:
3. Kỹ năng, thái độ: thực hành và trau dồi các số kĩ năng cá nhân, giao tiếp, làm việc nhóm, đạo đức nghề nghiệp.... để có thể làm việc trong môi trường liên ngành, đa văn hóa.

Mã ngành
Chương trình Tiêu chuẩn: 117
Chương trình Dạy và học bằng tiếng Anh Chuyên ngành Kiến trúc cảnh quan: 217

Các điểm đặc biệt của ngành
Ngành không thi tuyển môn năng khiếu vẽ. Sinh viên được chọn theo tổ hợp xét tuyển sẽ được dạy những kiến thức cơ bản về hội hoạ như các nguyên tắc về tượng, kí hoạ kiến trúc,... trong 3 học kỳ đầu của chương trình.
Ngành có 02 chuyên ngành đào tạo là (1) Kiến trúc Dân dụng và Công nghiệp, và (2) Kiến trúc Cảnh quan (Chương trình dạy và học bằng tiếng Anh). Bên cạnh cung cấp các khối kiến thức chung, cơ sở ngành và chuyên ngành, cả 02 chương trình đều tập trung đào tạo mang tính ứng dụng. Thể hiện trong các môn đồ án, các môn học có vị trí và chức năng cụ thể. Ngoài ra, sinh viên được tham gia vào các Workshop hợp tác trong nước và quốc tế về các đề tài về đô thị, di sản và công trình."
405,Tổ chức QS là gì?,"* Chương trình đa ngành: Chương trình học ngành Kinh tế Xây dựng kết hợp kiến thức kinh tế, quản lý, và kỹ thuật xây dựng.  
* Thực hành và dự án tốt nghiệp: Sinh viên được tham gia vào các dự án thực tế, từ việc thiết kế, quản lý đến thực hiện dự án, giúp họ phát triển kỹ năng thực tiễn.  
* Đa dạng về lựa chọn nghề nghiệp: Từ làm việc trong các công ty xây dựng, tư vấn đầu tư bất động sản, đến làm việc cho các tổ chức quản lý dự án công cộng hoặc tư nhân. Điều này tạo ra sự linh hoạt và tiềm năng phát triển sự nghiệp của sinh viên.  
* Tương tác với chuyên gia ngành: Chương trình thường có sự hỗ trợ từ các chuyên gia trong ngành, từ giảng viên đến các diễn giả khách mời. Từ đó sinh viên có thêm cơ hội học hỏi và mở rộng mạng lưới quan hệ nghề nghiệp của mình.","Các điểm đặc biệt của ngành Chương trình đa ngành: Chương trình học ngành Kinh tế Xây dựng kết hợp kiến thức kinh tế, quản lý, và kỹ thuật xây dựng. Thực hành và dự án tốt nghiệp: Sinh viên được tham gia vào các dự án thực tế, từ việc thiết kế, quản lý đến thực hiện dự án, giúp họ phát triển kỹ năng thực tiễn. Đa dạng về lựa chọn nghề nghiệp: Từ làm việc trong các công ty xây dựng, tư vấn đầu tư bất động sản, đến làm việc cho các tổ chức quản lý dự án công cộng hoặc tư nhân. Điều này tạo ra sự linh hoạt và tiềm năng phát triển sự nghiệp của sinh viên. Tương tác với chuyên gia ngành: Chương trình thường có sự hỗ trợ từ các chuyên gia trong ngành, từ giảng viên đến các diễn giả khách mời. Từ đó sinh viên có thêm cơ hội học hỏi và mở rộng mạng lưới quan hệ nghề nghiệp của mình."
406,Tôi có thể truy cập vào trang web của khoa Kỹ thuật Xây dựng bằng cách nào?,"Tiêu chuẩn: 115, Dạy và học bằng tiếng Anh: 215","Giới thiệu
Trong nền kinh tế, ngành Kỹ thuật Xây dựng Công trình Giao thông là một phần quan trọng. Các công trình giao thông như cầu đường bộ, đường sắt, đường hầm và sân bay ngày càng cần thiết khi xã hội phát triển.
Ngành Kỹ thuật Xây dựng Công trình Giao thông, dưới sự quản lý của bộ môn Cầu Đường, được khởi lập rất sớm khi còn ở trường Cao đẳng Công Chánh và sau này thành trường Đại học Bách khoa - ĐHQG-HCM năm 1976. Bộ môn Cầu Đường đã có phòng thí nghiệm được tài trợ bởi cơ quan UNESCO ngay từ khi thành lập. Nhiều thế hệ kỹ sư cầu đường đã trưởng thành trong nghề và đã đóng góp đáng kể vào việc xây dựng hệ thống giao thông của cả nước, đặc biệt là ở khu vực phía Nam như cầu Mỹ Thuận 2, cầu Ba Son, tuyến metro số 1 và các tuyến đường trọng yếu các tỉnh cũng như các đường thuộc các khu công nghiệp từ Tây Ninh đến Bình Dương, Long An, Đồng Nai... Chương trình đào tạo có lịch sử lâu đời có sự kế thừa cao và được phát triển tiếp cận theo các kỹ thuật, tiêu chuẩn và công nghệ mới của ngành Kỹ thuật Xây dựng Công trình Giao thông thông qua thực tập ở các doanh nghiệp, cơ quan nhà nước lớn.
Sinh viên được đào tạo các kiến thức xã hội chuyên ngành cơ sở về xây dựng và kiến thức chuyên môn ngành giao thông để có thể vận dụng sáng tạo và hiệu quả vào quá trình phân tích tình hình thiết kế thực tế, đề xuất các giải pháp kết cấu, công nghệ và giải quyết những vấn đề trong xây dựng công trình giao thông hay hệ thống giao thông (kẹt xe, hệ thống giao thông thông minh. tổ chức giao thông trong các khu đô thị mới....). Chuyên môn ngành được đảm bảo từ 12 giảng viên cơ hữu gồm 05 phó giáo sư, 05 tiến sĩ. 02 thạc sĩ đều được đào tạo sau đại học từ nước ngoài kết hợp với các cựu sinh viên đang làm việc trong doanh nghiệp, cơ quan nhà nước

Mã ngành
Chương trình Tiêu chuẩn: 115
Chương trình Dạy và học bằng tiếng anh: 215"
407,Ngành Kiến trúc của HCMUT có bao nhiêu chuyên ngành vậy? Liệt kê,Chương trình đào tạo theo hệ Đại học Chính quy với tổng cộng 163 tín chỉ được thiết kế trải dài trong 5 năm học. Sinh viên khi tốt nghiệp sẽ được nhận bằng kỹ sư Chất lượng cao Việt \- Pháp do Trường Đại học Bách khoa \- ĐHQG-HCM cấp và Phụ lục bằng đồng ký giữa Trường Đại học Bách khoa \-ĐHQG-HCM và trường Đại học đối tác ở Pháp.,"Giới thiệu
Mục tiêu nhằm đào tạo ra đội ngũ Cử nhân Kiến trúc Dân dụng -Công nghiệp và Cử nhân Kiến trúc Cảnh quan, có đủ nền tảng kiến thức cơ bản để thiết kế kiến trúc trong môi trường đô thị (xây dựng và tự nhiên), và không gian Kiến trúc Cảnh quan trong môi trường đô thị (xây dựng và tự nhiên), đáp ứng phát triển toàn diện: kinh tế khả thị, xã hội và môi trường bền vững, gồm:
1. Kiến thức: (i) Nhận biết mối liên hệ chặt chẽ của ngành với các ngành khác, và với kinh tế, chính trị, thông qua các môn thuộc Khối kiến thức chung, (ii) Hiểu và áp dụng được các môn thuộc Khối Kiến thức: Khoa học cơ bản, Khoa học xã hội và nhân văn, Kiến thức cơ sở ngành và chuyên ngành từ Lịch sử ngành, Hội họa, Kỹ thuật xây dựng, cho đến các Nguyên lý sáng tác. Nhằm hoàn thiện tư duy thẩm mỹ, kỹ thuật xây dựng lẫn môi trường cần thiết cho hoạt động nghề nghiệp cũng như học ở bậc cao hơn:
2. Năng lực: phát triển tư duy lý luận khoa học và khả năng sáng tạo trong các đồ án và thực hành thiết kế không gian kiến trúc và cảnh quan đô thị trải dài suốt chương trình đào tạo, để trở thành Kiến trúc sư cảnh quan đủ năng lực hoạt động nghề nghiệp:
3. Kỹ năng, thái độ: thực hành và trau dồi các số kĩ năng cá nhân, giao tiếp, làm việc nhóm, đạo đức nghề nghiệp.... để có thể làm việc trong môi trường liên ngành, đa văn hóa.

Mã ngành
Chương trình Tiêu chuẩn: 117
Chương trình Dạy và học bằng tiếng Anh Chuyên ngành Kiến trúc cảnh quan: 217

Các điểm đặc biệt của ngành
Ngành không thi tuyển môn năng khiếu vẽ. Sinh viên được chọn theo tổ hợp xét tuyển sẽ được dạy những kiến thức cơ bản về hội hoạ như các nguyên tắc về tượng, kí hoạ kiến trúc,... trong 3 học kỳ đầu của chương trình.
Ngành có 02 chuyên ngành đào tạo là (1) Kiến trúc Dân dụng và Công nghiệp, và (2) Kiến trúc Cảnh quan (Chương trình dạy và học bằng tiếng Anh). Bên cạnh cung cấp các khối kiến thức chung, cơ sở ngành và chuyên ngành, cả 02 chương trình đều tập trung đào tạo mang tính ứng dụng. Thể hiện trong các môn đồ án, các môn học có vị trí và chức năng cụ thể. Ngoài ra, sinh viên được tham gia vào các Workshop hợp tác trong nước và quốc tế về các đề tài về đô thị, di sản và công trình."
409,"Mã ngành Ngành Kỹ thuật Xây dựng ở Chương trình tiêu chuẩn
và Chương trình Dạy và học bằng tiếng Anh lần lượt là gì?","Nhu cầu tuyển dụng việc làm cho kỹ sư ngành Công nghệ Kỹ thuật Vật liệu Xây dựng hằng năm khoảng 100 người dựa theo thông báo tuyển dụng trực tiếp gửi về Khoa Kỹ thuật Xây dựng và Bộ môn Vật liệu Xây dựng. Theo thống kê, sau khi tốt nghiệp, 100% kỹ sư ngành có việc làm trong các tập đoàn, doanh nghiệp, nhà máy sản xuất và khai thác nguyên vật liệu cung cấp cho các ngành xây dựng (nhà máy xi măng Hà Tiên, nhà máy Nghi Sơn, công ty bê tông ly tâm Thủ Đức,....), các trung tâm, viện nghiên cứu và kiểm định về vật liệu, các cơ quan như Sở Xây Dựng, Sở Khoa học Công nghệ ở các tỉnh thành, các Phòng, Ban quản lý đô thị, dự án xây dựng của quận, huyện, các công ty có chức năng tư vấn giám sát, kiểm định chất lượng công trình....","Giới thiệu

Ngành Kỹ thuật Xây dựng thuộc nhóm ngành Xây dựng với chương trình đào tạo cử nhân xây dựng có năng lực chuyên môn từ cơ bản đến chuyên sâu về ngành Xây dựng, có phẩm chất chính trị, đạo đức và sức khỏe tốt, đáp ứng nhu cầu lao động có trình độ kỹ thuật cao của đất nước. Sinh viên ngành Kỹ thuật Xây dựng có thể vận dụng sáng tạo và hiệu quả vào quá trình phân tích tình hình thiết kế thực tế, đề xuất các giải pháp kết cấu, công nghệ và giải quyết những vấn đề kỹ thuật trong hoạt động thực tiễn. Bên cạnh các kiến thức chuyên môn, sinh viên còn được trang bị các kỹ năng mềm khác trong quá trình học để đáp ứng nhu cầu công việc hiện tại, giải quyết những vấn đề trong xây dựng công trình giao thông hay hệ thống giao thông (kẹt xe, hệ thống giao thông thông minh, tổ chức giao thông trong các khu đô thị mới,...). Chuyên môn ngành được đảm bảo từ 12 giảng viên cơ hữu gồm 05 phó giáo sư, 05 tiến sĩ, 02 thạc sĩ đều được đào tạo sau đại học từ nước ngoài kết hợp với các cựu sinh viên đang làm việc trong doanh nghiệp, cơ quan nhà nước.

Mã ngành Chương trình Tiêu chuẩn: 115 Chương trình Dạy và học bằng tiếng Anh: 215"
410,"Nếu tôi đăng ký Chương trình Kỹ sư Chất lượng cao Việt - Pháp (PFIEV) ngành
 Xây dựng Dân dụng - Công nghiệp và Hiệu quả Năng lượng hệ Đại học Chính quy
 thì tôi phải học trong bao lâu?","Ngành không thi tuyển môn năng khiếu vẽ. Sinh viên được chọn theo tổ hợp xét tuyển sẽ được dạy những kiến thức cơ bản về hội hoạ như các nguyên tắc về tượng, kí hoạ kiến trúc,... trong 3 học kỳ đầu của chương trình.","Giới thiệu
Chương trình Kỹ sư Chất lượng cao Việt - Pháp (PFIEV) ngành Xây dựng Dân dụng - Công nghiệp và Hiệu quả Năng lượng (Génie Civil - Bâtiment et Efficacité énergétique) ra đời từ năm 2000, liên kết với Trường INSA de Lyon và Trường Ponts ParisTech.
Chương trình PFIEV đã được kiểm định và công nhận bởi:
Ủy ban văn bằng kỹ sư Pháp (Commission des Titres d'Ingénieur-CTI)
Cơ quan kiểm định các chương trình đào tạo kỹ sư Châu Âu (European Network for Accreditation of Engineering Education ENAEE) công nhận thương hiệu chất lượng Châu Âu EUR-ACE Master.
Bộ Giáo dục & Đào tạo xác nhận văn bằng của chương trình PFIEV tương đương trình độ Thạc sĩ trong việc xét tuyển học tiếp lên trình độ cao hơn theo đúng ngành đào tạo.
Chương trình đào tạo cung cấp cho người học các kiến thức và kỹ thuật ngành Xây dựng nói chung và đi sâu vào chuyên ngành Công trình Dân dụng theo tiêu chuẩn của Việt Nam và Châu Âu đặc biệt hướng tới việc sử dụng hợp lý năng lượng để các công trình thân thiện với môi trường, thỏa điều kiện công trình xanh.
Chương trình đào tạo theo hệ Đại học Chính quy với tổng cộng 163 tín chỉ được thiết kế trải dài trong 5 năm học. Sinh viên khi tốt nghiệp sẽ được nhận bằng kỹ sư Chất lượng cao Việt - Pháp do Trường Đại học Bách khoa - ĐHQG-HCM cấp và Phụ lục bằng đồng ký giữa Trường Đại học Bách khoa -ĐHQG-HCM và trường Đại học đối tác ở Pháp."
411,Giới thiệu về phòng thí nghiệm Vật liệu Xây dựng,Phần giới thiệu trong file thông tin ngành kĩ thuật và quản lý nước đô thị,"Giới thiệu
Chương trình đào tạo Kỹ sư Chất lượng cao tại Việt Nam (PFIEV) Ngành Kỹ thuật và Quản lý Nước đô thị ra đời từ năm 2019, liên kết với Trường Đại học Bách Khoa Quốc Gia Grenoble, Pháp (Institut National Polytechnique de Grenoble).
Chương trình đào tạo ngành Kỹ thuật và Quản lý Nước đô thị được tích hợp kiến thức về kết cấu công trình xây dựng, hạ tầng môi trường nước đô thị, xử lý nước thải và nước cấp, hệ thống cấp thoát nước cho đô thị và nhà cao tầng, có khả năng đưa ra các giải pháp để xử lý các vấn đề hiện tại về cơ sở hạ tầng đô thị và môi trường nước đô thị cũng như giải pháp tổng thể ban đầu về quy hoạch để có được những đô thị sạch ngay từ trong thiết kế.
Nhu cầu đào tạo và nghiên cứu về ngành Kỹ thuật và Quản lý Nước đô thị nhằm kiểm soát và giảm thiểu ô nhiễm môi trường, ngập lụt đô thị ngày càng tăng nhanh cùng với sự phát triển kinh tế, đô thị hóa và công nghiệp hóa. Chương trình đào tạo Kỹ thuật và Quản lý Nước đô thị hoàn toàn phù hợp với nhu cầu về phát triển kinh tế xã hội ở Việt Nam trong tình hình hiện nay cũng như trong tương lai. Diện đầu tư phát triển cho lĩnh vực Kỹ thuật và Quản lý Nước đô thị không chỉ tập trung vào các đô thị lớn mà ngày càng được quan tâm nhiều hơn ở các đô thị vừa và nhỏ, tập trung vào các đô thị vùng duyên hải miền Trung, Tây nguyên, đồng bằng sông Cửu Long... Lĩnh vực được chú ý ưu tiên là xây dựng các công trình nhằm mục đích cấp nước sạch, thoát nước, kiểm soát ngập lụt đô thị và vệ sinh môi trường."
412,"Các kỹ sư ngành Công nghệ Kỹ thuật Vật liệu Xây dựng được đào tạo tại
trường Đại học Bách Khoa- ĐHQG TP.HCM có triển vọng nghề nghiệp thế nào?","* Cán bộ tư vấn thiết kế, tư vấn giám sát, giám sát công trình, quản lý dự án tại các công ty xây dựng nói chung, hoặc các công ty chuyên ngành Xây dựng Cảng \- Công trình Biển, công trình dầu khí, công trình giao thông (Công ty Cổ phần Tư vấn Thiết kế Cảng \- Kỹ thuật biển (Portcoast), Công ty Khang Đức, Công ty Cổ phần Tư vấn Xây dựng Công trình Hàng hải (CMB), Công ty Royal HaskoningDHV (Hà Lan) chi nhánh tại Việt Nam)  
* Cán bộ kỹ thuật, cán bộ quản lý tại các sở, ban ngành xây dựng, giao thông thuỷ lợi, nông nghiệp, ban quản lý các cảng, ban quản lý các dự án đường thuỷ, ban quản lý các chương trình tôn tạo, bảo vệ bờ biển, hải đảo, các chương trình ứng phó biến đổi khí hậu, nước biển dâng,  
* Cán bộ nghiên cứu ở các viện nghiên cứu (Viện Khoa học Thuỷ lợi miền Nam)  
* Cán bộ giảng dạy tại các trường Đại học có liên quan đến ngành Kỹ thuật Xây dựng Công trình Biển.","Cơ hội việc làm
Nhu cầu nhân lực trong ngành Kỹ thuật Xây dựng Công trình Biển của các công ty trong và ngoài nước là rất lớn. Ngay khi còn đi học, nhiều sinh viên đã xin được thực tập tại các công ty trong nước cũng như công ty có vốn đầu tư nước ngoài và sau khi nhận bằng Tốt nghiệp đã chuyển sang làm việc chính thức tại các công ty đó.

Các vị trí công việc sinh viên ra trường có thể đảm nhận bao gồm:
Căn bộ tư vấn thiết kế, tư vấn giám sát, giám sát công trình, quản lý dự án tại các công ty xây dựng nói chung, hoặc các công ty chuyên ngành Xây dựng Cảng - Công trình Biển, công trình dầu khí, công trình giao thông (Công ty Cổ phần Tư vấn Thiết kế Cảng - Kỹ thuật biển (Portcoast), Công ty Khang Đức, Công ty Cổ phần Tư vấn Xây dựng Công trình Hàng hải (CMB), Công ty Royal HaskoningDHV (Hà Lan) chi nhánh tại Việt Nam)
Cán bộ kỹ thuật, cán bộ quản lý tại các sở, ban ngành xây dựng, giao thông thuỷ lợi, nông nghiệp, ban quản lý các cảng, ban quản lý các dự án đường thuỷ, ban quản lý các chương trình tôn tạo, bảo vệ bờ biển, hải đảo, các chương trình ứng phó biến đổi khí hậu, nước biển dâng,
Cán bộ nghiên cứu ở các viện nghiên cứu (Viện Khoa học Thuỷ lợi miền Nam)
Cán bộ giảng dạy tại các trường Đại học có liên quan đến ngành Kỹ thuật Xây dựng Công trình Biển."
413,"Tôi vẽ không đẹp nhưng muốn học ngành Kiến trúc. Cho hỏi có thi tuyển môn năng khiếu 
vẽ không?","Thí sinh trúng tuyển vào Trường Đại học Bách khoa \- ĐHQG-HCM (không phân biệt ngành trúng tuyển và phương thức xét tuyển). Sau đó, thí sinh đăng ký thông tin và nguyện vọng tại mục ""Đăng ký học CT Việt \- Pháp ở cổng thông tin của trường Đại học Bách khoa ĐHQG-HCM mybk.hcmut.edu.vn/tuyensinh/login","Giới thiệu
Mục tiêu nhằm đào tạo ra đội ngũ Cử nhân Kiến trúc Dân dụng -Công nghiệp và Cử nhân Kiến trúc Cảnh quan, có đủ nền tảng kiến thức cơ bản để thiết kế kiến trúc trong môi trường đô thị (xây dựng và tự nhiên), và không gian Kiến trúc Cảnh quan trong môi trường đô thị (xây dựng và tự nhiên), đáp ứng phát triển toàn diện: kinh tế khả thị, xã hội và môi trường bền vững, gồm:
1. Kiến thức: (i) Nhận biết mối liên hệ chặt chẽ của ngành với các ngành khác, và với kinh tế, chính trị, thông qua các môn thuộc Khối kiến thức chung, (ii) Hiểu và áp dụng được các môn thuộc Khối Kiến thức: Khoa học cơ bản, Khoa học xã hội và nhân văn, Kiến thức cơ sở ngành và chuyên ngành từ Lịch sử ngành, Hội họa, Kỹ thuật xây dựng, cho đến các Nguyên lý sáng tác. Nhằm hoàn thiện tư duy thẩm mỹ, kỹ thuật xây dựng lẫn môi trường cần thiết cho hoạt động nghề nghiệp cũng như học ở bậc cao hơn:
2. Năng lực: phát triển tư duy lý luận khoa học và khả năng sáng tạo trong các đồ án và thực hành thiết kế không gian kiến trúc và cảnh quan đô thị trải dài suốt chương trình đào tạo, để trở thành Kiến trúc sư cảnh quan đủ năng lực hoạt động nghề nghiệp:
3. Kỹ năng, thái độ: thực hành và trau dồi các số kĩ năng cá nhân, giao tiếp, làm việc nhóm, đạo đức nghề nghiệp.... để có thể làm việc trong môi trường liên ngành, đa văn hóa.

Mã ngành
Chương trình Tiêu chuẩn: 117
Chương trình Dạy và học bằng tiếng Anh Chuyên ngành Kiến trúc cảnh quan: 217

Các điểm đặc biệt của ngành
Ngành không thi tuyển môn năng khiếu vẽ. Sinh viên được chọn theo tổ hợp xét tuyển sẽ được dạy những kiến thức cơ bản về hội hoạ như các nguyên tắc về tượng, kí hoạ kiến trúc,... trong 3 học kỳ đầu của chương trình.
Ngành có 02 chuyên ngành đào tạo là (1) Kiến trúc Dân dụng và Công nghiệp, và (2) Kiến trúc Cảnh quan (Chương trình dạy và học bằng tiếng Anh). Bên cạnh cung cấp các khối kiến thức chung, cơ sở ngành và chuyên ngành, cả 02 chương trình đều tập trung đào tạo mang tính ứng dụng. Thể hiện trong các môn đồ án, các môn học có vị trí và chức năng cụ thể. Ngoài ra, sinh viên được tham gia vào các Workshop hợp tác trong nước và quốc tế về các đề tài về đô thị, di sản và công trình."
414,Cho tôi tiểu sử về Ngành Kỹ thuật và Quản lý Nước đô thị (PFIEV),"TS. Võ Thị Tuyết Giang
090 270 4323 (Zalo)","Giới thiệu
Chương trình đào tạo Kỹ sư Chất lượng cao tại Việt Nam (PFIEV) Ngành Kỹ thuật và Quản lý Nước đô thị ra đời từ năm 2019, liên kết với Trường Đại học Bách Khoa Quốc Gia Grenoble, Pháp (Institut National Polytechnique de Grenoble).
Chương trình đào tạo ngành Kỹ thuật và Quản lý Nước đô thị được tích hợp kiến thức về kết cấu công trình xây dựng, hạ tầng môi trường nước đô thị, xử lý nước thải và nước cấp, hệ thống cấp thoát nước cho đô thị và nhà cao tầng, có khả năng đưa ra các giải pháp để xử lý các vấn đề hiện tại về cơ sở hạ tầng đô thị và môi trường nước đô thị cũng như giải pháp tổng thể ban đầu về quy hoạch để có được những đô thị sạch ngay từ trong thiết kế.
Nhu cầu đào tạo và nghiên cứu về ngành Kỹ thuật và Quản lý Nước đô thị nhằm kiểm soát và giảm thiểu ô nhiễm môi trường, ngập lụt đô thị ngày càng tăng nhanh cùng với sự phát triển kinh tế, đô thị hóa và công nghiệp hóa. Chương trình đào tạo Kỹ thuật và Quản lý Nước đô thị hoàn toàn phù hợp với nhu cầu về phát triển kinh tế xã hội ở Việt Nam trong tình hình hiện nay cũng như trong tương lai. Diện đầu tư phát triển cho lĩnh vực Kỹ thuật và Quản lý Nước đô thị không chỉ tập trung vào các đô thị lớn mà ngày càng được quan tâm nhiều hơn ở các đô thị vừa và nhỏ, tập trung vào các đô thị vùng duyên hải miền Trung, Tây nguyên, đồng bằng sông Cửu Long... Lĩnh vực được chú ý ưu tiên là xây dựng các công trình nhằm mục đích cấp nước sạch, thoát nước, kiểm soát ngập lụt đô thị và vệ sinh môi trường.

Các điểm đặc biệt của ngành
Ngành học sẽ cung cấp những kiến thức về kết cấu công trình cơ sở hạ tầng môi trường nước đô thị, về xử lý nước, và đặc biệt là về thiết kế, xây dựng và quản lý các công trình cơ sở hạ tầng, các công trình bảo vệ tài nguyên nước, đánh giá và bảo vệ trước rủi ro lũ lụt, rủi ro ô nhiễm nguồn nước."
415,"Nếu tôi học ngành Kỹ thuật Xây dựng Công trình Biển thì sau khi ra trường có thể làm các 
công việc gì?","Bên cạnh các môn học chung và môn học của cơ sở ngành xây dựng, chương trình học của ngành bao gồm môn: Quy hoạch Hạ tầng Đô thị Cấp thoát nước và các môn học chuyên ngành như Kỹ thuật Hạ tầng Đô thị, Thủy văn Đô thị, Thi công Công trình Hạ tầng Kỹ thuật, Công trình Cấp thoát nước và Trạm bơm, Hạ tầng ngầm.","Ngành Kỹ thuật Cơ sở Hạ tầng thuộc nhóm ngành xây dựng với chương trình đào tạo cử nhân, kỹ sư có năng lực chuyên môn cơ bản về xây dựng và chuyên sâu về ngành Kỹ thuật Cơ sở Hạ tầng: có phẩm chất chính trị, đạo đức và sức khỏe tốt; đáp ứng nhu cầu lao động có trình độ kỹ thuật cao của đất nước.

Sau khi tốt nghiệp, người học sẽ:
Có kiến thức cơ bản về toán học, khoa học tự nhiên: đáp ứng cho việc tiếp thu các kiến thức giáo dục chuyên nghiệp và khả năng học tập ở trình độ cao hơn:
Có các kiến thức kỹ thuật cơ sở ngành và chuyên ngành năng lực phát hiện, giải quyết các vấn đề liên quan đến: quản lý dự án, lập dự án đầu tư, tư vấn thiết kế, vận hành và khai thác các hệ thống kỹ thuật hạ tầng cơ sở (hệ thống giao thông, cấp thoát nước, chiếu sáng, hạ tầng ngầm, xử lý nước cấp và nước thải) của các khu đô thị hiện đại... nhằm hướng tới sự phát triển bền vững trong công nghiệp xây dựng và kiến trúc, thiết kế và thi công trong các công trình xây dựng; có tính sáng tạo trong hoạt động nghề nghiệp, có khả năng tự học và tự nghiên cứu:
Có kỹ năng cá nhân, nghề nghiệp, giao tiếp, làm việc nhóm đủ để làm việc trong môi trường làm việc liên ngành, đa văn hóa;
Có hiểu biết về kinh tế, chính trị, có các kiến thức cơ bản trong lĩnh vực khoa học xã hội và nhân văn phù hợp với chuyên ngành được đào tạo để đóng góp hữu hiệu vào sự phát triển bền vững của xã hội, cộng đồng.

Các điểm đặc biệt của ngành
Bên cạnh các môn học chung và môn học của cơ sở ngành xây dựng, chương trình học của ngành bao gồm môn: Quy hoạch Hạ tầng Đô thị Cấp thoát nước và các môn học chuyên ngành như Kỹ thuật Hạ tầng Đô thị, Thủy văn Đô thị, Thi công Công trình Hạ tầng Kỹ thuật, Công trình Cấp thoát nước và Trạm bơm, Hạ tầng ngầm."
416,"Tôi có thể đăng ký xét tuyển Chương trình Kỹ sư Chất lượng cao
 Việt - Pháp (PFIEV) ngành Xây dựng Dân dụng - Công nghiệp và Hiệu quả Năng lượng bằng
cách nào?","Khoa Kỹ thuật Xây dựng luôn duy trì mở rộng và phát triển hợp tác với nhiều giáo sư, trường đại học và viện nghiên cứu trên thế giới để thúc đẩy các chương trình học bổng trao đổi (như chương trình trao đổi Peace hằng năm với Đại học Hiroshima, Nhật Bản), và học bổng toàn phần sau đại học ở các quốc gia như Mỹ, Anh, Châu Âu, Canada, Nhật, Hàn.... cho sinh viên chuyên ngành nói riêng và ngành Kỹ thuật Xây dựng nói chung.","Cách đăng ký vào chương trình PFIEV Theo thông báo tuyển sinh từ trường khi thực hiện thủ tục đăng ký nhập học. Sinh viên trúng tuyển vào trường Đại học Bách khoa -ĐHQG TP. HCM (không phân biệt chuyên ngành) Sinh viên cần đạt điểm trúng tuyển của các chuyên ngành đào tạo để đủ điều kiện ứng tuyển vào chương trình Kỹ sư Chất lượng cao Việt Pháp. Đối tượng xét tuyển: SV trúng tuyển theo các phương thức xét tuyển của trường. Ưu điểm | Cơ hội cho sinh viên Học tại Cơ sở Lý Thường Kiệt Học phí như Chương trình Tiêu chuẩn Ưu tiên xét Ký túc xá Sinh viên học 2 ngoại ngữ Anh và Pháp Có cơ hội học 2 năm tại Pháp hoặc thực tập tốt nghiệp tại Pháp 6 tháng với học bổng vùng, học bổng EIFFEL, học bổng ERASMUS.... SV xuất sắc có cơ hội thì đậu trường Đại học Bách khoa Ecole Polytechnique - Palaiseau Paris (học 3 năm)"
417,"Ai là Trưởng chuyên ngành Xây dựng dân dụng - Công nghiệp và Hiệu quả Năng lượng? 
Làm cách nào để tôi liên lạc với thầy/cô đó?","Sinh viên có cơ hội làm việc trong các cơ quan nhà nước như Sở Giao thông, Sở Xây dựng, Ban Quản lý Xây dựng các cấp v.v.","Giới thiệu
Chương trình Kỹ sư Chất lượng cao Việt - Pháp (PFIEV) ngành Xây dựng Dân dụng - Công nghiệp và Hiệu quả Năng lượng (Génie Civil - Bâtiment et Efficacité énergétique) ra đời từ năm 2000, liên kết với Trường INSA de Lyon và Trường Ponts ParisTech.
Chương trình PFIEV đã được kiểm định và công nhận bởi:
Ủy ban văn bằng kỹ sư Pháp (Commission des Titres d'Ingénieur-CTI)
Cơ quan kiểm định các chương trình đào tạo kỹ sư Châu Âu (European Network for Accreditation of Engineering Education ENAEE) công nhận thương hiệu chất lượng Châu Âu EUR-ACE Master.
Bộ Giáo dục & Đào tạo xác nhận văn bằng của chương trình PFIEV tương đương trình độ Thạc sĩ trong việc xét tuyển học tiếp lên trình độ cao hơn theo đúng ngành đào tạo.
Chương trình đào tạo cung cấp cho người học các kiến thức và kỹ thuật ngành Xây dựng nói chung và đi sâu vào chuyên ngành Công trình Dân dụng theo tiêu chuẩn của Việt Nam và Châu Âu đặc biệt hướng tới việc sử dụng hợp lý năng lượng để các công trình thân thiện với môi trường, thỏa điều kiện công trình xanh.
Chương trình đào tạo theo hệ Đại học Chính quy với tổng cộng 163 tín chỉ được thiết kế trải dài trong 5 năm học. Sinh viên khi tốt nghiệp sẽ được nhận bằng kỹ sư Chất lượng cao Việt - Pháp do Trường Đại học Bách khoa - ĐHQG-HCM cấp và Phụ lục bằng đồng ký giữa Trường Đại học Bách khoa -ĐHQG-HCM và trường Đại học đối tác ở Pháp.

Cách đăng ký xét tuyển
Thí sinh trúng tuyển vào Trường Đại học Bách khoa - ĐHQG-HCM (không phân biệt ngành trúng tuyển và phương thức xét tuyển). Sau đó, thí sinh đăng ký thông tin và nguyện vọng tại mục ""Đăng ký học CT Việt - Pháp ở cổng thông tin của trường Đại học Bách khoa ĐHQG-HCM mybk.hcmut.edu.vn/tuyensinh/login

Các điểm đặc biệt của ngành
Chương trình đào tạo Kỹ sư chuyên ngành Xây dựng Dân dụng - Công nghiệp và Hiệu quả Năng lượng đáp ứng yêu cầu về các khối kiến thức chung của Trường Đại học Bách khoa, bao gồm:
Khối kiến thức Toán và Khoa học Tự nhiên.
Khối kiến thức Giáo dục chung
khối kiến thức ngành và cơ sở ngành, trong đó bao gồm kiến thức về: Kỹ thuật Xây dựng, Công trình xanh. Hiệu quả Năng lượng. Thiết kế Kỹ thuật, Luận văn tốt nghiệp, thực tập, đồ án."
418,Chương trình học của Ngành Kỹ thuật Cơ sở Hạ tầng bao gồm các môn nào?,"Tiêu chuẩn: 145, Dạy và học bằng tiếng Anh: 245","Giới thiệu

Ngành Kỹ thuật Cơ sở Hạ tầng thuộc nhóm ngành xây dựng với chương trình đào tạo cử nhân, kỹ sư có năng lực chuyên môn cơ bản về xây dựng và chuyên sâu về ngành Kỹ thuật Cơ sở Hạ tầng: có phẩm chất chính trị, đạo đức và sức khỏe tốt; đáp ứng nhu cầu lao động có trình độ kỹ thuật cao của đất nước.

Sau khi tốt nghiệp, người học sẽ:
Có kiến thức cơ bản về toán học, khoa học tự nhiên: đáp ứng cho việc tiếp thu các kiến thức giáo dục chuyên nghiệp và khả năng học tập ở trình độ cao hơn:
Có các kiến thức kỹ thuật cơ sở ngành và chuyên ngành năng lực phát hiện, giải quyết các vấn đề liên quan đến: quản lý dự án, lập dự án đầu tư, tư vấn thiết kế, vận hành và khai thác các hệ thống kỹ thuật hạ tầng cơ sở (hệ thống giao thông, cấp thoát nước, chiếu sáng, hạ tầng ngầm, xử lý nước cấp và nước thải) của các khu đô thị hiện đại... nhằm hướng tới sự phát triển bền vững trong công nghiệp xây dựng và kiến trúc, thiết kế và thi công trong các công trình xây dựng; có tính sáng tạo trong hoạt động nghề nghiệp, có khả năng tự học và tự nghiên cứu:
Có kỹ năng cá nhân, nghề nghiệp, giao tiếp, làm việc nhóm đủ để làm việc trong môi trường làm việc liên ngành, đa văn hóa;
Có hiểu biết về kinh tế, chính trị, có các kiến thức cơ bản trong lĩnh vực khoa học xã hội và nhân văn phù hợp với chuyên ngành được đào tạo để đóng góp hữu hiệu vào sự phát triển bền vững của xã hội, cộng đồng.

Các điểm đặc biệt của ngành
Bên cạnh các môn học chung và môn học của cơ sở ngành xây dựng, chương trình học của ngành bao gồm môn: Quy hoạch Hạ tầng Đô thị Cấp thoát nước và các môn học chuyên ngành như Kỹ thuật Hạ tầng Đô thị, Thủy văn Đô thị, Thi công Công trình Hạ tầng Kỹ thuật, Công trình Cấp thoát nước và Trạm bơm, Hạ tầng ngầm. Thông qua các môn học chuyên ngành này, người học có khả năng:
Lập dự án đầu tư, thiết kế cơ sở và bản vẽ thi công các hạng mục san nền, giao thông, cấp thoát nước, công trình hạ tầng của một khu dân cư và khu công nghiệp:
Quản lý và vận hành hệ thống hạ tầng kỹ thuật của một khu dân cư và cụm khu công nghiệp:
Tư vấn thiết kế, quản lý và vận hành hệ thống cấp thoát nước của các tòa nhà cao ốc hoặc các nhà xưởng, nhà máy trong khu công nghiệp:
Nghiên cứu và phát triển cơ sở hạ tầng khu dân cư và công nghiệp đáp ứng sự phát triển cho công nghiệp xây dựng."
419,"Sinh viên Khoa Kỹ thuật Xây dựng có cơ hội nhận Học bổng trao đổi và học bổng toàn phần
Sau đại học không?","Sinh viên quan tâm đến chuyên ngành có thể đăng ký vào các hệ đào tạo sau:

* Chương trình Dạy và học bằng tiếng Anh, bằng cấp cử nhân ngành Kỹ thuật Hàng không (4 năm).  
* Chương trình Tiêu chuẩn, bằng cấp Cử nhân ngành Kỹ thuật Hàng không & Cử nhân ngành Kỹ thuật Tàu Thủy (5 năm).  
* Chương trình Kỹ sư Chất lượng cao Việt-Pháp (PFIEV), bằng cấp Kỹ sư ngành Kỹ thuật Hàng không (5 năm).","Học bổng trao đổi và học bổng toàn phần Sau Đại học Khoa Kỹ thuật Xây dựng nói chung và Bộ môn Vật liệu Xây dựng nói riêng luôn duy trì mở rộng và phát triển hợp tác với nhiều giáo sư, trường Đại học và viện nghiên cứu trên thế giới để thúc đẩy các chương trình học bổng trao đổi (như chương trình trao đổi Peace hằng năm với Đại học Hiroshima, Nhật Bản), và học bổng toàn phần Sau Đại học (học bổng của chính phủ Nhật) cho sinh viên chuyên ngành nói riêng và ngành Kỹ thuật Xây dựng nói chung."
420,Cử nhân ngành Kỹ thuật Xây dựng có thể làm việc tại những cơ quan nhà nước nào?,File thông tin ngành kĩ thuật hàng không,"Ngành Kỹ thuật Xây dựng thuộc nhóm ngành Xây dựng với chương trình đào tạo cử nhân xây dựng có năng lực chuyên môn từ cơ bản đến chuyên sâu về ngành Xây dựng, có phẩm chất chính trị, đạo đức và sức khỏe tốt, đáp ứng nhu cầu lao động có trình độ kỹ thuật cao của đất nước. Sinh viên ngành Kỹ thuật Xây dựng có thể vận dụng sáng tạo và hiệu quả vào quá trình phân tích tình hình thiết kế thực tế, đề xuất các giải pháp kết cấu, công nghệ và giải quyết những vấn đề kỹ thuật trong hoạt động thực tiễn. Bên cạnh các kiến thức chuyên môn, sinh viên còn được trang bị các kỹ năng mềm khác trong quá trình học để đáp ứng nhu cầu công việc hiện tại, giải quyết những vấn đề trong xây dựng công trình giao thông hay hệ thống giao thông (kẹt xe, hệ thống giao thông thông minh, tổ chức giao thông trong các khu đô thị mới,...). Chuyên môn ngành được đảm bảo từ 12 giảng viên cơ hữu gồm 05 phó giáo sư, 05 tiến sĩ, 02 thạc sĩ đều được đào tạo sau đại học từ nước ngoài kết hợp với các cựu sinh viên đang làm việc trong doanh nghiệp, cơ quan nhà nước."
421,Mã ngành của ngành kĩ thuật hàng không là gì?,"* Kỹ sư bảo dưỡng máy bay  
* Kỹ sư An toàn và Khai thác bay  
* Kỹ sư mô phỏng số CFD  
* Kỹ sư quản lý sản xuất  
* Kỹ sư ứng dụng  
* Kỹ sư thiết kế cơ khí CAE

Lĩnh vực chuyên môn: Khí động lực học, Thủy khí động lực học ứng dụng, Cơ học bay và điều khiển, Vật liệu hàng không, Kết cấu hàng không, Thiết kế máy bay, Động cơ máy bay. Hệ thống lực đẩy, Bảo trì và khai thác máy bay, An toàn, khả thi bay, Lập kế hoạch bay, tính toán mô phỏng số CFD.","Giới thiệu

Ngành Kỹ thuật Hàng không dành cho các sinh viên có đam mê về máy bay và các phương tiện bay. Chương trình đào tạo các sinh viên thành những cử nhân, kỹ sư có tay nghề cao với mảng kiến thức nền rộng, có chất lượng và có kỹ năng vững vàng trong các hoạt động sau: Quản lý, khai thác, vận hành, bảo dưỡng máy bay. Nghiên cứu, thiết kế, chế tạo các loại máy bay nhỏ và các phương tiện giao thông lưỡng dụng (thuỷ phi cơ, tàu đệm khí,...) Ứng dụng kiến thức kỹ thuật hàng không trong các lĩnh vực liên quan: kỹ thuật hàng hải, năng lượng tái tạo, cơ khí, điều khiển tự động, xây dựng...

Sinh viên quan tâm đến chuyên ngành có thể đăng ký vào các hệ đào tạo sau: Chương trình Dạy và học bằng tiếng Anh, bằng cấp cử nhân ngành Kỹ thuật Hàng không (4 năm). Chương trình Tiêu chuẩn, bằng cấp Cử nhân ngành Kỹ thuật Hàng không & Cử nhân ngành Kỹ thuật Tàu Thủy (5 năm). Chương trình Kỹ sư Chất lượng cao Việt-Pháp (PFIEV), bằng cấp Kỹ sư ngành Kỹ thuật Hàng không (5 năm).

Mã ngành Chương trình Tiêu chuẩn: 145 Chương trình Dạy và học bằng tiếng Anh: 245

Các điểm đặc biệt của ngành Chương trình bao gồm các nhóm môn cốt lõi cản thiết về nền tảng của kỹ thuật hàng không như Khí Động lực học. Cơ học bay và điều khiển bay, Kết cấu và vật liệu hàng không, Hệ thống lực đẩy. Thiết kế máy bay. Cử nhân, kỹ sư tốt nghiệp có kiến thức nền rộng dựa trên nền tảng của các môn học cơ sở như toán và khoa học tự nhiên, cơ học lưu chất, cơ học vật rắn, vật liệu cùng suy luận logic và tư duy thiết kế. Do vậy, sinh viên tốt nghiệp có khả năng thích nghi với yêu cầu kỹ thuật tại doanh nghiệp và sự thay đổi nhanh chóng của công nghệ. Sinh viên được trang bị khả năng nghiên cứu, khả năng giải quyết vấn đề, khả năng làm việc nhóm, khả năng lãnh đạo và khả năng thành thạo ngoại ngữ (tiếng Anh, tiếng Pháp). Sinh viên được trợ giúp, tư vấn, cập nhật các cơ hội nghề nghiệp từ các thành viên nhiệt tình của Hội Cựu sinh viên Hàng không.

Cơ sở vật chất Phòng thí nghiệm Kỹ thuật Hàng không bao gồm các thiết bị cơ bản cho đào tạo chuyên ngành. Các thiết bị tiêu biểu: Ống khí động hở, ống khí động kín, cân khí động Hệ thống thủy lực, quạt ly tâm, hệ thống quạt Thiết bị đo cơ tính vật liệu vạn năng EM1100, tải tối đa 100 kN Các máy bay mô hình

Vị trí việc làm Kỹ sư bảo dưỡng máy bay Kỹ sư An toàn và Khai thác bay Kỹ sư mô phỏng số CFD Kỹ sư quản lý sản xuất Kỹ sư ứng dụng Kỹ sư thiết kế cơ khí CAE

Lĩnh vực chuyên môn: Khí động lực học, Thủy khí động lực học ứng dụng, Cơ học bay và điều khiển, Vật liệu hàng không, Kết cấu hàng không, Thiết kế máy bay, Động cơ máy bay. Hệ thống lực đẩy, Bảo trì và khai thác máy bay, An toàn, khả thi bay, Lập kế hoạch bay, tính toán mô phỏng số CFD."
422,Các chương trình đào tạo của ngành kĩ thuật hàng không?,Tương tự câu 458,"1. CHƯƠNG TRÌNH ĐÀO TẠO
Chương trình Tiêu chuẩn
Đào tạo 40 ngành/ chuyên ngành (các ngành tuyển sinh theo nhóm ngành sẽ phân ngành từ năm thứ 2 theo kết quả học tập), giảng dạy bằng tiếng Việt, học phí khoảng 15 triệu đồng/HK, kế hoạch đào tạo 4 năm, địa điểm học tại Cơ sở Dĩ An
 
Chương trình Tài năng
Đào tạo 15 nhóm ngành/ ngành, dạy bằng tiếng Việt (dựa trên chương trình Tiêu chuẩn với các môn cốt lõi dành cho chương trình Tài năng), học phí khoảng 15 triệu đồng/HK, xét tuyển sinh viên Giỏi từ năm thứ 2, kế hoạch đào tạo 4 năm.

Chương trình Tiên tiến
Đào tạo 1 ngành, dạy hoàn toàn bằng tiếng Anh, giáo trình chuyển giao từ ĐH Illinois Urbana Champaign, được cải tiến qua các năm để phù hợp với thực tiễn, học phí khoảng 40 triệu đồng/HK, kế hoạch đào tạo 4 năm, địa điểm học tại Cơ sở Lý Thường Kiệt. Chuẩn tiếng Anh đầu vào đạt IELTS (Academic) ≥ 6.0/ TOEFL iBT ≥ 79/ TOEIC Nghe - Đọc ≥ 730 & Nói - Viết ≥ 280. Bằng tốt nghiệp do Trường ĐH Bách khoa cấp."
423,Giới thiệu về ngành kĩ thuật hàng không,"Chương trình Kỹ sư Chất lượng cao Việt Pháp \- PFIEV

* Học bổng Eiffel của chính phủ Pháp dành cho sinh viên giỏi vào cuối năm 4 cho chương trình bằng đôi kỹ sư 4+2 giữa nhà trường và trường đối tác Pháp ISAE-ENSMA.  
* Cơ hội thực tập và thực hiện luận văn tốt nghiệp tại các trung tâm nghiên cứu liên kết với trường ISAE-ENSMA (Pháp) dành cho sinh viên năm 5\.

Cho tất cả các hệ đào tạo:

* Học bổng khuyến khích xét theo thành tích học tập từng học kỳ.  
* Học bổng khuyến học của Hội Cựu Sinh Viên Hàng Không cho những sinh viên có nỗ lực học tập và khó khăn về tài chính.

Học bổng trao đổi và học bổng toàn phần Sau đại học  
Các trường đại học danh tiếng trên thế giới cấp học bổng cho Cử nhân, Kỹ sư ngành Hàng Không học Thạc sĩ, Tiến sĩ: Đại Học Cơ Khí Hàng Không ENSMA \- Poitiers (Pháp), Đại học Liege \- BỈ, Viện Công Nghệ Masachusette \- MIT Mỹ, Đại Học Kỹ Thuật Virginia Tech – Mỹ, Đại học Wallongon – Úc, Đại Học South Queensland \- Úc, Viện Công Nghệ Tokyo (TITECH), Đại Học Ritsumeikan – Nhật Bản, Đại Học Konkuk \-Hàn Quốc, Đại học Geoysang- Hàn Quốc, Đại Học Quốc Gia Singapore (NUS), Đại Học Kỹ Thuật Nanyang (NTU- Singapore), Đại Học Kỹ Thuật Bandung \- ITB (Indonesia)....","Giới thiệu

Ngành Kỹ thuật Hàng không dành cho các sinh viên có đam mê về máy bay và các phương tiện bay. Chương trình đào tạo các sinh viên thành những cử nhân, kỹ sư có tay nghề cao với mảng kiến thức nền rộng, có chất lượng và có kỹ năng vững vàng trong các hoạt động sau: Quản lý, khai thác, vận hành, bảo dưỡng máy bay. Nghiên cứu, thiết kế, chế tạo các loại máy bay nhỏ và các phương tiện giao thông lưỡng dụng (thuỷ phi cơ, tàu đệm khí,...) Ứng dụng kiến thức kỹ thuật hàng không trong các lĩnh vực liên quan: kỹ thuật hàng hải, năng lượng tái tạo, cơ khí, điều khiển tự động, xây dựng...

Sinh viên quan tâm đến chuyên ngành có thể đăng ký vào các hệ đào tạo sau: Chương trình Dạy và học bằng tiếng Anh, bằng cấp cử nhân ngành Kỹ thuật Hàng không (4 năm). Chương trình Tiêu chuẩn, bằng cấp Cử nhân ngành Kỹ thuật Hàng không & Cử nhân ngành Kỹ thuật Tàu Thủy (5 năm). Chương trình Kỹ sư Chất lượng cao Việt-Pháp (PFIEV), bằng cấp Kỹ sư ngành Kỹ thuật Hàng không (5 năm).

Mã ngành Chương trình Tiêu chuẩn: 145 Chương trình Dạy và học bằng tiếng Anh: 245

Các điểm đặc biệt của ngành Chương trình bao gồm các nhóm môn cốt lõi cản thiết về nền tảng của kỹ thuật hàng không như Khí Động lực học. Cơ học bay và điều khiển bay, Kết cấu và vật liệu hàng không, Hệ thống lực đẩy. Thiết kế máy bay. Cử nhân, kỹ sư tốt nghiệp có kiến thức nền rộng dựa trên nền tảng của các môn học cơ sở như toán và khoa học tự nhiên, cơ học lưu chất, cơ học vật rắn, vật liệu cùng suy luận logic và tư duy thiết kế. Do vậy, sinh viên tốt nghiệp có khả năng thích nghi với yêu cầu kỹ thuật tại doanh nghiệp và sự thay đổi nhanh chóng của công nghệ. Sinh viên được trang bị khả năng nghiên cứu, khả năng giải quyết vấn đề, khả năng làm việc nhóm, khả năng lãnh đạo và khả năng thành thạo ngoại ngữ (tiếng Anh, tiếng Pháp). Sinh viên được trợ giúp, tư vấn, cập nhật các cơ hội nghề nghiệp từ các thành viên nhiệt tình của Hội Cựu sinh viên Hàng không."
424,Tôi có thể làm việc gì sau khi học xong ngành kĩ thuật hàng không?,"* 104 Tòa nhà C5 Trường Đại học Bách khoa \- ĐHQG-HCM, 268 Lý Thường Kiệt, Phường 14, Quận 10, TP. Hồ Chí Minh  
* Hàng Không Bách Khoa  
* fb.com/Aero.Eng.HCMUT  
* dae.dte.hcmut.edu.vn  
* kthk@hcmut.edu.vn","Giới thiệu

Ngành Kỹ thuật Hàng không dành cho các sinh viên có đam mê về máy bay và các phương tiện bay. Chương trình đào tạo các sinh viên thành những cử nhân, kỹ sư có tay nghề cao với mảng kiến thức nền rộng, có chất lượng và có kỹ năng vững vàng trong các hoạt động sau: Quản lý, khai thác, vận hành, bảo dưỡng máy bay. Nghiên cứu, thiết kế, chế tạo các loại máy bay nhỏ và các phương tiện giao thông lưỡng dụng (thuỷ phi cơ, tàu đệm khí,...) Ứng dụng kiến thức kỹ thuật hàng không trong các lĩnh vực liên quan: kỹ thuật hàng hải, năng lượng tái tạo, cơ khí, điều khiển tự động, xây dựng...

Sinh viên quan tâm đến chuyên ngành có thể đăng ký vào các hệ đào tạo sau: Chương trình Dạy và học bằng tiếng Anh, bằng cấp cử nhân ngành Kỹ thuật Hàng không (4 năm). Chương trình Tiêu chuẩn, bằng cấp Cử nhân ngành Kỹ thuật Hàng không & Cử nhân ngành Kỹ thuật Tàu Thủy (5 năm). Chương trình Kỹ sư Chất lượng cao Việt-Pháp (PFIEV), bằng cấp Kỹ sư ngành Kỹ thuật Hàng không (5 năm).

Mã ngành Chương trình Tiêu chuẩn: 145 Chương trình Dạy và học bằng tiếng Anh: 245

Các điểm đặc biệt của ngành Chương trình bao gồm các nhóm môn cốt lõi cản thiết về nền tảng của kỹ thuật hàng không như Khí Động lực học. Cơ học bay và điều khiển bay, Kết cấu và vật liệu hàng không, Hệ thống lực đẩy. Thiết kế máy bay. Cử nhân, kỹ sư tốt nghiệp có kiến thức nền rộng dựa trên nền tảng của các môn học cơ sở như toán và khoa học tự nhiên, cơ học lưu chất, cơ học vật rắn, vật liệu cùng suy luận logic và tư duy thiết kế. Do vậy, sinh viên tốt nghiệp có khả năng thích nghi với yêu cầu kỹ thuật tại doanh nghiệp và sự thay đổi nhanh chóng của công nghệ. Sinh viên được trang bị khả năng nghiên cứu, khả năng giải quyết vấn đề, khả năng làm việc nhóm, khả năng lãnh đạo và khả năng thành thạo ngoại ngữ (tiếng Anh, tiếng Pháp). Sinh viên được trợ giúp, tư vấn, cập nhật các cơ hội nghề nghiệp từ các thành viên nhiệt tình của Hội Cựu sinh viên Hàng không."
425,Cơ hội trong ngành kĩ thuật hàng không khi học tại Trường Đại Học Bách Khoa là gì?,"Phòng thí nghiệm Kỹ thuật Hàng không bao gồm các thiết bị cơ bản cho đào tạo chuyên ngành.  
Các thiết bị tiêu biểu:

* Ống khí động hở, ống khí động kín, cân khí động  
* Hệ thống thủy lực, quạt ly tâm, hệ thống quạt  
* Thiết bị đo cơ tính vật liệu vạn năng EM1100, tải tối đa 100 kN  
* Các máy bay mô hình","Giới thiệu

Ngành Kỹ thuật Hàng không dành cho các sinh viên có đam mê về máy bay và các phương tiện bay. Chương trình đào tạo các sinh viên thành những cử nhân, kỹ sư có tay nghề cao với mảng kiến thức nền rộng, có chất lượng và có kỹ năng vững vàng trong các hoạt động sau: Quản lý, khai thác, vận hành, bảo dưỡng máy bay. Nghiên cứu, thiết kế, chế tạo các loại máy bay nhỏ và các phương tiện giao thông lưỡng dụng (thuỷ phi cơ, tàu đệm khí,...) Ứng dụng kiến thức kỹ thuật hàng không trong các lĩnh vực liên quan: kỹ thuật hàng hải, năng lượng tái tạo, cơ khí, điều khiển tự động, xây dựng...

Sinh viên quan tâm đến chuyên ngành có thể đăng ký vào các hệ đào tạo sau: Chương trình Dạy và học bằng tiếng Anh, bằng cấp cử nhân ngành Kỹ thuật Hàng không (4 năm). Chương trình Tiêu chuẩn, bằng cấp Cử nhân ngành Kỹ thuật Hàng không & Cử nhân ngành Kỹ thuật Tàu Thủy (5 năm). Chương trình Kỹ sư Chất lượng cao Việt-Pháp (PFIEV), bằng cấp Kỹ sư ngành Kỹ thuật Hàng không (5 năm).

Mã ngành Chương trình Tiêu chuẩn: 145 Chương trình Dạy và học bằng tiếng Anh: 245

Các điểm đặc biệt của ngành Chương trình bao gồm các nhóm môn cốt lõi cản thiết về nền tảng của kỹ thuật hàng không như Khí Động lực học. Cơ học bay và điều khiển bay, Kết cấu và vật liệu hàng không, Hệ thống lực đẩy. Thiết kế máy bay. Cử nhân, kỹ sư tốt nghiệp có kiến thức nền rộng dựa trên nền tảng của các môn học cơ sở như toán và khoa học tự nhiên, cơ học lưu chất, cơ học vật rắn, vật liệu cùng suy luận logic và tư duy thiết kế. Do vậy, sinh viên tốt nghiệp có khả năng thích nghi với yêu cầu kỹ thuật tại doanh nghiệp và sự thay đổi nhanh chóng của công nghệ. Sinh viên được trang bị khả năng nghiên cứu, khả năng giải quyết vấn đề, khả năng làm việc nhóm, khả năng lãnh đạo và khả năng thành thạo ngoại ngữ (tiếng Anh, tiếng Pháp). Sinh viên được trợ giúp, tư vấn, cập nhật các cơ hội nghề nghiệp từ các thành viên nhiệt tình của Hội Cựu sinh viên Hàng không.

Cơ sở vật chất Phòng thí nghiệm Kỹ thuật Hàng không bao gồm các thiết bị cơ bản cho đào tạo chuyên ngành. Các thiết bị tiêu biểu: Ống khí động hở, ống khí động kín, cân khí động Hệ thống thủy lực, quạt ly tâm, hệ thống quạt Thiết bị đo cơ tính vật liệu vạn năng EM1100, tải tối đa 100 kN Các máy bay mô hình"
426,Các loại học bổng của ngành kĩ thuật hàng không ?,File thông tin ngành kĩ thuật ô tô,"9. HỌC BỔNG VÀ CHƯƠNG TRÌNH VAY ƯU ĐÃI
Học bổng khuyến khích học tập (trị giá lên tới 120% giá trị học phí/HK/suất) từ nguồn 8% học phí
Quỹ học bổng và Hỗ trợ phát triển Bách khoa: 40 tỷ đồng
Học bổng tài trợ từ nguồn vận động các đối tác nước ngoài, tổ chức, doanh nghiệp dành cho sinh viên có thành tích học tập và hoạt động phong trào tốt/sinh viên khó khăn: hơn 16 tỷ đồng
Học bổng dành cho sinh viên chương trình đào tạo quốc tế
Học bổng tài trợ từ các nguồn do ĐHQG-HCM triển khai
Chương trình vay ưu đãi với lãi suất 0% để học tập của ĐHQG-HCM
Chương trình Bảo lãnh vay và hỗ trợ lãi suất dành cho sinh viên đóng học phí của Ban Đại diện Cộng đồng Cựu sinh viên Phú Thọ - Bách khoa: đã cho vay hơn 16 tỷ đồng sau 3 năm và đang tiếp tục triển khai rộng rãi cho sinh viên. Khoản vay sẽ được chuyển thành học bổng khi đáp ứng các tiêu chí
Quỹ Hỗ trợ sinh viên Bách khoa (CK82) hỗ trợ sinh viên vay học phí với lãi suất 0%"
427,Các thông tin liên hệ của ngành kĩ thuật hàng không?,"142 (Tiêu chuẩn), 242 (Dạy và học bằng Tiếng Anh)","Giới thiệu

Ngành Kỹ thuật Hàng không dành cho các sinh viên có đam mê về máy bay và các phương tiện bay. Chương trình đào tạo các sinh viên thành những cử nhân, kỹ sư có tay nghề cao với mảng kiến thức nền rộng, có chất lượng và có kỹ năng vững vàng trong các hoạt động sau:
Quản lý, khai thác, vận hành, bảo dưỡng máy bay.
Nghiên cứu, thiết kế, chế tạo các loại máy bay nhỏ và các phương tiện giao thông lưỡng dụng (thuỷ phi cơ, tàu đệm khí,...)
Ứng dụng kiến thức kỹ thuật hàng không trong các lĩnh vực liên quan: kỹ thuật hàng hải, năng lượng tái tạo, cơ khí, điều khiển tự động, xây dựng...

Sinh viên quan tâm đến chuyên ngành có thể đăng ký vào các hệ đào tạo sau:
Chương trình Dạy và học bằng tiếng Anh, bằng cấp cử nhân ngành Kỹ thuật Hàng không (4 năm).
Chương trình Tiêu chuẩn, bằng cấp Cử nhân ngành Kỹ thuật Hàng không & Cử nhân ngành Kỹ thuật Tàu Thủy (5 năm).
Chương trình Kỹ sư Chất lượng cao Việt-Pháp (PFIEV), bằng cấp Kỹ sư ngành Kỹ thuật Hàng không (5 năm).

Mã ngành
Chương trình Tiêu chuẩn: 145
Chương trình Dạy và học bằng tiếng Anh: 245

Các điểm đặc biệt của ngành
Chương trình bao gồm các nhóm môn cốt lõi cản thiết về nền tảng của kỹ thuật hàng không như Khí Động lực học. Cơ học bay và điều khiển bay, Kết cấu và vật liệu hàng không, Hệ thống lực đẩy. Thiết kế máy bay.
Cử nhân, kỹ sư tốt nghiệp có kiến thức nền rộng dựa trên nền tảng của các môn học cơ sở như toán và khoa học tự nhiên, cơ học lưu chất, cơ học vật rắn, vật liệu cùng suy luận logic và tư duy thiết kế. Do vậy, sinh viên tốt nghiệp có khả năng thích nghi với yêu cầu kỹ thuật tại doanh nghiệp và sự thay đổi nhanh chóng của công nghệ.
Sinh viên được trang bị khả năng nghiên cứu, khả năng giải quyết vấn đề, khả năng làm việc nhóm, khả năng lãnh đạo và khả năng thành thạo ngoại ngữ (tiếng Anh, tiếng Pháp).
Sinh viên được trợ giúp, tư vấn, cập nhật các cơ hội nghề nghiệp từ các thành viên nhiệt tình của Hội Cựu sinh viên Hàng không."
428,Điều kiện cơ sở vật chất của ngành kĩ thuật hàng không?,"Năng lượng mới và nhiên liệu thay thế cho ô tô.   
Tối ưu hóa các hệ thống chức năng trên động cơ, ô tô  
Ô tô chuyên dùng, ô tô điện, ô tô hybrid •  
Đo lường và điều khiển tự động ứng dụng trong động cơ, ô tô","Giới thiệu

Chương trình đào tạo Kỹ thuật Ô tô được thiết kế theo hướng tiếp cận CDIO (Conceive-Design-Implement-Operate) nhằm đào tạo SV có tư duy thiết kế và năng lực giải quyết vấn đề kỳ thuật với các kỳ năng hình thành ý tưởng, thiết kế chi tiết, thiết kế công nghệ, vận hành và khai thác trong lĩnh vực ô tô. Bên cạnh đó, SV được trang bị nền tảng chuyên môn vững chắc, kỹ năng khai thác và ứng dụng các thiết bị thí nghiệm và phần mềm tiên tiến thuộc lĩnh vực chuyên ngành để tiếp tục học tập các bộc Thạc sĩ và Tiến sĩ ở trong và ngoài nước.

Sau giai đoạn học kiến thức đại cương của khối ngành kỹ thuật và giai đoạn học kiến thức cơ sở ngành kỹ thuật cơ khí (2 năm đầu). SV được học các kiến thức chuyên ngành kỹ thuật ô tô, được định hướng nghề nghiệp chuyên sâu về kỹ thuật cơ khí và kỹ thuật cơ-điện tử ứng dụng trong ô tô.

Trong quá trình học tập. SV được phát triển tính tự chủ và phản biện, khả năng tự học liên tục nhờ môi trường học tập trải nghiệm, gắn kết chặt chẽ giữa lý thuyết với thực hành, và được khám phá các hướng chuyên môn mới.

SV tốt nghiệp có khả năng lãnh đạo và làm việc nhóm, biết ứng xử chuyên nghiệp, có khả năng làm việc trong môi trường hiện đại đa ngành và đa văn hóa, biết quản lý thời gian, có khả năng chịu áp lực cao, và nhanh chóng hoàn thiện nghề nghiệp trong 3-5 năm sau khi tốt nghiệp.

- Tiêu chuẩn đánh giá: Đạt tiêu chuẩn AUN-QA năm 2021.
- Bằng cấp khi tốt nghiệp: Cử nhân Kỹ thuật Ô tô.
- Thời gian đào tạo: 04 năm.
- Khối lượng học tập: 132 tín chỉ - bao gồm: 100 tín chỉ bắt buộc, 3 tín chỉ tự chọn, 12 tín chỉ tự chọn tự do, và 8 tín chỉ ngoại ngữ (tiếng Anh).
- Tuyển sinh: Theo quy định tuyển sinh hàng năm của Trường ĐHBK.
- Web Tuyển sinh: https://hcmut.edu.vn/tuyen-sinh-dh/dai-hoc-chinh-quy
- Điều kiện tốt nghiệp: Hoàn thành khối lượng học tập; và đạt các chứng chỉ Giáo dục Quốc phòng và chứng chỉ Giáo dục Thể chất; và đạt trình độ tiếng Anh TOEIC ≥ 600 với 4 kỹ năng Nghe - Nói - Đọc - Viết (chương trình Tiêu chuẩn); và tham gia đủ 15 ngày Công tác Xã hội.

Mã ngành
Chương trình tiêu chuẩn: 142
Chương trình dạy và học bằng tiếng Anh: 242

Các điểm đặc biệt của ngành
Hoạt động dạy và học được tổ chức theo phương thức tích hợp giúp phát triển đồng thời các năng lực chuyên môn và thái độ, tính tự chủ, trách nhiệm: kết hợp lý thuyết với thực hành: áp dụng các mô hình đào tạo tiên tiến như theo đào tạo theo dự án (project-based learning), kết hợp đào tạo trực tiếp với trực tuyến (blended-learning), và mô hình lớp học đảo ngược (flipped-classroom).
SV được hỗ trợ và khuyến khích nghiên cứu khoa học, tham gia các dự án do doanh nghiệp đặt hàng, tham gia các kỳ thì về thiết kế ô tô, các kì thì về khởi nghiệp – sáng tạo trong lĩnh vực ô tô.
SV được tư vấn chuyên môn và hướng nghiệp bởi đội ngũ cán bộ giảng dạy tận tâm và kinh nghiệm, và được giúp đỡ phát triển bởi lực lượng cựu sinh viên đông đảo và năng động.

Hướng nghiên cứu của ngành

Năng lượng mới và nhiên liệu thay thế cho ô tô. 
Tối ưu hóa các hệ thống chức năng trên động cơ, ô tô
Ô tô chuyên dùng, ô tô điện, ô tô hybrid •
Đo lường và điều khiển tự động ứng dụng trong động cơ, ô tô"
429,"Giới thiệu về ngành kĩ thuật ô tô, tôi sẽ học được gì trong ngành này?","SV tốt nghiệp chương trình Kỹ thuật Ô tô có nền tảng chuyên môn và kỹ năng, năng lực tự chủ và trách nhiệm để phát triển nghề nghiệp hiệu quả trong 3-5 năm sau khi tốt nghiệp tại các đơn vị nhà nước, doanh nghiệp trong nước, doanh nghiệp có 100% vốn đầu tư nước ngoài về lĩnh vực ôtô và giao thông vận tải đường bộ như:

* Tư vấn, thiết kế, chế tạo, sản xuất, chuyển giao công nghệ: BOSCH, SAMCO, THACO, Đức Long Auto, IMAE.....  
* Dịch vụ, thương mại, bảo dưỡng, sửa chữa: TOYOTA, HONDA, MITSUBISHI, ISUZU, SUZUKI, HYUNDAI, HINO. MERCEDES, PORSCHE, BMW, FERRARI VINFAST....  
* Quản lý, điều hành, thử nghiệm, kiểm định: Sở Giao Thông, Cục & Trạm Đăng Kiểm....

Ngoài ra, SV tốt nghiệp chương trình Kỹ thuật Ô tô có năng lực để:
* Tiếp tục học tập các bậc Thạc sĩ và Tiến sĩ trong và ngoài nước.  
* Trở thành giảng viên, nghiên cứu viên tại các trường đại học, viện nghiên cứu, trường cao đẳng.  
* Phát triển nghề nghiệp trong các lĩnh vực gần như cơ khí chế tạo, nhiên liệu & dầu mỡ.","Giới thiệu

Chương trình đào tạo Kỹ thuật Ô tô được thiết kế theo hướng tiếp cận CDIO (Conceive-Design-Implement-Operate) nhằm đào tạo SV có tư duy thiết kế và năng lực giải quyết vấn đề kỳ thuật với các kỳ năng hình thành ý tưởng, thiết kế chi tiết, thiết kế công nghệ, vận hành và khai thác trong lĩnh vực ô tô. Bên cạnh đó, SV được trang bị nền tảng chuyên môn vững chắc, kỹ năng khai thác và ứng dụng các thiết bị thí nghiệm và phần mềm tiên tiến thuộc lĩnh vực chuyên ngành để tiếp tục học tập các bộc Thạc sĩ và Tiến sĩ ở trong và ngoài nước.

Sau giai đoạn học kiến thức đại cương của khối ngành kỹ thuật và giai đoạn học kiến thức cơ sở ngành kỹ thuật cơ khí (2 năm đầu). SV được học các kiến thức chuyên ngành kỹ thuật ô tô, được định hướng nghề nghiệp chuyên sâu về kỹ thuật cơ khí và kỹ thuật cơ-điện tử ứng dụng trong ô tô.

Trong quá trình học tập. SV được phát triển tính tự chủ và phản biện, khả năng tự học liên tục nhờ môi trường học tập trải nghiệm, gắn kết chặt chẽ giữa lý thuyết với thực hành, và được khám phá các hướng chuyên môn mới.

SV tốt nghiệp có khả năng lãnh đạo và làm việc nhóm, biết ứng xử chuyên nghiệp, có khả năng làm việc trong môi trường hiện đại đa ngành và đa văn hóa, biết quản lý thời gian, có khả năng chịu áp lực cao, và nhanh chóng hoàn thiện nghề nghiệp trong 3-5 năm sau khi tốt nghiệp.

- Tiêu chuẩn đánh giá: Đạt tiêu chuẩn AUN-QA năm 2021.
- Bằng cấp khi tốt nghiệp: Cử nhân Kỹ thuật Ô tô.
- Thời gian đào tạo: 04 năm.
- Khối lượng học tập: 132 tín chỉ - bao gồm: 100 tín chỉ bắt buộc, 3 tín chỉ tự chọn, 12 tín chỉ tự chọn tự do, và 8 tín chỉ ngoại ngữ (tiếng Anh).
- Tuyển sinh: Theo quy định tuyển sinh hàng năm của Trường ĐHBK.
- Web Tuyển sinh: https://hcmut.edu.vn/tuyen-sinh-dh/dai-hoc-chinh-quy
- Điều kiện tốt nghiệp: Hoàn thành khối lượng học tập; và đạt các chứng chỉ Giáo dục Quốc phòng và chứng chỉ Giáo dục Thể chất; và đạt trình độ tiếng Anh TOEIC ≥ 600 với 4 kỹ năng Nghe - Nói - Đọc - Viết (chương trình Tiêu chuẩn); và tham gia đủ 15 ngày Công tác Xã hội."
430,Mã ngành của ngành kĩ thuật ô tô?,"CLB Future Automotive Solution Testing (F.A.S.T.) thiết kế và chế tạo các mẫu xe, thử nghiệm và khám phá các công nghệ mới cho động cơ và ô tô.","Giới thiệu

Chương trình đào tạo Kỹ thuật Ô tô được thiết kế theo hướng tiếp cận CDIO (Conceive-Design-Implement-Operate) nhằm đào tạo SV có tư duy thiết kế và năng lực giải quyết vấn đề kỳ thuật với các kỳ năng hình thành ý tưởng, thiết kế chi tiết, thiết kế công nghệ, vận hành và khai thác trong lĩnh vực ô tô. Bên cạnh đó, SV được trang bị nền tảng chuyên môn vững chắc, kỹ năng khai thác và ứng dụng các thiết bị thí nghiệm và phần mềm tiên tiến thuộc lĩnh vực chuyên ngành để tiếp tục học tập các bộc Thạc sĩ và Tiến sĩ ở trong và ngoài nước.

Sau giai đoạn học kiến thức đại cương của khối ngành kỹ thuật và giai đoạn học kiến thức cơ sở ngành kỹ thuật cơ khí (2 năm đầu). SV được học các kiến thức chuyên ngành kỹ thuật ô tô, được định hướng nghề nghiệp chuyên sâu về kỹ thuật cơ khí và kỹ thuật cơ-điện tử ứng dụng trong ô tô.

Trong quá trình học tập. SV được phát triển tính tự chủ và phản biện, khả năng tự học liên tục nhờ môi trường học tập trải nghiệm, gắn kết chặt chẽ giữa lý thuyết với thực hành, và được khám phá các hướng chuyên môn mới.

SV tốt nghiệp có khả năng lãnh đạo và làm việc nhóm, biết ứng xử chuyên nghiệp, có khả năng làm việc trong môi trường hiện đại đa ngành và đa văn hóa, biết quản lý thời gian, có khả năng chịu áp lực cao, và nhanh chóng hoàn thiện nghề nghiệp trong 3-5 năm sau khi tốt nghiệp.

- Tiêu chuẩn đánh giá: Đạt tiêu chuẩn AUN-QA năm 2021.
- Bằng cấp khi tốt nghiệp: Cử nhân Kỹ thuật Ô tô.
- Thời gian đào tạo: 04 năm.
- Khối lượng học tập: 132 tín chỉ - bao gồm: 100 tín chỉ bắt buộc, 3 tín chỉ tự chọn, 12 tín chỉ tự chọn tự do, và 8 tín chỉ ngoại ngữ (tiếng Anh).
- Tuyển sinh: Theo quy định tuyển sinh hàng năm của Trường ĐHBK.
- Web Tuyển sinh: https://hcmut.edu.vn/tuyen-sinh-dh/dai-hoc-chinh-quy
- Điều kiện tốt nghiệp: Hoàn thành khối lượng học tập; và đạt các chứng chỉ Giáo dục Quốc phòng và chứng chỉ Giáo dục Thể chất; và đạt trình độ tiếng Anh TOEIC ≥ 600 với 4 kỹ năng Nghe - Nói - Đọc - Viết (chương trình Tiêu chuẩn); và tham gia đủ 15 ngày Công tác Xã hội."
431,"Các chuyên ngành, hướng nghiên cứu của ngành kĩ thuật ô tô?",File thông tin ngành kĩ thuật tàu thủy,"Giới thiệu
Chương trình sẽ trang bị cho sinh viên các kiến thức chuyên sâu trong lĩnh vực kỹ thuật tàu thủy: tính toán thiết kế, đóng mới và sửa chữa phương tiện thủy, công trình ngoài khơi và các phương tiện giao thông thủy thông minh, logistics và quản lý hàng hải. Chương trình đào tạo những kỹ sư có khả năng thiết kế phương tiện thủy, tính toán các hệ thống trên tàu thủy và công trình ngoài khơi, có phương pháp phân tích và khả năng áp dụng các phần mềm chuyên ngành, có khả năng khai thác và bảo trì các hệ thống động lực thuộc chuyên ngành kỹ thuật tàu thủy, logistics và quản lý hàng hải.
Bằng cấp khi tốt nghiệp: Cử nhân Kỹ thuật Tàu thủy
Thời gian đào tạo: 04 năm
Khối lượng học tập: 129 tín chỉ - bao gồm: 100 tín chỉ bắt buộc, 12 tín chỉ tự chọn, 9 tín chỉ tự chọn tự do và 8 tín chỉ ngoại ngữ (tiếng Anh).
Tuyển sinh:Theo quy định tuyển sinh hàng năm của Trường ĐH Bách khoa.
(hcmut.edu.vn/tuyen-sinh/dai-hoc-chinh-quy)
Điều kiện tốt nghiệp: Hoàn thành khối lượng học tập: đạt các chứng chỉ Giáo dục Quốc phòng và chứng chỉ Giáo dục Thể chất; đạt trình độ tiếng Anh TOEIC ≥ 600 với 4 kỹ năng Nghe - Nói - Đọc - Viết (chương trình Tiêu chuẩn) hay trình độ tiếng Anh IELTS 26.0 và tham gia đủ 15 ngày Công tác Xã hội.

Các điểm đặc biệt của ngành
Năm 2015, chương trình đại học ngành Kỹ thuật Tàu Thủy được xây dựng dựa trên các tiêu chí CDIO dành cho sinh viên khối ngành kỹ thuật. Ngoài ra, sinh viên còn được khuyến khích tham gia nghiên cứu khoa học thông qua các đề tài khoa học của khoa, các hoạt động thực hành thực tế tại phòng thí nghiệm kỹ thuật tàu thủy.

Hướng nghiên cứu của ngành
Thiết kế tính năng phương tiện thủy
Thiết kế hệ thống thiết bị động lực phương tiện thủy
Phân tích kết cấu, độ bền phương tiện thủy
Logistics và quản lý hàng hải"
432,Tôi có thể làm việc gì sau khi học xong ngành kỹ thuật ô tô?,"Đặc điểm: Chương trình sẽ trang bị cho sinh viên các kiến thức chuyên sâu trong lĩnh vực kỹ thuật tàu thủy: tính toán thiết kế, đóng mới và sửa chữa phương tiện thủy, công trình ngoài khơi và các phương tiện giao thông thủy thông minh, logistics và quản lý hàng hải. Chương trình đào tạo những kỹ sư có khả năng thiết kế phương tiện thủy, tính toán các hệ thống trên tàu thủy và công trình ngoài khơi, có phương pháp phân tích và khả năng áp dụng các phần mềm chuyên ngành, có khả năng khai thác và bảo trì các hệ thống động lực thuộc chuyên ngành kỹ thuật tàu thủy, logistics và quản lý hàng hải.  
Bằng cấp khi tốt nghiệp: Cử nhân Kỹ thuật Tàu thủy  
Hướng nghiên cứu: * Thiết kế tính năng phương tiện thủy  
* Thiết kế hệ thống thiết bị động lực phương tiện thủy  
* Phân tích kết cấu, độ bền phương tiện thủy  
* Logistics và quản lý hàng hải","Giới thiệu
Chương trình sẽ trang bị cho sinh viên các kiến thức chuyên sâu trong lĩnh vực kỹ thuật tàu thủy: tính toán thiết kế, đóng mới và sửa chữa phương tiện thủy, công trình ngoài khơi và các phương tiện giao thông thủy thông minh, logistics và quản lý hàng hải. Chương trình đào tạo những kỹ sư có khả năng thiết kế phương tiện thủy, tính toán các hệ thống trên tàu thủy và công trình ngoài khơi, có phương pháp phân tích và khả năng áp dụng các phần mềm chuyên ngành, có khả năng khai thác và bảo trì các hệ thống động lực thuộc chuyên ngành kỹ thuật tàu thủy, logistics và quản lý hàng hải.
Bằng cấp khi tốt nghiệp: Cử nhân Kỹ thuật Tàu thủy
Thời gian đào tạo: 04 năm
Khối lượng học tập: 129 tín chỉ - bao gồm: 100 tín chỉ bắt buộc, 12 tín chỉ tự chọn, 9 tín chỉ tự chọn tự do và 8 tín chỉ ngoại ngữ (tiếng Anh).
Tuyển sinh:Theo quy định tuyển sinh hàng năm của Trường ĐH Bách khoa.
(hcmut.edu.vn/tuyen-sinh/dai-hoc-chinh-quy)
Điều kiện tốt nghiệp: Hoàn thành khối lượng học tập: đạt các chứng chỉ Giáo dục Quốc phòng và chứng chỉ Giáo dục Thể chất; đạt trình độ tiếng Anh TOEIC ≥ 600 với 4 kỹ năng Nghe - Nói - Đọc - Viết (chương trình Tiêu chuẩn) hay trình độ tiếng Anh IELTS 26.0 và tham gia đủ 15 ngày Công tác Xã hội.

Các điểm đặc biệt của ngành
Năm 2015, chương trình đại học ngành Kỹ thuật Tàu Thủy được xây dựng dựa trên các tiêu chí CDIO dành cho sinh viên khối ngành kỹ thuật. Ngoài ra, sinh viên còn được khuyến khích tham gia nghiên cứu khoa học thông qua các đề tài khoa học của khoa, các hoạt động thực hành thực tế tại phòng thí nghiệm kỹ thuật tàu thủy.

Hướng nghiên cứu của ngành
Thiết kế tính năng phương tiện thủy
Thiết kế hệ thống thiết bị động lực phương tiện thủy
Phân tích kết cấu, độ bền phương tiện thủy
Logistics và quản lý hàng hải"
433,Các câu lạc bộ của ngành kỹ thuật ô tô là gì?,"125 (Tiêu chuẩn), 225 (Dạy và học bằng tiếng Anh)","Giới thiệu

Chương trình đào tạo Kỹ thuật Ô tô được thiết kế theo hướng tiếp cận CDIO (Conceive-Design-Implement-Operate) nhằm đào tạo SV có tư duy thiết kế và năng lực giải quyết vấn đề kỳ thuật với các kỳ năng hình thành ý tưởng, thiết kế chi tiết, thiết kế công nghệ, vận hành và khai thác trong lĩnh vực ô tô. Bên cạnh đó, SV được trang bị nền tảng chuyên môn vững chắc, kỹ năng khai thác và ứng dụng các thiết bị thí nghiệm và phần mềm tiên tiến thuộc lĩnh vực chuyên ngành để tiếp tục học tập các bộc Thạc sĩ và Tiến sĩ ở trong và ngoài nước.

Sau giai đoạn học kiến thức đại cương của khối ngành kỹ thuật và giai đoạn học kiến thức cơ sở ngành kỹ thuật cơ khí (2 năm đầu). SV được học các kiến thức chuyên ngành kỹ thuật ô tô, được định hướng nghề nghiệp chuyên sâu về kỹ thuật cơ khí và kỹ thuật cơ-điện tử ứng dụng trong ô tô.

Trong quá trình học tập. SV được phát triển tính tự chủ và phản biện, khả năng tự học liên tục nhờ môi trường học tập trải nghiệm, gắn kết chặt chẽ giữa lý thuyết với thực hành, và được khám phá các hướng chuyên môn mới.

SV tốt nghiệp có khả năng lãnh đạo và làm việc nhóm, biết ứng xử chuyên nghiệp, có khả năng làm việc trong môi trường hiện đại đa ngành và đa văn hóa, biết quản lý thời gian, có khả năng chịu áp lực cao, và nhanh chóng hoàn thiện nghề nghiệp trong 3-5 năm sau khi tốt nghiệp.

- Tiêu chuẩn đánh giá: Đạt tiêu chuẩn AUN-QA năm 2021.
- Bằng cấp khi tốt nghiệp: Cử nhân Kỹ thuật Ô tô.
- Thời gian đào tạo: 04 năm.
- Khối lượng học tập: 132 tín chỉ - bao gồm: 100 tín chỉ bắt buộc, 3 tín chỉ tự chọn, 12 tín chỉ tự chọn tự do, và 8 tín chỉ ngoại ngữ (tiếng Anh).
- Tuyển sinh: Theo quy định tuyển sinh hàng năm của Trường ĐHBK.
- Web Tuyển sinh: https://hcmut.edu.vn/tuyen-sinh-dh/dai-hoc-chinh-quy
- Điều kiện tốt nghiệp: Hoàn thành khối lượng học tập; và đạt các chứng chỉ Giáo dục Quốc phòng và chứng chỉ Giáo dục Thể chất; và đạt trình độ tiếng Anh TOEIC ≥ 600 với 4 kỹ năng Nghe - Nói - Đọc - Viết (chương trình Tiêu chuẩn); và tham gia đủ 15 ngày Công tác Xã hội."
434,Giới thiệu về ngành kỹ thuật tàu thủy?,"Phòng Thí nghiệm (PTN) Phân tích Môi trường (Environmental Analysis Laboratory)  
Là PTN trọng tâm và chủ yếu phục vụ giảng dạy và nghiên cứu cho toàn bộ khoa và sinh viên. với diện tích 550m2 tại CS1 và 2.000 m2 tại CS2 (Dĩ An). PTN được trang bị đầy đủ các thiết bị hiện đại phục vụ cho việc phân tích các thông số môi trường từ cơ bản đến nâng cao như máy quang phổ AAS, GC-MS, HPLC, GC, TOC, ICP-OES, Zetasizer, UV-Vis....  
PTN cũng có nhiều mô hình xử lý quy mô phòng thí nghiệm và quy mô thí điểm khác nhau để sinh viên thực hành và thực hiện các ý tưởng nghiên cứu của mình về kỹ thuật xử lý nước cấp, nước thải; kỹ thuật xử lý khí thải; và kỹ thuật xử lý chất thải rắn.","Cơ sở vật chất
Phòng Thí nghiệm (PTN) Phân tích Môi trường (Environmental Analysis Laboratory)
Là PTN trọng tâm và chủ yếu phục vụ giảng dạy và nghiên cứu cho toàn bộ khoa và sinh viên. với diện tích 550m2 tại CS1 và 2.000 m2 tại CS2 (Dĩ An). PTN được trang bị đầy đủ các thiết bị hiện đại phục vụ cho việc phân tích các thông số môi trường từ cơ bản đến nâng cao như máy quang phổ AAS, GC-MS, HPLC, GC, TOC, ICP-OES, Zetasizer, UV-Vis....
PTN cũng có nhiều mô hình xử lý quy mô phòng thí nghiệm và quy mô thí điểm khác nhau để sinh viên thực hành và thực hiện các ý tưởng nghiên cứu của mình về kỹ thuật xử lý nước cấp, nước thải; kỹ thuật xử lý khí thải; và kỹ thuật xử lý chất thải rắn."
435,Đặc điểm và hướng nghiên cứu của ngành kỹ thuật tàu thủy?,"Sau khi tốt nghiệp, sinh viên ngành Kỹ thuật Môi trường có thể đảm nhiệm các vị trí và có hướng phát triển nghề nghiệp như sau:

* Các công ty tư vấn thiết kế trong nước và quốc tế về cấp thoát nước, xử lý nước cấp – nước thải, khí thải và chất thải rắn  
* Các công ty thương mại về thiết bị quan trắc, kiểm soát ô nhiễm môi trường.  
* Các trung tâm, viện nghiên cứu và các trường đại học.  
* Các tổ chức tư nhân và công cộng trong lĩnh vực xử lý và kiểm soát ô nhiễm môi trường công nghiệp, đô thị và nông thôn.","Giới thiệu
Chương trình sẽ trang bị cho sinh viên các kiến thức chuyên sâu trong lĩnh vực kỹ thuật tàu thủy: tính toán thiết kế, đóng mới và sửa chữa phương tiện thủy, công trình ngoài khơi và các phương tiện giao thông thủy thông minh, logistics và quản lý hàng hải. Chương trình đào tạo những kỹ sư có khả năng thiết kế phương tiện thủy, tính toán các hệ thống trên tàu thủy và công trình ngoài khơi, có phương pháp phân tích và khả năng áp dụng các phần mềm chuyên ngành, có khả năng khai thác và bảo trì các hệ thống động lực thuộc chuyên ngành kỹ thuật tàu thủy, logistics và quản lý hàng hải.
Bằng cấp khi tốt nghiệp: Cử nhân Kỹ thuật Tàu thủy
Thời gian đào tạo: 04 năm
Khối lượng học tập: 129 tín chỉ - bao gồm: 100 tín chỉ bắt buộc, 12 tín chỉ tự chọn, 9 tín chỉ tự chọn tự do và 8 tín chỉ ngoại ngữ (tiếng Anh).
Tuyển sinh:Theo quy định tuyển sinh hàng năm của Trường ĐH Bách khoa.
(hcmut.edu.vn/tuyen-sinh/dai-hoc-chinh-quy)
Điều kiện tốt nghiệp: Hoàn thành khối lượng học tập: đạt các chứng chỉ Giáo dục Quốc phòng và chứng chỉ Giáo dục Thể chất; đạt trình độ tiếng Anh TOEIC ≥ 600 với 4 kỹ năng Nghe - Nói - Đọc - Viết (chương trình Tiêu chuẩn) hay trình độ tiếng Anh IELTS 26.0 và tham gia đủ 15 ngày Công tác Xã hội.

Các điểm đặc biệt của ngành
Năm 2015, chương trình đại học ngành Kỹ thuật Tàu Thủy được xây dựng dựa trên các tiêu chí CDIO dành cho sinh viên khối ngành kỹ thuật. Ngoài ra, sinh viên còn được khuyến khích tham gia nghiên cứu khoa học thông qua các đề tài khoa học của khoa, các hoạt động thực hành thực tế tại phòng thí nghiệm kỹ thuật tàu thủy.

Hướng nghiên cứu của ngành
Thiết kế tính năng phương tiện thủy
Thiết kế hệ thống thiết bị động lực phương tiện thủy
Phân tích kết cấu, độ bền phương tiện thủy
Logistics và quản lý hàng hải"
436,Em muốn biết mã ngành của kĩ thuật môi trường,Có,"Giới thiệu
Sinh viên ngành KTMT được cung cấp: (i) Kiến thức kỹ thuật và công nghệ: (ii) Kỹ năng vận hành các hệ thống bảo vệ môi trường: (iii) Tự chủ đưa ra các giải pháp mang tính sáng tạo, nổi bật phù hợp phát triển kinh tế.
Thiết kế kỹ thuật, thi công, giám sát mạng lưới cấp thoát nước đô thị và công nghiệp, các công trình xử lý nước cấp, nước thải, khí thải, chất thải rắn phát sinh từ các hoạt động dân dụng, dịch vụ công nghiệp và nông nghiệp.
Vận hành và đánh giá các công trình và hệ thống kiểm soát ô nhiễm môi trường như hệ thống xử lý nước thải, khí thải, chất thải rắn sinh hoạt, công nghiệp và nguy hại.

Chương trình Dạy và học bằng tiếng Anh ngành Kỹ thuật Môi trường được tổ chức tại cơ sở nội thành (Quận 10) có những điểm nổi bật như sau:
Được giảng dạy hoàn toàn bằng tiếng Anh, bởi đội ngũ giáo sư trong nước và quốc tế từ các Trường Đại học danh tiếng ở Châu Á, Châu Âu, Úc, Nhật, Mỹ.
Sinh viên có cơ hội tiếp cận dễ dàng với các đề tài nghiên cứu khoa học hoặc các dự án nghiên cứu hợp tác của các giảng viên và giáo sư.
Điều kiện học tập: Trong môi trường cạnh tranh quốc tế cao, khả năng tự học tập nghiên cứu chuyên sâu. Sinh viên làm việc với Doanh nghiệp ngay tại ghế nhà trường, tham gia các dự án Quốc tế. Có thể tham gia đăng ký chương trình dạy và học bằng tiếng Anh 100% tại Cơ sở Lý Thường Kiệt.
Nhiều cơ hội học tập nâng cao (học bổng Thạc sĩ, Tiến sĩ và trao đổi) và công việc tương lai trong môi trường hội nhập quốc tế.

Mã ngành
Chương trình Tiêu chuẩn: 125
Chương trình Dạy và học bằng tiếng Anh: 225"
437,Kỹ thuật môi trường có phòng thí nghiệm không ạ?,Có,"Cơ sở vật chất
Phòng Thí nghiệm (PTN) Phân tích Môi trường (Environmental Analysis Laboratory)
Là PTN trọng tâm và chủ yếu phục vụ giảng dạy và nghiên cứu cho toàn bộ khoa và sinh viên. với diện tích 550m2 tại CS1 và 2.000 m2 tại CS2 (Dĩ An). PTN được trang bị đầy đủ các thiết bị hiện đại phục vụ cho việc phân tích các thông số môi trường từ cơ bản đến nâng cao như máy quang phổ AAS, GC-MS, HPLC, GC, TOC, ICP-OES, Zetasizer, UV-Vis....
PTN cũng có nhiều mô hình xử lý quy mô phòng thí nghiệm và quy mô thí điểm khác nhau để sinh viên thực hành và thực hiện các ý tưởng nghiên cứu của mình về kỹ thuật xử lý nước cấp, nước thải; kỹ thuật xử lý khí thải; và kỹ thuật xử lý chất thải rắn."
439,Học kĩ thuật môi trường thì có cơ hội vào công ty Grand ko?,"125 (Tiêu chuẩn), 225 (Dạy và học bằng tiếng Anh)","Giới thiệu
Sinh viên ngành KTMT được cung cấp: (i) Kiến thức kỹ thuật và công nghệ: (ii) Kỹ năng vận hành các hệ thống bảo vệ môi trường: (iii) Tự chủ đưa ra các giải pháp mang tính sáng tạo, nổi bật phù hợp phát triển kinh tế. Thiết kế kỹ thuật, thi công, giám sát mạng lưới cấp thoát nước đô thị và công nghiệp, các công trình xử lý nước cấp, nước thải, khí thải, chất thải rắn phát sinh từ các hoạt động dân dụng, dịch vụ công nghiệp và nông nghiệp. Vận hành và đánh giá các công trình và hệ thống kiểm soát ô nhiễm môi trường như hệ thống xử lý nước thải, khí thải, chất thải rắn sinh hoạt, công nghiệp và nguy hại.

Chương trình Dạy và học bằng tiếng Anh ngành Kỹ thuật Môi trường được tổ chức tại cơ sở nội thành (Quận 10) có những điểm nổi bật như sau: Được giảng dạy hoàn toàn bằng tiếng Anh, bởi đội ngũ giáo sư trong nước và quốc tế từ các Trường Đại học danh tiếng ở Châu Á, Châu Âu, Úc, Nhật, Mỹ. Sinh viên có cơ hội tiếp cận dễ dàng với các đề tài nghiên cứu khoa học hoặc các dự án nghiên cứu hợp tác của các giảng viên và giáo sư. Điều kiện học tập: Trong môi trường cạnh tranh quốc tế cao, khả năng tự học tập nghiên cứu chuyên sâu. Sinh viên làm việc với Doanh nghiệp ngay tại ghế nhà trường, tham gia các dự án Quốc tế. Có thể tham gia đăng ký chương trình dạy và học bằng tiếng Anh 100% tại Cơ sở Lý Thường Kiệt. Nhiều cơ hội học tập nâng cao (học bổng Thạc sĩ, Tiến sĩ và trao đổi) và công việc tương lai trong môi trường hội nhập quốc tế.

Mã ngành Chương trình Tiêu chuẩn: 125 Chương trình Dạy và học bằng tiếng Anh: 225"
440,Học kĩ thuật môi trường thì có cơ hội vào công ty Môi trường Dương Huỳnh ko?,"Phòng Thí nghiệm (PTN) Phân tích Môi trường (Environmental Analysis Laboratory) là PTN trọng tâm và chủ yếu phục vụ giảng dạy và nghiên cứu cho toàn bộ khoa và sinh viên, với diện tích 550 m2 tại CS1 và 2.000 m2 tại CS2 (Dĩ An). PTN được trang bị đầy đủ các thiết bị hiện đại phục vụ cho việc phân tích các thông số môi trường từ cơ bản đến nâng cao như máy quang phổ AAS, GC-MS, HPLC, GC, TOC, ICP-OES, Zetasizer, UV-Vis,... PTN cũng có nhiều mô hình xử lý quy mô phòng thí nghiệm và quy mô thí điểm khác nhau để sinh viên thực hành và thực hiện các ý tưởng nghiên cứu của mình về kỹ thuật xử lý nước cấp, nước thải; kỹ thuật xử lý khí thải; và kỹ thuật xử lý chất thải rắn.","Cơ sở vật chất
Phòng Thí nghiệm (PTN) Phân tích Môi trường (Environmental Analysis Laboratory)
Là PTN trọng tâm và chủ yếu phục vụ giảng dạy và nghiên cứu cho toàn bộ khoa và sinh viên. với diện tích 550m2 tại CS1 và 2.000 m2 tại CS2 (Dĩ An). PTN được trang bị đầy đủ các thiết bị hiện đại phục vụ cho việc phân tích các thông số môi trường từ cơ bản đến nâng cao như máy quang phổ AAS, GC-MS, HPLC, GC, TOC, ICP-OES, Zetasizer, UV-Vis....
PTN cũng có nhiều mô hình xử lý quy mô phòng thí nghiệm và quy mô thí điểm khác nhau để sinh viên thực hành và thực hiện các ý tưởng nghiên cứu của mình về kỹ thuật xử lý nước cấp, nước thải; kỹ thuật xử lý khí thải; và kỹ thuật xử lý chất thải rắn.

Vị trí việc làm
Sau khi tốt nghiệp, sinh viên ngành Kỹ thuật Môi trường có thể đảm nhiệm các vị trí và có hướng phát triển nghề nghiệp như sau:
Các công ty tư vấn thiết kế trong nước và quốc tế về cấp thoát nước, xử lý nước cấp – nước thải, khí thải và chất thải rắn
Các công ty thương mại về thiết bị quan trắc, kiểm soát ô nhiễm môi trường.
Các trung tâm, viện nghiên cứu và các trường đại học.
Các tổ chức tư nhân và công cộng trong lĩnh vực xử lý và kiểm soát ô nhiễm môi trường công nghiệp, đô thị và nông thôn."
444,Mã ngành thiết kế vi mạch,File thông tin về ngành Thiết kế vi mạch,"Giới thiệu
Chuyên ngành Thiết kế Vi mạch (chuyên ngành thuộc ngành Điện tử - Viễn Thông), là một trong những ngành đào tạo chất lượng cao, có tính ứng dụng cao và mang tính xu hướng toàn cầu. Thế kỷ XXI, những tiến bộ của khoa học công nghệ như trí tuệ nhân tạo. (AI), điện toán đám mây, phân tích dữ liệu lớn (Big Data), việc áp dụng các kỹ thuật này vào đời sống yêu cầu sự gia tăng đột biến việc sử dụng các chip, vi mạch điện tử trên toàn cầu. Do đó, xã hội đòi hỏi ngày càng tăng nhu cầu tuyển dụng các kỹ sư Thiết kế Vi mạch có trình độ cao để tham gia vào các công ty vi mạch trong và ngoài nước, cũng như để nghiên cứu, phát triển các chíp ứng dụng. Đây là cơ hội để ngành Thiết kế Vi mạch phát triển.

Chương trình đào tạo Thiết kế Vi mạch tại Trường Đại học Bách khoa - ĐHQG-HCM hướng tới giúp các sinh viên phát triển kỹ năng toàn diện và trở thành những chuyên gia trong lĩnh vực thiết kế vi mạch, đáp ứng nhu cầu về nguồn lực cho các công ty vi mạch và có khả năng giải quyết các thách thức công nghệ của thời đại. đóng góp cho sự phát triển của xã hội.

Chương trình đào tạo tập trung vào phát triển các kỹ năng chuyên môn cần thiết để sinh viên sau khi tốt nghiệp có khả năng nghiên cứu, thiết kế và ứng dụng công nghệ vi mạch vào đời sống. Bên cạnh đó, chương trình đào tạo còn hướng tới phát triển các kỹ năng mềm để sinh viên phát triển toàn diện, gợi mở khả năng tư duy, nghiên cứu, sáng tạo, thích nghi với sự phát triển không ngừng của công nghệ trong thời đại mới."
445,Hãy thuyết phục tôi vào ngành thiết kế vi mạch,"các cử nhân Kỹ thuật Tàu thủy của trường Đại học Bách khoa luôn được ưu tiên tuyển dụng vào các doanh nghiệp của ngành công nghiệp tàu thuỷ, logistics \-quản lý hàng hải và khai thác dầu khí, các công ty tư vấn \- thiết kế chuyên ngành kỹ thuật tàu thủy, dầu khí, năng lượng liên quan đến hệ thống đường ống, đặc biệt là các công ty của nước ngoài đồng ở TP.HCM, Vũng tàu và trên cả nước.  
Có khả năng tiếp tục học tập nghiên cứu nâng cao bậc Cao học và Tiến sĩ trong và ngoài nước tại các trường danh tiếng ở Mỹ, châu Âu, Hàn Quốc, Nhật Bản.","Giới thiệu
Chương trình sẽ trang bị cho sinh viên các kiến thức chuyên sâu trong lĩnh vực kỹ thuật tàu thủy: tính toán thiết kế, đóng mới và sửa chữa phương tiện thủy, công trình ngoài khơi và các phương tiện giao thông thủy thông minh, logistics và quản lý hàng hải. Chương trình đào tạo những kỹ sư có khả năng thiết kế phương tiện thủy, tính toán các hệ thống trên tàu thủy và công trình ngoài khơi, có phương pháp phân tích và khả năng áp dụng các phần mềm chuyên ngành, có khả năng khai thác và bảo trì các hệ thống động lực thuộc chuyên ngành kỹ thuật tàu thủy, logistics và quản lý hàng hải.
Bằng cấp khi tốt nghiệp: Cử nhân Kỹ thuật Tàu thủy
Thời gian đào tạo: 04 năm
Khối lượng học tập: 129 tín chỉ - bao gồm: 100 tín chỉ bắt buộc, 12 tín chỉ tự chọn, 9 tín chỉ tự chọn tự do và 8 tín chỉ ngoại ngữ (tiếng Anh).
Tuyển sinh:Theo quy định tuyển sinh hàng năm của Trường ĐH Bách khoa.
(hcmut.edu.vn/tuyen-sinh/dai-hoc-chinh-quy)
Điều kiện tốt nghiệp: Hoàn thành khối lượng học tập: đạt các chứng chỉ Giáo dục Quốc phòng và chứng chỉ Giáo dục Thể chất; đạt trình độ tiếng Anh TOEIC ≥ 600 với 4 kỹ năng Nghe - Nói - Đọc - Viết (chương trình Tiêu chuẩn) hay trình độ tiếng Anh IELTS 26.0 và tham gia đủ 15 ngày Công tác Xã hội.

Các điểm đặc biệt của ngành
Năm 2015, chương trình đại học ngành Kỹ thuật Tàu Thủy được xây dựng dựa trên các tiêu chí CDIO dành cho sinh viên khối ngành kỹ thuật. Ngoài ra, sinh viên còn được khuyến khích tham gia nghiên cứu khoa học thông qua các đề tài khoa học của khoa, các hoạt động thực hành thực tế tại phòng thí nghiệm kỹ thuật tàu thủy.

Hướng nghiên cứu của ngành
Thiết kế tính năng phương tiện thủy
Thiết kế hệ thống thiết bị động lực phương tiện thủy
Phân tích kết cấu, độ bền phương tiện thủy
Logistics và quản lý hàng hải

Vị trí việc làm
Các nhà tuyển dụng trong và ngoài nước đặc biệt quan tâm trong nhiều lĩnh vực liên quan đến kỹ thuật tàu thủy và công nghiệp phụ trợ, gồm: các công ty, nhà máy, xí nghiệp, cơ sở hoạt động trong lĩnh vực phương tiện thủy: các cơ quan tư vấn và chuyển giao công nghệ liên quan đến phương tiện thủy.... với vai trò là người lãnh đạo, quản lý, điều hành, thiết kế, tư vấn, phản biện, các trường đại học, cao đẳng, dạy nghề có chuyên ngành đào tạo liên quan đến phương tiện thủy.
Tốt nghiệp từ một trường đại học kỹ thuật hàng đầu tại Việt Nam, được trang bị đầy đủ về khoa học cơ bản và công nghệ tiên tiến, các cử nhân Kỹ thuật Tàu thủy của trường Đại học Bách khoa luôn được ưu tiên tuyển dụng vào các doanh nghiệp của ngành công nghiệp tàu thuỷ, logistics -quản lý hàng hải và khai thác dầu khí, các công ty tư vấn - thiết kế chuyên ngành kỹ thuật tàu thủy, dầu khí, năng lượng liên quan đến hệ thống đường ống, đặc biệt là các công ty của nước ngoài đồng ở TP.HCM, Vũng tàu và trên cả nước.
Có khả năng tiếp tục học tập nghiên cứu nâng cao bậc Cao học và Tiến sĩ trong và ngoài nước tại các trường danh tiếng ở Mỹ, châu Âu, Hàn Quốc, Nhật Bản."
446,Cơ hội việc làm của thiết kế vi mạch,"Học bổng Hội Cựu sinh viên:Dành cho các bạn sinh viên học lực \>= 6.50   
* Học bổng Motul, Bosch Vietnam, học bồng sau đại học tại Hàn Quốc, Đài Loan.","Học bổng
Học bổng Hội Cựu sinh viên:Dành cho các bạn sinh viên học lực >= 6.50 
Học bổng Motul, Bosch Vietnam, học bồng sau đại học tại Hàn Quốc, Đài Loan."
447,Làm sao để tôi biết thêm thông tin về ngành thiết kế vi mạch,"Văn phòng: C5 – 268 Lý Thường Kiệt, Quận 10, TP. HCM  
   Điện thoại: 0283 8653 508 \- 5657  
   Fax: 0283 8653 823  
   Website: https://fte.hcmut.edu.vn   
   Email: dte@hcmut.edu.vn  
   Trưởng khoa: PGS. TS. Trần Hữu Nhân  
   Email của trưởng khoa: thnhan@hcmut.edu.vn","Giới thiệu
Chuyên ngành Thiết kế Vi mạch (chuyên ngành thuộc ngành Điện tử - Viễn Thông), là một trong những ngành đào tạo chất lượng cao, có tính ứng dụng cao và mang tính xu hướng toàn cầu. Thế kỷ XXI, những tiến bộ của khoa học công nghệ như trí tuệ nhân tạo. (AI), điện toán đám mây, phân tích dữ liệu lớn (Big Data), việc áp dụng các kỹ thuật này vào đời sống yêu cầu sự gia tăng đột biến việc sử dụng các chip, vi mạch điện tử trên toàn cầu. Do đó, xã hội đòi hỏi ngày càng tăng nhu cầu tuyển dụng các kỹ sư Thiết kế Vi mạch có trình độ cao để tham gia vào các công ty vi mạch trong và ngoài nước, cũng như để nghiên cứu, phát triển các chíp ứng dụng. Đây là cơ hội để ngành Thiết kế Vi mạch phát triển.

Chương trình đào tạo Thiết kế Vi mạch tại Trường Đại học Bách khoa - ĐHQG-HCM hướng tới giúp các sinh viên phát triển kỹ năng toàn diện và trở thành những chuyên gia trong lĩnh vực thiết kế vi mạch, đáp ứng nhu cầu về nguồn lực cho các công ty vi mạch và có khả năng giải quyết các thách thức công nghệ của thời đại. đóng góp cho sự phát triển của xã hội.

Chương trình đào tạo tập trung vào phát triển các kỹ năng chuyên môn cần thiết để sinh viên sau khi tốt nghiệp có khả năng nghiên cứu, thiết kế và ứng dụng công nghệ vi mạch vào đời sống. Bên cạnh đó, chương trình đào tạo còn hướng tới phát triển các kỹ năng mềm để sinh viên phát triển toàn diện, gợi mở khả năng tư duy, nghiên cứu, sáng tạo, thích nghi với sự phát triển không ngừng của công nghệ trong thời đại mới."
448,Tôi có thể làm việc gì sau khi học xong ngành kỹ thuật tàu thủy?,PTN Trọng điểm Quốc gia Điều khiển kỹ thuật số và Kỹ thuật hệ thống,"Giới thiệu
Chương trình sẽ trang bị cho sinh viên các kiến thức chuyên sâu trong lĩnh vực kỹ thuật tàu thủy: tính toán thiết kế, đóng mới và sửa chữa phương tiện thủy, công trình ngoài khơi và các phương tiện giao thông thủy thông minh, logistics và quản lý hàng hải. Chương trình đào tạo những kỹ sư có khả năng thiết kế phương tiện thủy, tính toán các hệ thống trên tàu thủy và công trình ngoài khơi, có phương pháp phân tích và khả năng áp dụng các phần mềm chuyên ngành, có khả năng khai thác và bảo trì các hệ thống động lực thuộc chuyên ngành kỹ thuật tàu thủy, logistics và quản lý hàng hải.
Bằng cấp khi tốt nghiệp: Cử nhân Kỹ thuật Tàu thủy
Thời gian đào tạo: 04 năm
Khối lượng học tập: 129 tín chỉ - bao gồm: 100 tín chỉ bắt buộc, 12 tín chỉ tự chọn, 9 tín chỉ tự chọn tự do và 8 tín chỉ ngoại ngữ (tiếng Anh).
Tuyển sinh:Theo quy định tuyển sinh hàng năm của Trường ĐH Bách khoa.
(hcmut.edu.vn/tuyen-sinh/dai-hoc-chinh-quy)
Điều kiện tốt nghiệp: Hoàn thành khối lượng học tập: đạt các chứng chỉ Giáo dục Quốc phòng và chứng chỉ Giáo dục Thể chất; đạt trình độ tiếng Anh TOEIC ≥ 600 với 4 kỹ năng Nghe - Nói - Đọc - Viết (chương trình Tiêu chuẩn) hay trình độ tiếng Anh IELTS 26.0 và tham gia đủ 15 ngày Công tác Xã hội.

Các điểm đặc biệt của ngành
Năm 2015, chương trình đại học ngành Kỹ thuật Tàu Thủy được xây dựng dựa trên các tiêu chí CDIO dành cho sinh viên khối ngành kỹ thuật. Ngoài ra, sinh viên còn được khuyến khích tham gia nghiên cứu khoa học thông qua các đề tài khoa học của khoa, các hoạt động thực hành thực tế tại phòng thí nghiệm kỹ thuật tàu thủy.

Hướng nghiên cứu của ngành
Thiết kế tính năng phương tiện thủy
Thiết kế hệ thống thiết bị động lực phương tiện thủy
Phân tích kết cấu, độ bền phương tiện thủy
Logistics và quản lý hàng hải

Vị trí việc làm
Các nhà tuyển dụng trong và ngoài nước đặc biệt quan tâm trong nhiều lĩnh vực liên quan đến kỹ thuật tàu thủy và công nghiệp phụ trợ, gồm: các công ty, nhà máy, xí nghiệp, cơ sở hoạt động trong lĩnh vực phương tiện thủy: các cơ quan tư vấn và chuyển giao công nghệ liên quan đến phương tiện thủy.... với vai trò là người lãnh đạo, quản lý, điều hành, thiết kế, tư vấn, phản biện, các trường đại học, cao đẳng, dạy nghề có chuyên ngành đào tạo liên quan đến phương tiện thủy."
450,Thông tin liên hệ của khoa kỹ thuật giao thông?,http://www.dcselab.edu.vn/,"Giới thiệu
Trong nền kinh tế, ngành Kỹ thuật Xây dựng Công trình Giao thông là một phần quan trọng. Các công trình giao thông như cầu đường bộ, đường sắt, đường hầm và sân bay ngày càng cần thiết khi xã hội phát triển.
Ngành Kỹ thuật Xây dựng Công trình Giao thông, dưới sự quản lý của bộ môn Cầu Đường, được khởi lập rất sớm khi còn ở trường Cao đẳng Công Chánh và sau này thành trường Đại học Bách khoa - ĐHQG-HCM năm 1976. Bộ môn Cầu Đường đã có phòng thí nghiệm được tài trợ bởi cơ quan UNESCO ngay từ khi thành lập. Nhiều thế hệ kỹ sư cầu đường đã trưởng thành trong nghề và đã đóng góp đáng kể vào việc xây dựng hệ thống giao thông của cả nước, đặc biệt là ở khu vực phía Nam như cầu Mỹ Thuận 2, cầu Ba Son, tuyến metro số 1 và các tuyến đường trọng yếu các tỉnh cũng như các đường thuộc các khu công nghiệp từ Tây Ninh đến Bình Dương, Long An, Đồng Nai... Chương trình đào tạo có lịch sử lâu đời có sự kế thừa cao và được phát triển tiếp cận theo các kỹ thuật, tiêu chuẩn và công nghệ mới của ngành Kỹ thuật Xây dựng Công trình Giao thông thông qua thực tập ở các doanh nghiệp, cơ quan nhà nước lớn.
Sinh viên được đào tạo các kiến thức xã hội chuyên ngành cơ sở về xây dựng và kiến thức chuyên môn ngành giao thông để có thể vận dụng sáng tạo và hiệu quả vào quá trình phân tích tình hình thiết kế thực tế, đề xuất các giải pháp kết cấu, công nghệ và giải quyết những vấn đề trong xây dựng công trình giao thông hay hệ thống giao thông (kẹt xe, hệ thống giao thông thông minh. tổ chức giao thông trong các khu đô thị mới....). Chuyên môn ngành được đảm bảo từ 12 giảng viên cơ hữu gồm 05 phó giáo sư, 05 tiến sĩ. 02 thạc sĩ đều được đào tạo sau đại học từ nước ngoài kết hợp với các cựu sinh viên đang làm việc trong doanh nghiệp, cơ quan nhà nước"
451,Phòng lab nghiên cứu khoa học ở trường Đại học Bách Khoa -ĐHQG-HCM do thầy Nguyễn Tấn Tiến đứng đầu tên gì?,"PGS. TS. Nguyễn Tấn Tiến, email nttien@hcmut.edu.vn","Ngành Kỹ thuật Xây dựng thuộc nhóm ngành Xây dựng với chương trình đào tạo cử nhân xây dựng có năng lực chuyên môn từ cơ bản đến chuyên sâu về ngành Xây dựng, có phẩm chất chính trị, đạo đức và sức khỏe tốt, đáp ứng nhu cầu lao động có trình độ kỹ thuật cao của đất nước. Sinh viên ngành Kỹ thuật Xây dựng có thể vận dụng sáng tạo và hiệu quả vào quá trình phân tích tình hình thiết kế thực tế, đề xuất các giải pháp kết cấu, công nghệ và giải quyết những vấn đề kỹ thuật trong hoạt động thực tiễn. Bên cạnh các kiến thức chuyên môn, sinh viên còn được trang bị các kỹ năng mềm khác trong quá trình học để đáp ứng nhu cầu công việc hiện tại, giải quyết những vấn đề trong xây dựng công trình giao thông hay hệ thống giao thông (kẹt xe, hệ thống giao thông thông minh, tổ chức giao thông trong các khu đô thị mới,...). Chuyên môn ngành được đảm bảo từ 12 giảng viên cơ hữu gồm 05 phó giáo sư, 05 tiến sĩ, 02 thạc sĩ đều được đào tạo sau đại học từ nước ngoài kết hợp với các cựu sinh viên đang làm việc trong doanh nghiệp, cơ quan nhà nước."
452,Phòng lab Trọng điểm Quốc gia Điều khiển Kỹ thuật số và Kỹ thuật Hệ thống do ai đứng đầu?,Phòng thí nghiệm nào?,"Giới thiệu

Ngành Kỹ thuật Điều khiển và Tự động hóa dành cho các sinh viên có sở thích liên quan đến thiết kế, chế tạo thiết bị điều khiển và thiết kế, lập trình tự động hóa trong các hệ thống sản xuất công nghiệp. Chương trình đào tạo có tính liên ngành bao gồm các môn học cốt lõi cần thiết về kỹ thuật điều khiển, kỹ thuật điện - điện tử và kỹ thuật lập trình.

Chương trình đào tạo được xây dựng theo hai hướng chuyên ngành Kỹ thuật Điều khiển và Công nghệ Tự động hóa, nhằm mục tiêu đào tạo người kỹ sư có khả năng giải quyết những vấn đề liên quan đến thiết kế bộ điều khiển cho máy móc công nghiệp, robot, xe tự hành; có khả năng áp dụng các công nghệ tự động hóa tiên tiến nhằm phục vụ sự nghiệp công nghiệp hóa và hiện đại hóa đất nước.

Mã ngành

Chương trình Tiêu chuẩn: 108
Chương trình Tiên tiến: 208

Các điểm đặc biệt của ngành

Chương trình đào tạo được xây dựng theo cách tiếp cận tiên tiến: kiến thức chuyên ngành về Điện - Điện tử, kiến thức chuyên sâu về thiết kế, chế tạo bộ điều khiển, kiến thức tích hợp về thiết kế, lập trình tự động hóa trong công nghiệp.

Chương trình đào tạo được xây dựng trên nền tảng thực hành chuyên sâu về kỹ năng thiết kế hệ thống điều khiển, người học được thực hành trên các thiết bị công nghiệp hiện đại và được cập nhật thường xuyên.

Sau khi hoàn thành chương trình đào tạo. người học có khả năng áp dụng kiến thức và kỹ năng đã học để nắm bắt ý tưởng thiết kế, triển khai và vận hành các hệ thống tự động hóa trong thực tế.

Cơ sở vật chất chất lượng cao

Các phòng thí nghiệm được trang bị hiện đại, được tài trợ từ các tập đoàn công nghiệp lớn như Siemens. Schneider Electric, Endress+Hauser, Rockwell Automation, Yaskawa,... Trong đó, có các phòng thí nghiệm thực hành điển hình: Phòng thực hành robot Yaskawa, Phòng thực hành tự động hóa IOT Siemens, Phòng nghiên cứu thiết kế phương tiện tự hành, Phòng thí nghiệm cảm biến đo lường."
453,Trang web hoặc website chính thức của phòng thí nghiệm Điều khiển Kỹ thuật số và Kỹ thuật Hệ thống là gì?,Phòng thí nghiệm nào?,"Giới thiệu

Ngành Kỹ thuật Điều khiển và Tự động hóa dành cho các sinh viên có sở thích liên quan đến thiết kế, chế tạo thiết bị điều khiển và thiết kế, lập trình tự động hóa trong các hệ thống sản xuất công nghiệp. Chương trình đào tạo có tính liên ngành bao gồm các môn học cốt lõi cần thiết về kỹ thuật điều khiển, kỹ thuật điện - điện tử và kỹ thuật lập trình.

Chương trình đào tạo được xây dựng theo hai hướng chuyên ngành Kỹ thuật Điều khiển và Công nghệ Tự động hóa, nhằm mục tiêu đào tạo người kỹ sư có khả năng giải quyết những vấn đề liên quan đến thiết kế bộ điều khiển cho máy móc công nghiệp, robot, xe tự hành; có khả năng áp dụng các công nghệ tự động hóa tiên tiến nhằm phục vụ sự nghiệp công nghiệp hóa và hiện đại hóa đất nước.

Mã ngành

Chương trình Tiêu chuẩn: 108
Chương trình Tiên tiến: 208

Các điểm đặc biệt của ngành

Chương trình đào tạo được xây dựng theo cách tiếp cận tiên tiến: kiến thức chuyên ngành về Điện - Điện tử, kiến thức chuyên sâu về thiết kế, chế tạo bộ điều khiển, kiến thức tích hợp về thiết kế, lập trình tự động hóa trong công nghiệp.

Chương trình đào tạo được xây dựng trên nền tảng thực hành chuyên sâu về kỹ năng thiết kế hệ thống điều khiển, người học được thực hành trên các thiết bị công nghiệp hiện đại và được cập nhật thường xuyên.

Sau khi hoàn thành chương trình đào tạo. người học có khả năng áp dụng kiến thức và kỹ năng đã học để nắm bắt ý tưởng thiết kế, triển khai và vận hành các hệ thống tự động hóa trong thực tế."
454,Cho tôi hỏi thông tin liên lạc của người đứng đầu phòng thí nghiệm về Điều khiển Kỹ thuật số và Kỹ thuật Hệ thống được không?,PGS. TS. Nguyễn Trần Hà,"PTN Trọng điểm Quốc gia Vật liệu Polyme và Compozit
Văn phòng: C6 - 268 Lý Thường Kiệt, Phường 14, Quận 10, TP.HCM
Trưởng PTN: PGS. TS. Nguyễn Trần Hà
Email trưởng PTN: nguyentranha@hcmut.edu.vn"
455,Phòng lab Trọng điểm Quốc gia vật liệu Polyme và Compozit do ai đứng đầu?,Không đủ dữ kiện,"PTN Trọng điểm Quốc gia Vật liệu Polyme và Compozit
Văn phòng: C6 - 268 Lý Thường Kiệt, Phường 14, Quận 10, TP.HCM
Trưởng PTN: PGS. TS. Nguyễn Trần Hà
Email trưởng PTN: nguyentranha@hcmut.edu.vn"
456,Phòng lab nghiên cứu ở Đại học Bách Khoa - ĐHQG-HCM do thầy Nguyễn Trần Hà đứng đầu tên là gì?,"Không có website chính thức, chỉ có địa chỉ nhà C6 và email trưởng phòng nguyentranha@hcmut.edu.vn","PTN Trọng điểm Quốc gia Vật liệu Polyme và Compozit
Văn phòng: C6 - 268 Lý Thường Kiệt, Phường 14, Quận 10, TP.HCM
Trưởng PTN: PGS. TS. Nguyễn Trần Hà
Email trưởng PTN: nguyentranha@hcmut.edu.vn"
457,Phòng thí nghiệm về vật liệu Polyme và Compozit của thầy Nguyễn Trần Hà có trang web hay website chính thức không?,028.3864.7256 nội bộ 6309,"PTN Trọng điểm ĐHQG-HCM Công nghệ hóa học và Dầu khí
Văn phòng: Phòng 118 và 118, Tòa nhà B2, Trường Đại học Bách khoa, 268 Lý Thường Kiệt, Phường 14, Quận 10, TP. HCM
Điện thoại: 028.3864.7256 nội bộ 6309
Email: keylabcepp@hcmut.edu.vn 
Trưởng PTN: PGS. TS. Nguyễn Hữu Hiếu
Email trưởng PTN: nhhieubk@hcmut.edu.vn"
458,Phòng thí nghiệm Trọng Điểm ĐHQG-HCM Công nghệ hóa học và Dầu khí do ai đang phụ trách?,email liên lạc cho Trọng điểm ĐHQG-HCM về Công nghệ hóa học và Dầu khí,"PTN Trọng điểm ĐHQG-HCM Công nghệ hóa học và Dầu khí
Văn phòng: Phòng 118 và 118, Tòa nhà B2, Trường Đại học Bách khoa, 268 Lý Thường Kiệt, Phường 14, Quận 10, TP. HCM
Điện thoại: 028.3864.7256 nội bộ 6309
Email: keylabcepp@hcmut.edu.vn 
Trưởng PTN: PGS. TS. Nguyễn Hữu Hiếu
Email trưởng PTN: nhhieubk@hcmut.edu.vn"
459,Văn phòng của Phòng thí nghiệm Trọng Điểm ĐHQG-HCM Công nghệ hóa học và Dầu khí ở đâu trong Trường Đại học Bách Khoa?,"Văn phòng: Phòng 118, Tòa nhà B2, Trường Đại học Bách khoa, 268 Lý Thường Kiệt, Phường 14, Quận 10, TP. HCM  
   Điện thoại: 028.3864.7256 nội bộ 6309  
   Email: keylabcepp@hcmut.edu.vn   
   Trưởng PTN: PGS. TS. Nguyễn Hữu Hiếu  
   Email trưởng PTN: [nhhieubk@hcmut.edu.vn](mailto:nhhieubk@hcmut.edu.vn)","PTN Trọng điểm ĐHQG-HCM Công nghệ hóa học và Dầu khí
Văn phòng: Phòng 118 và 118, Tòa nhà B2, Trường Đại học Bách khoa, 268 Lý Thường Kiệt, Phường 14, Quận 10, TP. HCM
Điện thoại: 028.3864.7256 nội bộ 6309
Email: keylabcepp@hcmut.edu.vn 
Trưởng PTN: PGS. TS. Nguyễn Hữu Hiếu
Email trưởng PTN: nhhieubk@hcmut.edu.vn"
460,Có những số điện thoại nào để tôi có thiể liên lạc với Phòng thí nghiệm Trọng Điểm ĐHQG-HCM Công nghệ hóa học và Dầu khí?,Trưởng phòng thí nghiệm của PTN Trọng điểm ĐHQG-HCM Động cơ đốt trong,"PTN Trọng điểm ĐHQG-HCM Động cơ đốt trong
Văn phòng: Nhà C3 - 268 Lý Thường Kiệt, Phường 14, Quận 10, TP.HCM
Số điện thoại: 0287 3010 071
Trưởng PTN: PGS. TS. Ngô Khánh Hiếu
Email: ngokhanhhieu@hcmut.edu.vn"
461,"Tôi có thấy một email này trên web của trường: ""keylabcepp@hcmut.edu.vn "", cho tôi hỏi đây là email để liên lạc với bộ phận hay thầy cô nào vậy?",Không đủ dữ kiện,"PTN Trọng điểm ĐHQG-HCM Công nghệ hóa học và Dầu khí
Văn phòng: Phòng 118 và 118, Tòa nhà B2, Trường Đại học Bách khoa, 268 Lý Thường Kiệt, Phường 14, Quận 10, TP. HCM
Điện thoại: 028.3864.7256 nội bộ 6309
Email: keylabcepp@hcmut.edu.vn 
Trưởng PTN: PGS. TS. Nguyễn Hữu Hiếu
Email trưởng PTN: nhhieubk@hcmut.edu.vn"
462,Cho tôi hỏi là nếu muốn liên lạc trực tiếp với trưởng Phòng thí nghiệm Trọng Điểm ĐHQG-HCM Công nghệ hóa học và Dầu khí thì có thể liên lạc qua hình thức nào?,0287 3010 071,"PTN Trọng điểm ĐHQG-HCM Động cơ đốt trong
Văn phòng: Nhà C3 - 268 Lý Thường Kiệt, Phường 14, Quận 10, TP.HCM
Số điện thoại: 0287 3010 071
Trưởng PTN: PGS. TS. Ngô Khánh Hiếu
Email: ngokhanhhieu@hcmut.edu.vn"
463,"Tôi nhớ là thầy PGS. TS. Ngô Khánh Hiếu có làm trưởng 1 phòng thí nghiệm trong trường Đại học Bách Khoa, cho tôi hỏi đó là phòng thí nghiệm nào?",ngokhanhhieu@hcmut.edu.vn,"PTN Trọng điểm ĐHQG-HCM Động cơ đốt trong
Văn phòng: Nhà C3 - 268 Lý Thường Kiệt, Phường 14, Quận 10, TP.HCM
Số điện thoại: 0287 3010 071
Trưởng PTN: PGS. TS. Ngô Khánh Hiếu
Email: ngokhanhhieu@hcmut.edu.vn"
464,Có số điện thoại nào để có thể liên lạc với phòng thí nghiệm Trọng điểm ĐHQG-HCM Động cơ đốt trong không?,TS. Nguyễn Thanh Tùng,"PTN Trọng điểm ĐHQG-HCM Nghiên cứu Cấu trúc Vật liệu
Văn phòng: Nhà B2 - 268 Lý Thường Kiệt, Phường 14, Quận 10, TP.HCM
Trưởng PTN: TS. Nguyễn Thanh Tùng
Email: tungtn@hcmut.edu.vn"
465,Cung cấp cho tôi email để tôi có thể liên lạc trực tiếp vời thầy PGS. TS. Ngô Khánh Hiếu.,tungtn@hcmut.edu.vn,"PTN Trọng điểm ĐHQG-HCM Nghiên cứu Cấu trúc Vật liệu
Văn phòng: Nhà B2 - 268 Lý Thường Kiệt, Phường 14, Quận 10, TP.HCM
Trưởng PTN: TS. Nguyễn Thanh Tùng
Email: tungtn@hcmut.edu.vn"
466,Cho tôi hỏi học vị của trưởng Phòng thí nghiệm Trọng điểm ĐHQG-HCM Công nghệ hóa học và Dầu khí và trưởng Phòng thí nghiệm Trọng điểm ĐHQG-HCM Động cơ đốt trong.,"Nhà B2 \- 268 Lý Thường Kiệt, Phường 14, Quận 10, TP.HCM","PTN Trọng điểm ĐHQG-HCM Công nghệ hóa học và Dầu khí
Văn phòng: Phòng 118 và 118, Tòa nhà B2, Trường Đại học Bách khoa, 268 Lý Thường Kiệt, Phường 14, Quận 10, TP. HCM
Điện thoại: 028.3864.7256 nội bộ 6309
Email: keylabcepp@hcmut.edu.vn 
Trưởng PTN: PGS. TS. Nguyễn Hữu Hiếu
Email trưởng PTN: nhhieubk@hcmut.edu.vn

PTN Trọng điểm ĐHQG-HCM Động cơ đốt trong
Văn phòng: Nhà C3 - 268 Lý Thường Kiệt, Phường 14, Quận 10, TP.HCM
Số điện thoại: 0287 3010 071
Trưởng PTN: PGS. TS. Ngô Khánh Hiếu
Email: ngokhanhhieu@hcmut.edu.vn"
467,Cho tôi biết ai là người đang phụ trách phòng thí nghiệm Nghiên cứu Cấu trúc Vật liệu thuộc ĐHQG-HCM ?,PGS. TS. Bùi Xuân Thành,"PTN Trọng điểm ĐHQG-HCM Công nghệ xử lý chất thải bậc cao
Văn phòng: Nhà B7 - 268 Lý Thường Kiệt, Phường 14, Quận 10, TP.HCM 
Điện thoại: 0283 8688 971
Fax: 0283 8688 971 
Email: wastetechlab@hcmut.edu.vn 
Trưởng PTN: PGS. TS. Bùi Xuân Thành 
Email Trưởng PTN: bxthanh@hcmut.edu.vn"
468,"Tôi muốn gửi email cho Trưởng phòng thí nghiệm Cấu trúc Vật liệu để hỏi thông tin nghiên cứu, tôi nên dùng địa chỉ email nào?",0283 8688 971,"PTN Trọng điểm ĐHQG-HCM Công nghệ xử lý chất thải bậc cao
Văn phòng: Nhà B7 - 268 Lý Thường Kiệt, Phường 14, Quận 10, TP.HCM 
Điện thoại: 0283 8688 971
Fax: 0283 8688 971 
Email: wastetechlab@hcmut.edu.vn 
Trưởng PTN: PGS. TS. Bùi Xuân Thành 
Email Trưởng PTN: bxthanh@hcmut.edu.vn"
469,"Vậy phòng thí nghiệm Nghiên cứu Cấu trúc Vật liệu nằm tại cơ sở nào của TP.HCM, địa chỉ cụ thể là gì ?",wastetechlab@hcmut.edu.vn,"PTN Trọng điểm ĐHQG-HCM Công nghệ xử lý chất thải bậc cao
Văn phòng: Nhà B7 - 268 Lý Thường Kiệt, Phường 14, Quận 10, TP.HCM 
Điện thoại: 0283 8688 971
Fax: 0283 8688 971 
Email: wastetechlab@hcmut.edu.vn 
Trưởng PTN: PGS. TS. Bùi Xuân Thành 
Email Trưởng PTN: bxthanh@hcmut.edu.vn"
470,Ai là người đứng đầu phòng thí nghiệm Công nghệ xử lý chất thải bậc cao?,Trung tâm Nghiên cứu về nước khu vực châu Á (CARE-Rescif),"Trung tâm Nghiên cứu về nước khu vực châu Á (CARE-Rescif)
Văn phòng: Nhà B7, 268 Lý Thường Kiệt, Phường 14, Quận 10, TP.HCM
Điện thoại: 0283 8661 257
Email: care-rescif@hcmut.edu.vn
Website: https://www.carerescif.hcmut.edu.vn
Giám đốc: TS. Hồ Tuấn Đức"
471,Cung cấp số điện thoại để gọi đến phòng thí nghiệm Xử lý chất thải bậc cao,PTN Trọng điểm ĐHQG-HCM Nghiên cứu Cấu trúc Vật liệu,"PTN Trọng điểm ĐHQG-HCM Công nghệ xử lý chất thải bậc cao
Văn phòng: Nhà B7 - 268 Lý Thường Kiệt, Phường 14, Quận 10, TP.HCM 
Điện thoại: 0283 8688 971
Fax: 0283 8688 971 
Email: wastetechlab@hcmut.edu.vn 
Trưởng PTN: PGS. TS. Bùi Xuân Thành 
Email Trưởng PTN: bxthanh@hcmut.edu.vn"
472,"Email chính thức của phòng thí nghiệm Xử lý chất thải bậc cao là gì nếu tôi muốn liên hệ chung, không phải cá nhân?",PGS. TS. Bùi Xuân Thành,"PTN Trọng điểm ĐHQG-HCM Công nghệ xử lý chất thải bậc cao
Văn phòng: Nhà B7 - 268 Lý Thường Kiệt, Phường 14, Quận 10, TP.HCM 
Điện thoại: 0283 8688 971
Fax: 0283 8688 971 
Email: wastetechlab@hcmut.edu.vn 
Trưởng PTN: PGS. TS. Bùi Xuân Thành 
Email Trưởng PTN: bxthanh@hcmut.edu.vn"
473,"Phòng thí nghiệm nào nằm ở địa chỉ Nhà B7 - 268 Lý Thường Kiệt, Phường 14, Quận 10, TP.HCM ?","Nhà B2, email tungtn@hcmut.edu.vn","PTN Trọng điểm ĐHQG-HCM Nghiên cứu Cấu trúc Vật liệu
Văn phòng: Nhà B2 - 268 Lý Thường Kiệt, Phường 14, Quận 10, TP.HCM
Trưởng PTN: TS. Nguyễn Thanh Tùng
Email: tungtn@hcmut.edu.vn"
474,TS. Nguyễn Thanh Tùng là người quản lí phòng thí nghiệm nào ?,PGS. TS. Trần Văn Khải,"PTN Trọng điểm ĐHQG-HCM Công nghệ Vật liệu
Văn phòng: Nhà C4 - 268 Lý Thường Kiệt, Phường 14, Quận 10, TP.HCM
Điện thoại: 0283 8647 256 - 5798
Trưởng PTN: PGS. TS. Trần Văn Khải 
Email: tvkhai1509@hcmut.edu.vn"
475,Cho tôi biết học vị của người quản lí phòng thí nghiệm Xử lý chất thải bậc cao ?,Nhà C4,"PTN Trọng điểm ĐHQG-HCM Công nghệ Vật liệu
Văn phòng: Nhà C4 - 268 Lý Thường Kiệt, Phường 14, Quận 10, TP.HCM
Điện thoại: 0283 8647 256 - 5798
Trưởng PTN: PGS. TS. Trần Văn Khải 
Email: tvkhai1509@hcmut.edu.vn"
476,Làm sao để liên lạc với TS. Nguyễn Thanh Tùng ?,Không đủ dữ kiện,"PTN Trọng điểm ĐHQG-HCM Nghiên cứu Cấu trúc Vật liệu
Văn phòng: Nhà B2 - 268 Lý Thường Kiệt, Phường 14, Quận 10, TP.HCM
Trưởng PTN: TS. Nguyễn Thanh Tùng
Email: tungtn@hcmut.edu.vn"
478,Văn phòng của phòng thí nghiệm Trọng điểm ĐHQG-HCM Công nghệ Vật liệu nằm ở đâu ?,phòng thí nghiệm Trọng điểm ĐHQG-HCM Công nghệ Vật liệu,"PTN Trọng điểm ĐHQG-HCM Công nghệ Vật liệu
Văn phòng: Nhà C4 - 268 Lý Thường Kiệt, Phường 14, Quận 10, TP.HCM
Điện thoại: 0283 8647 256 - 5798
Trưởng PTN: PGS. TS. Trần Văn Khải 
Email: tvkhai1509@hcmut.edu.vn"
479,Làm cách nào để liên lạc với người quản lý Phòng thí nghiệm này - PGS. TS. Trần Văn Khải ?,"Tầng 4, Nhà B2, 268 Lý Thường Kiệt, Phường 14, Quận 10, TP. HCM","PTN Trọng điểm ĐHQG-HCM Công nghệ Vật liệu
Văn phòng: Nhà C4 - 268 Lý Thường Kiệt, Phường 14, Quận 10, TP.HCM
Điện thoại: 0283 8647 256 - 5798
Trưởng PTN: PGS. TS. Trần Văn Khải 
Email: tvkhai1509@hcmut.edu.vn

Trung tâm Công nghệ Thông tin Địa lý (DITAGIS)
Văn phòng:  Tầng 4, Nhà B2, 268 Lý Thường Kiệt, Phường 14, Quận 10, TP. HCM
Điện thoại: 0283 8642 768  
Website: http://www.ditagis.hcmut.edu.vn
Giám đốc: ThS. Lưu Đình Hiệp
Email: hiepld_gis@hcmut.edu.vn"
480,Hiện nay PGS. TS. Trần Văn Khải có đang quản lý Phòng thí nghiệm nào của ĐHQG-HCM không ?,Không đủ dữ kiện,"PTN Trọng điểm ĐHQG-HCM Công nghệ Vật liệu
Văn phòng: Nhà C4 - 268 Lý Thường Kiệt, Phường 14, Quận 10, TP.HCM
Điện thoại: 0283 8647 256 - 5798
Trưởng PTN: PGS. TS. Trần Văn Khải 
Email: tvkhai1509@hcmut.edu.vn"
481,Ai hiện đang là người phụ trách Trung tâm Công nghệ Địa lý (DITAGIS) ?,Không đủ dữ kiện,"Trung tâm Công nghệ Thông tin Địa lý (DITAGIS)
Văn phòng:  Tầng 4, Nhà B2, 268 Lý Thường Kiệt, Phường 14, Quận 10, TP. HCM
Điện thoại: 0283 8642 768  
Website: http://www.ditagis.hcmut.edu.vn
Giám đốc: ThS. Lưu Đình Hiệp
Email: hiepld_gis@hcmut.edu.vn"
482,Văn phòng của Trung tâm Công nghệ Địa lý (DITAGIS) nằm ở đâu ?,hiepld_gis@hcmut.edu.vn,"Trung tâm Công nghệ Thông tin Địa lý (DITAGIS)
Văn phòng:  Tầng 4, Nhà B2, 268 Lý Thường Kiệt, Phường 14, Quận 10, TP. HCM
Điện thoại: 0283 8642 768  
Website: http://www.ditagis.hcmut.edu.vn
Giám đốc: ThS. Lưu Đình Hiệp
Email: hiepld_gis@hcmut.edu.vn"
483,Làm sao để liên lạc với người phụ trách Trung tâm này - Th.S Lưu Đình Hiệp ?,Trường Đại học Bách khoa TP.HCM (HCMUT),"Trung tâm Công nghệ Thông tin Địa lý (DITAGIS)
Văn phòng:  Tầng 4, Nhà B2, 268 Lý Thường Kiệt, Phường 14, Quận 10, TP. HCM
Điện thoại: 0283 8642 768  
Website: http://www.ditagis.hcmut.edu.vn
Giám đốc: ThS. Lưu Đình Hiệp
Email: hiepld_gis@hcmut.edu.vn"
484,Trung tâm Nghiên cứu về nước khu vực châu Á (CARE-Rescif) đặt văn phòng tại địa chỉ nào?,0283 8651 730,"Trung tâm nghiên cứu Vật liệu Polyme 
Văn phòng: 268 Lý Thường Kiệt, Quận 10, TP. HCM
Điện thoại: 0283 8651 730
Giám đốc: PGS. TS. Huỳnh Đại Phú
Email của Giám đốc: hdphu@hcmut.edu.vn"
485,Ai là giám đốc của Trung tâm CARE-Rescif?,PGS. TS. Huỳnh Đại Phú,"Trung tâm nghiên cứu Vật liệu Polyme 
Văn phòng: 268 Lý Thường Kiệt, Quận 10, TP. HCM
Điện thoại: 0283 8651 730
Giám đốc: PGS. TS. Huỳnh Đại Phú
Email của Giám đốc: hdphu@hcmut.edu.vn"
486,Trung tâm CARE-Rescif thuộc trường đại học nào?,hdphu@hcmut.edu.vn,"Trung tâm Nghiên cứu về nước khu vực châu Á (CARE-Rescif)
Văn phòng: Nhà B7, 268 Lý Thường Kiệt, Phường 14, Quận 10, TP.HCM
Điện thoại: 0283 8661 257
Email: care-rescif@hcmut.edu.vn
Website: https://www.carerescif.hcmut.edu.vn
Giám đốc: TS. Hồ Tuấn Đức

Trung tâm nghiên cứu Vật liệu Polyme 
Văn phòng: 268 Lý Thường Kiệt, Quận 10, TP. HCM
Điện thoại: 0283 8651 730
Giám đốc: PGS. TS. Huỳnh Đại Phú
Email của Giám đốc: hdphu@hcmut.edu.vn"
487,Số điện thoại của Trung tâm nghiên cứu Vật liệu Polyme là bao nhiêu?,PGS. TS. Huỳnh Đại Phú,"Trung tâm nghiên cứu Vật liệu Polyme 
Văn phòng: 268 Lý Thường Kiệt, Quận 10, TP. HCM
Điện thoại: 0283 8651 730
Giám đốc: PGS. TS. Huỳnh Đại Phú
Email của Giám đốc: hdphu@hcmut.edu.vn"
488,Giám đốc của Trung tâm nghiên cứu Vật liệu Polyme là ai?,http://www.carerescif.hcmut.edu.vn,"Trung tâm nghiên cứu Vật liệu Polyme 
Văn phòng: 268 Lý Thường Kiệt, Quận 10, TP. HCM
Điện thoại: 0283 8651 730
Giám đốc: PGS. TS. Huỳnh Đại Phú
Email của Giám đốc: hdphu@hcmut.edu.vn"
489,Email của giám đốc Trung tâm nghiên cứu Vật liệu Polyme là gì?,0283 8661 257,"Trung tâm nghiên cứu Vật liệu Polyme 
Văn phòng: 268 Lý Thường Kiệt, Quận 10, TP. HCM
Điện thoại: 0283 8651 730
Giám đốc: PGS. TS. Huỳnh Đại Phú
Email của Giám đốc: hdphu@hcmut.edu.vn"
490,Chức danh học thuật của giám đốc Trung tâm nghiên cứu Vật liệu Polyme là gì?,"268 Lý Thường Kiệt, Quận 10, TP. HCM","Trung tâm nghiên cứu Vật liệu Polyme 
Văn phòng: 268 Lý Thường Kiệt, Quận 10, TP. HCM
Điện thoại: 0283 8651 730
Giám đốc: PGS. TS. Huỳnh Đại Phú
Email của Giám đốc: hdphu@hcmut.edu.vn"
491,Có thể truy cập thông tin về CARE-Rescif thông qua địa chỉ web nào?,TS. Lưu Xuân Lộc,"Trung tâm Nghiên cứu Ứng dụng Công nghệ Xây dựng
Văn phòng: B6 – 268 Lý Thường Kiệt, Phường 14, Quận 10, TP. HCM
Điện thoại: 0283 8643 955         
Website: http://www.reactec.vn
Email: reactec@hcmut.edu.vn    
Giám đốc: TS. Lưu Xuân Lộc"
492,Số điện thoại của Trung tâm Nghiên cứu về nước khu vực châu Á (CARE-Rescif) là bao nhiêu?,"B6 – 268 Lý Thường Kiệt, Phường 14, Quận 10, TP. HCM","Trung tâm Nghiên cứu về nước khu vực châu Á (CARE-Rescif)
Văn phòng: Nhà B7, 268 Lý Thường Kiệt, Phường 14, Quận 10, TP.HCM
Điện thoại: 0283 8661 257
Email: care-rescif@hcmut.edu.vn
Website: https://www.carerescif.hcmut.edu.vn
Giám đốc: TS. Hồ Tuấn Đức"
493,Văn phòng của Trung tâm Nghiên cứu Vật liệu Polyme tọa lại tại đâu ?,0283 8643 955,"Trung tâm Nghiên cứu Ứng dụng Công nghệ Xây dựng
Văn phòng: B6 – 268 Lý Thường Kiệt, Phường 14, Quận 10, TP. HCM
Điện thoại: 0283 8643 955         
Website: http://www.reactec.vn
Email: reactec@hcmut.edu.vn    
Giám đốc: TS. Lưu Xuân Lộc"
494,Ai là giám đốc Trung tâm Nghiên cứu Ứng dụng Công nghệ Xây dựng ?,reactec@hcmut.edu.vn,"Trung tâm Nghiên cứu Ứng dụng Công nghệ Xây dựng
Văn phòng: B6 – 268 Lý Thường Kiệt, Phường 14, Quận 10, TP. HCM
Điện thoại: 0283 8643 955         
Website: http://www.reactec.vn
Email: reactec@hcmut.edu.vn    
Giám đốc: TS. Lưu Xuân Lộc"
495,Địa chỉ Trung tâm Nghiên cứu Ứng dụng Công nghệ Xây dựng ở đâu ?,http://www.reactec.vn/,"Trung tâm Nghiên cứu Ứng dụng Công nghệ Xây dựng
Văn phòng: B6 – 268 Lý Thường Kiệt, Phường 14, Quận 10, TP. HCM
Điện thoại: 0283 8643 955         
Website: http://www.reactec.vn
Email: reactec@hcmut.edu.vn    
Giám đốc: TS. Lưu Xuân Lộc"
496,Số điện thoại của Trung tâm Nghiên cứu Ứng dụng Công nghệ Xây dựng là gì ?,PGS. TS. Lê Thị Kim Phụng,"Trung tâm Nghiên cứu Công nghệ Lọc Hóa dầu (RPTC)
Văn phòng: 268 Lý Thường Kiệt, Quận 10, TP. HCM
Điện thoại: 0283 8660 678
Fax: 0283 8660 678
Email: rptc@hcmut.edu.vn
Giám đốc: PGS. TS. Lê Thị Kim Phụng
Email của Giám đốc: phungle@hcmut.edu.vn"
497,Email của Trung tâm Nghiên cứu Ứng dụng Công nghệ Xây dựng là gì ?,"268 Lý Thường Kiệt, Quận 10, TP. HCM","Trung tâm Nghiên cứu Ứng dụng Công nghệ Xây dựng
Văn phòng: B6 – 268 Lý Thường Kiệt, Phường 14, Quận 10, TP. HCM
Điện thoại: 0283 8643 955         
Website: http://www.reactec.vn
Email: reactec@hcmut.edu.vn    
Giám đốc: TS. Lưu Xuân Lộc"
498,Trung tâm Nghiên cứu Ứng dụng Công nghệ Xây dựng có website nào không ?,0283 8660 678,"Trung tâm Nghiên cứu Công nghệ Lọc Hóa dầu (RPTC)
Văn phòng: 268 Lý Thường Kiệt, Quận 10, TP. HCM
Điện thoại: 0283 8660 678
Fax: 0283 8660 678
Email: rptc@hcmut.edu.vn
Giám đốc: PGS. TS. Lê Thị Kim Phụng
Email của Giám đốc: phungle@hcmut.edu.vn"
499,Giám đốc của Trung tâm Nghiên cứu Công nghệ Lọc Hóa dầu là ai ?,rptc@hcmut.edu.vn,"Trung tâm Nghiên cứu Công nghệ Lọc Hóa dầu (RPTC)
Văn phòng: 268 Lý Thường Kiệt, Quận 10, TP. HCM
Điện thoại: 0283 8660 678
Fax: 0283 8660 678
Email: rptc@hcmut.edu.vn
Giám đốc: PGS. TS. Lê Thị Kim Phụng
Email của Giám đốc: phungle@hcmut.edu.vn"
500,Địa chỉ Trung tâm Nghiên cứu Công nghệ Lọc Hóa dầu ở đâu ?,phungle@hcmut.edu.vn,"Trung tâm Nghiên cứu Công nghệ Lọc Hóa dầu (RPTC)
Văn phòng: 268 Lý Thường Kiệt, Quận 10, TP. HCM
Điện thoại: 0283 8660 678
Fax: 0283 8660 678
Email: rptc@hcmut.edu.vn
Giám đốc: PGS. TS. Lê Thị Kim Phụng
Email của Giám đốc: phungle@hcmut.edu.vn"
501,Số điện thoại của Trung tâm Nghiên cứu Công nghệ Lọc Hóa dầu là gì ?,Nhà C3,"Trung tâm Nghiên cứu Công nghệ Lọc Hóa dầu (RPTC)
Văn phòng: 268 Lý Thường Kiệt, Quận 10, TP. HCM
Điện thoại: 0283 8660 678
Fax: 0283 8660 678
Email: rptc@hcmut.edu.vn
Giám đốc: PGS. TS. Lê Thị Kim Phụng
Email của Giám đốc: phungle@hcmut.edu.vn"
502,Email của Trung tâm Nghiên cứu Công nghệ Lọc Hóa dầu là gì ?,"Văn phòng: Nhà C3, 268 Lý Thường Kiệt, Phường 14, Quận 10, TP.HCM.  
    Điện thoại: 0283 8686 996  
    Email: bk-recme@hcmut.edu.vn  
    Giám đốc: PGS. TS. Võ Tường Quân  
    Email của Giám đốc: [vtquan@hcmut.edu.vn](mailto:vtquan@hcmut.edu.vn)","Trung tâm Nghiên cứu Thiết bị và Công nghệ Cơ khí Bách Khoa (BK-RECME)
Văn phòng: Nhà C3, 268 Lý Thường Kiệt, Phường 14, Quận 10, TP.HCM.
Điện thoại: 0283 8686 996
Email: bk-recme@hcmut.edu.vn
Giám đốc: PGS. TS. Võ Tường Quân
Email của Giám đốc: vtquan@hcmut.edu.vn"
503,Tôi có thể liên lạc với Giám đốc Trung tâm Nghiên cứu Công nghệ Lọc Hóa dầu qua đâu ?,PGS. TS. Võ Tường Quân,"Trung tâm Nghiên cứu Thiết bị và Công nghệ Cơ khí Bách Khoa (BK-RECME)
Văn phòng: Nhà C3, 268 Lý Thường Kiệt, Phường 14, Quận 10, TP.HCM.
Điện thoại: 0283 8686 996
Email: bk-recme@hcmut.edu.vn
Giám đốc: PGS. TS. Võ Tường Quân
Email của Giám đốc: vtquan@hcmut.edu.vn"
504,Tôi muốn hỏi về địa chỉ văn phòng của Trung tâm Nghiên cứu Thiết bị và Công nghệ Cơ khí Bách Khoa là ở đâu?,vtquan@hcmut.edu.vn,"Trung tâm Nghiên cứu Thiết bị và Công nghệ Cơ khí Bách Khoa (BK-RECME)
Văn phòng: Nhà C3, 268 Lý Thường Kiệt, Phường 14, Quận 10, TP.HCM.
Điện thoại: 0283 8686 996
Email: bk-recme@hcmut.edu.vn
Giám đốc: PGS. TS. Võ Tường Quân
Email của Giám đốc: vtquan@hcmut.edu.vn"
505,Tôi có thể liên hệ Trung tâm Nghiên cứu Thiết bị và Công nghệ Cơ khí Bách Khoa như thế nào,"268 Lý Thường Kiệt, Phường 14, Quận 10, TP. HCM","Trung tâm Nghiên cứu Thiết bị và Công nghệ Cơ khí Bách Khoa (BK-RECME)
Văn phòng: Nhà C3, 268 Lý Thường Kiệt, Phường 14, Quận 10, TP.HCM.
Điện thoại: 0283 8686 996
Email: bk-recme@hcmut.edu.vn
Giám đốc: PGS. TS. Võ Tường Quân
Email của Giám đốc: vtquan@hcmut.edu.vn"
506,Vậy ai đang là Giám đốc của Trung tâm Nghiên cứu Thiết bị và Công nghệ Cơ khí Bách Khoa?,0283 8647 256 – 5370,"Trung tâm Kỹ thuật Điện toán
Văn phòng: 268 Lý Thường Kiệt, Phường 14, Quận 10, TP. HCM
Điện thoại: 0283 8647 256 – 5370     Fax: 0283 8658 687
Website: http://www.cce.hcmut.edu.vn
Giám đốc: PGS. TS. Thoại Nam
Email của Giám đốc: nam@cse.hcmut.edu.vn"
507,Tôi có thể liên hệ Giám đốc Trung tâm Nghiên cứu Thiết bị và Công nghệ Cơ khí Bách Khoa qua Email được không?,http://www.cce.hcmut.edu.vn,"Trung tâm Kỹ thuật Điện toán
Văn phòng: 268 Lý Thường Kiệt, Phường 14, Quận 10, TP. HCM
Điện thoại: 0283 8647 256 – 5370     Fax: 0283 8658 687
Website: http://www.cce.hcmut.edu.vn
Giám đốc: PGS. TS. Thoại Nam
Email của Giám đốc: nam@cse.hcmut.edu.vn"
508,Tôi muốn hỏi về địa chỉ văn phòng của Trung tâm Kỹ thuật Điện toán là ở đâu?,PGS. TS. Thoại Nam,"Trung tâm Kỹ thuật Điện toán
Văn phòng: 268 Lý Thường Kiệt, Phường 14, Quận 10, TP. HCM
Điện thoại: 0283 8647 256 – 5370     Fax: 0283 8658 687
Website: http://www.cce.hcmut.edu.vn
Giám đốc: PGS. TS. Thoại Nam
Email của Giám đốc: nam@cse.hcmut.edu.vn"
509,Tôi có thể liên hệ qua số điện thoại của Trung tâm Kỹ thuật Điện toán được không?,nam@cse.hcmut.edu.vn,"Trung tâm Kỹ thuật Điện toán
Văn phòng: 268 Lý Thường Kiệt, Phường 14, Quận 10, TP. HCM
Điện thoại: 0283 8647 256 – 5370     Fax: 0283 8658 687
Website: http://www.cce.hcmut.edu.vn
Giám đốc: PGS. TS. Thoại Nam
Email của Giám đốc: nam@cse.hcmut.edu.vn"
510,Tôi muốn biết thêm thông tin qua trang web của Trung tâm Kỹ thuật Điện toán được không?,vtquan@hcmut.edu.vn,"Trung tâm Nghiên cứu Thiết bị và Công nghệ Cơ khí Bách Khoa (BK-RECME)
Văn phòng: Nhà C3, 268 Lý Thường Kiệt, Phường 14, Quận 10, TP.HCM.
Điện thoại: 0283 8686 996
Email: bk-recme@hcmut.edu.vn
Giám đốc: PGS. TS. Võ Tường Quân
Email của Giám đốc: vtquan@hcmut.edu.vn

Trung tâm Kỹ thuật Điện toán
Văn phòng: 268 Lý Thường Kiệt, Phường 14, Quận 10, TP. HCM
Điện thoại: 0283 8647 256 – 5370     Fax: 0283 8658 687
Website: http://www.cce.hcmut.edu.vn
Giám đốc: PGS. TS. Thoại Nam
Email của Giám đốc: nam@cse.hcmut.edu.vn"
511,Ai là Giám đốc của Trung tâm Kỹ thuật Điện toán hiện nay?,BK-RECME,"Trung tâm Kỹ thuật Điện toán
Văn phòng: 268 Lý Thường Kiệt, Phường 14, Quận 10, TP. HCM
Điện thoại: 0283 8647 256 – 5370     Fax: 0283 8658 687
Website: http://www.cce.hcmut.edu.vn
Giám đốc: PGS. TS. Thoại Nam
Email của Giám đốc: nam@cse.hcmut.edu.vn"
512,Tôi muốn liên hệ qua email của Giám đốc Trung tâm Kỹ thuật Điện toán thì làm sao?,GVC. ThS. Lại Huy Hùng,"Trung tâm Nghiên cứu và Hỗ trợ đào tạo Quản trị doanh nghiệp (BR&T)
Văn phòng: P.101 nhà B10 – 268 Lý Thường Kiệt, Phường 14, Quận 10, TP.HCM
Điện thoại: 0283 8646 136 – 5605  
Email: info@brnt.edu.vn
Giám đốc: GVC. ThS. Lại Huy Hùng
Email của Giám đốc: lhhung@hcmut.edu.vn"
513,Tôi muốn trao đổi thêm thông tin qua email của Trung tâm Nghiên cứu Thiết bị và Công nghệ Cơ khí Bách Khoa bằng cách nào?,101 B10,"Trung tâm Nghiên cứu và Hỗ trợ đào tạo Quản trị doanh nghiệp (BR&T)
Văn phòng: P.101 nhà B10 – 268 Lý Thường Kiệt, Phường 14, Quận 10, TP.HCM
Điện thoại: 0283 8646 136 – 5605  
Email: info@brnt.edu.vn
Giám đốc: GVC. ThS. Lại Huy Hùng
Email của Giám đốc: lhhung@hcmut.edu.vn

Viện Nghiên cứu năng lượng Bền vững
Văn phòng: P.101 nhà B10 – 268 Lý Thường Kiệt, Phường 14, Quận 10, TP. HCM
Email: rise@hcmut.edu.vn
Viện trưởng: TS. Bùi Trọng Vinh"
514,Trung tâm Nghiên cứu Thiết bị và Công nghệ Cơ khí Bách Khoa còn có tên gọi nào không?,lhhung@hcmut.edu.vn,"Trung tâm Nghiên cứu và Hỗ trợ đào tạo Quản trị doanh nghiệp (BR&T)
Văn phòng: P.101 nhà B10 – 268 Lý Thường Kiệt, Phường 14, Quận 10, TP.HCM
Điện thoại: 0283 8646 136 – 5605  
Email: info@brnt.edu.vn
Giám đốc: GVC. ThS. Lại Huy Hùng
Email của Giám đốc: lhhung@hcmut.edu.vn"
515,Ai là giám đốc Trung tâm Nghiên cứu và Hỗ trợ đào tạo Quản trị doanh nghiệp (BR&T) ?,info@brnt.edu.vn,"Trung tâm Nghiên cứu và Hỗ trợ đào tạo Quản trị doanh nghiệp (BR&T)
Văn phòng: P.101 nhà B10 – 268 Lý Thường Kiệt, Phường 14, Quận 10, TP.HCM
Điện thoại: 0283 8646 136 – 5605  
Email: info@brnt.edu.vn
Giám đốc: GVC. ThS. Lại Huy Hùng
Email của Giám đốc: lhhung@hcmut.edu.vn"
516,Địa chỉ Trung tâm Nghiên cứu và Hỗ trợ đào tạo Quản trị doanh nghiệp ở đâu ?,0283 8646 136 – 5605,"Trung tâm Nghiên cứu và Hỗ trợ đào tạo Quản trị doanh nghiệp (BR&T)
Văn phòng: P.101 nhà B10 – 268 Lý Thường Kiệt, Phường 14, Quận 10, TP.HCM
Điện thoại: 0283 8646 136 – 5605  
Email: info@brnt.edu.vn
Giám đốc: GVC. ThS. Lại Huy Hùng
Email của Giám đốc: lhhung@hcmut.edu.vn"
517,Tôi có thể liên lạc với giám đốc Trung tâm Nghiên cứu và Hỗ trợ đào tạo Quản trị doanh nghiệp qua đâu?,TS. Bùi Trọng Vinh,"Trung tâm Nghiên cứu và Hỗ trợ đào tạo Quản trị doanh nghiệp (BR&T)
Văn phòng: P.101 nhà B10 – 268 Lý Thường Kiệt, Phường 14, Quận 10, TP.HCM
Điện thoại: 0283 8646 136 – 5605  
Email: info@brnt.edu.vn
Giám đốc: GVC. ThS. Lại Huy Hùng
Email của Giám đốc: lhhung@hcmut.edu.vn

Viện Nghiên cứu năng lượng Bền vững
Văn phòng: P.101 nhà B10 – 268 Lý Thường Kiệt, Phường 14, Quận 10, TP. HCM
Email: rise@hcmut.edu.vn
Viện trưởng: TS. Bùi Trọng Vinh"
518,Email của Trung tâm Nghiên cứu và Hỗ trợ đào tạo Quản trị doanh nghiệp là gì?,101 B10 hoặc email rise@hcmut.edu.vn,"Trung tâm Nghiên cứu và Hỗ trợ đào tạo Quản trị doanh nghiệp (BR&T)
Văn phòng: P.101 nhà B10 – 268 Lý Thường Kiệt, Phường 14, Quận 10, TP.HCM
Điện thoại: 0283 8646 136 – 5605  
Email: info@brnt.edu.vn
Giám đốc: GVC. ThS. Lại Huy Hùng
Email của Giám đốc: lhhung@hcmut.edu.vn

Viện Nghiên cứu năng lượng Bền vững
Văn phòng: P.101 nhà B10 – 268 Lý Thường Kiệt, Phường 14, Quận 10, TP. HCM
Email: rise@hcmut.edu.vn
Viện trưởng: TS. Bùi Trọng Vinh"
519,Cho tôi biết số điện thoại để liên hệ đến Trung tâm Nghiên cứu và Hỗ trợ đào tạo Quản trị doanh nghiệp?,101 B10,"Trung tâm Nghiên cứu và Hỗ trợ đào tạo Quản trị doanh nghiệp (BR&T)
Văn phòng: P.101 nhà B10 – 268 Lý Thường Kiệt, Phường 14, Quận 10, TP.HCM
Điện thoại: 0283 8646 136 – 5605  
Email: info@brnt.edu.vn
Giám đốc: GVC. ThS. Lại Huy Hùng
Email của Giám đốc: lhhung@hcmut.edu.vn"
520,Viện Nghiên cứu năng lượng Bền vững do ai đứng đầu ?,"Không có trang chính thức, chỉ có email rise@hcmut.edu.vn","Viện Nghiên cứu năng lượng Bền vững
Văn phòng: P.101 nhà B10 – 268 Lý Thường Kiệt, Phường 14, Quận 10, TP. HCM
Email: rise@hcmut.edu.vn
Viện trưởng: TS. Bùi Trọng Vinh"
521,Tôi có thể liên lạc tới Viện Nghiên cứu năng lượng Bền vững qua đâu?,"Không có trang chính thức, chỉ có email","Viện Nghiên cứu năng lượng Bền vững
Văn phòng: P.101 nhà B10 – 268 Lý Thường Kiệt, Phường 14, Quận 10, TP. HCM
Email: rise@hcmut.edu.vn
Viện trưởng: TS. Bùi Trọng Vinh"
522,Địa chỉ Viện Nghiên cứu năng lượng Bền vững ở đâu ?,Như câu 570,"Viện Nghiên cứu năng lượng Bền vững
Văn phòng: P.101 nhà B10 – 268 Lý Thường Kiệt, Phường 14, Quận 10, TP. HCM
Email: rise@hcmut.edu.vn
Viện trưởng: TS. Bùi Trọng Vinh"
523,Viện nghiên cứu năng lượng Bền vững có website chính thức nào không ?,"PGS. TS. Thoại Nam 
Email: namthoai@hcmut.edu.vn","Viện Khoa học và Công nghệ tiên tiến liên ngành
Văn phòng: 268 Lý Thường Kiệt, Phường 14, Quận 10, TP. HCM 
Email: ist@hcmut.edu.vn 
Giám đốc: PGS. TS. Thoại Nam 
Email của Giám đốc: namthoai@hcmut.edu.vn

Viện Toán học và các Khoa học Tính toán
Văn phòng: 268 Lý Thường Kiệt, Phường 14, Quận 10, TP. HCM 
Email: ist@hcmut.edu.vn 
Giám đốc: PGS. TS. Thoại Nam 
Email của Giám đốc: namthoai@hcmut.edu.vn"
524,Trung tâm Nghiên cứu và Hỗ trợ đào tạo Quản trị doanh nghiệp có website chính thức nào không ?,Email ist@hcmut.edu.vn hoặc namthoai@hcmut.edu.vn,"Viện Khoa học và Công nghệ tiên tiến liên ngành
Văn phòng: 268 Lý Thường Kiệt, Phường 14, Quận 10, TP. HCM 
Email: ist@hcmut.edu.vn 
Giám đốc: PGS. TS. Thoại Nam 
Email của Giám đốc: namthoai@hcmut.edu.vn

Viện Toán học và các Khoa học Tính toán
Văn phòng: 268 Lý Thường Kiệt, Phường 14, Quận 10, TP. HCM 
Email: ist@hcmut.edu.vn 
Giám đốc: PGS. TS. Thoại Nam 
Email của Giám đốc: namthoai@hcmut.edu.vn"
525,Thông tin liên hệ của Viện Khoa học và Công nghệ tiên tiến liên ngành là gì?,"PGS. TS. Thoại Nam 
Email: namthoai@hcmut.edu.vn","Viện Khoa học và Công nghệ tiên tiến liên ngành
Văn phòng: 268 Lý Thường Kiệt, Phường 14, Quận 10, TP. HCM 
Email: ist@hcmut.edu.vn 
Giám đốc: PGS. TS. Thoại Nam 
Email của Giám đốc: namthoai@hcmut.edu.vn"
526,Ai là viện trường của Viện Khoa học và Công nghệ tiên tiến liên ngành?,301 B9,"Viện Khoa học và Công nghệ tiên tiến liên ngành
Văn phòng: 268 Lý Thường Kiệt, Phường 14, Quận 10, TP. HCM 
Email: ist@hcmut.edu.vn 
Giám đốc: PGS. TS. Thoại Nam 
Email của Giám đốc: namthoai@hcmut.edu.vn"
527,Làm sao để liên hệ với Viện Toán học và các Khoa học Tính toán?,"268 Lý Thường Kiệt, Phường 14, Quận 10, TP. HCM","Viện Toán học và các Khoa học Tính toán
Văn phòng: 268 Lý Thường Kiệt, Phường 14, Quận 10, TP. HCM 
Email: ist@hcmut.edu.vn 
Giám đốc: PGS. TS. Thoại Nam 
Email của Giám đốc: namthoai@hcmut.edu.vn"
528,"Ai là quản lý Viện Toán học và các Khoa học Tính toán, làm sao để liên lạc với họ?","268 Lý Thường Kiệt, Phường 14, Quận 10, TP. HCM","Viện Toán học và các Khoa học Tính toán
Văn phòng: 268 Lý Thường Kiệt, Phường 14, Quận 10, TP. HCM 
Email: ist@hcmut.edu.vn 
Giám đốc: PGS. TS. Thoại Nam 
Email của Giám đốc: namthoai@hcmut.edu.vn"
529,Phòng tính toán nâng cao nằm ở đâu?,B5,"Các Phòng thí nghiệm/xưởng khác
Tính toán nâng cao (Advanced Computing Lab): phòng 301 B9
Khoa học Dữ liệu: phòng 601 C6
Địa Kỹ thuật: Nhà C2 (bên hông tòa B8)
Thạch học: 202 B8
Tài nguyên Trái Đất và Môi trường: 110 B8
PTN Bộ môn Hóa Hữu cơ: 401 - 402 B2
Cơ học Ứng dụng: 201 B4
Vật lý Đại cương: 201 B6
Kỹ thuật Hàng không: 105 C5
Kỹ thuật Tàu thủy: 109 C3
Xưởng thực tập Ô tô: C3
Xưởng Cơ khí: C1
Khu thực hành thí nghiệm của bộ môn Công nghệ nhiệt lạnh: B5
Xưởng thực tập Điện tử: C2 
Xưởng thực tập Điện tử: 116 B1 
Điện tử: 202 B3
Kỹ thuật điện: 103 B1
Phân tích Môi trường: B7
Địa cơ nền móng: 107 B6
Sức Bền Kết cấu: 108 B6
Bộ môn Vật liệu năng lượng: 203 C4
Vật liệu Silicat: 105 C4
Tự động hóa: 207B C1
Thủy lực và Giám sát tình trạng: 104B C1
An ninh mạng: 304 B9
Hóa Đại Cương: 406 B2
Công nghệ Thực phẩm: 101 - 102  B2
Bảo dưỡng công nghiệp: C1
PTN Liên ngành: Tầng hầm H3
PTN Kỹ thuật số/Vi xử lý: 303 H6
Khu thực hành thí nghiệm của bộ môn Kỹ thuật Dệt May: B11
Nghiên cứu năng lượng sóng biển VIBE: 503 B4
Kỹ thuật Dầu khí: 201 B8
Kỹ thuật Y sinh - Công nghệ Laser: 202 - 204 B4"
530,Văn phòng của Viện Toán học và các Khoa học Tính toán nằm ở đâu?,Tầng hầm H3,"Các Phòng thí nghiệm/xưởng khác
Tính toán nâng cao (Advanced Computing Lab): phòng 301 B9
Khoa học Dữ liệu: phòng 601 C6
Địa Kỹ thuật: Nhà C2 (bên hông tòa B8)
Thạch học: 202 B8
Tài nguyên Trái Đất và Môi trường: 110 B8
PTN Bộ môn Hóa Hữu cơ: 401 - 402 B2
Cơ học Ứng dụng: 201 B4
Vật lý Đại cương: 201 B6
Kỹ thuật Hàng không: 105 C5
Kỹ thuật Tàu thủy: 109 C3
Xưởng thực tập Ô tô: C3
Xưởng Cơ khí: C1
Khu thực hành thí nghiệm của bộ môn Công nghệ nhiệt lạnh: B5
Xưởng thực tập Điện tử: C2 
Xưởng thực tập Điện tử: 116 B1 
Điện tử: 202 B3
Kỹ thuật điện: 103 B1
Phân tích Môi trường: B7
Địa cơ nền móng: 107 B6
Sức Bền Kết cấu: 108 B6
Bộ môn Vật liệu năng lượng: 203 C4
Vật liệu Silicat: 105 C4
Tự động hóa: 207B C1
Thủy lực và Giám sát tình trạng: 104B C1
An ninh mạng: 304 B9
Hóa Đại Cương: 406 B2
Công nghệ Thực phẩm: 101 - 102  B2
Bảo dưỡng công nghiệp: C1
PTN Liên ngành: Tầng hầm H3
PTN Kỹ thuật số/Vi xử lý: 303 H6
Khu thực hành thí nghiệm của bộ môn Kỹ thuật Dệt May: B11
Nghiên cứu năng lượng sóng biển VIBE: 503 B4
Kỹ thuật Dầu khí: 201 B8
Kỹ thuật Y sinh - Công nghệ Laser: 202 - 204 B4"
531,Văn phòng của Viện Khoa học và Công nghệ tiên tiến liên ngành nằm ở đâu?,C1,"Viện Khoa học và Công nghệ tiên tiến liên ngành
Văn phòng: 268 Lý Thường Kiệt, Phường 14, Quận 10, TP. HCM 
Email: ist@hcmut.edu.vn 
Giám đốc: PGS. TS. Thoại Nam 
Email của Giám đốc: namthoai@hcmut.edu.vn

Viện Toán học và các Khoa học Tính toán
Văn phòng: 268 Lý Thường Kiệt, Phường 14, Quận 10, TP. HCM 
Email: ist@hcmut.edu.vn 
Giám đốc: PGS. TS. Thoại Nam 
Email của Giám đốc: namthoai@hcmut.edu.vn"
532,Khu thực hành của bộ môn Công nghệ nhiệt lạnh nằm ở đâu?,202-204 B4,"Các Phòng thí nghiệm/xưởng khác
Tính toán nâng cao (Advanced Computing Lab): phòng 301 B9
Khoa học Dữ liệu: phòng 601 C6
Địa Kỹ thuật: Nhà C2 (bên hông tòa B8)
Thạch học: 202 B8
Tài nguyên Trái Đất và Môi trường: 110 B8
PTN Bộ môn Hóa Hữu cơ: 401 - 402 B2
Cơ học Ứng dụng: 201 B4
Vật lý Đại cương: 201 B6
Kỹ thuật Hàng không: 105 C5
Kỹ thuật Tàu thủy: 109 C3
Xưởng thực tập Ô tô: C3
Xưởng Cơ khí: C1
Khu thực hành thí nghiệm của bộ môn Công nghệ nhiệt lạnh: B5
Xưởng thực tập Điện tử: C2 
Xưởng thực tập Điện tử: 116 B1 
Điện tử: 202 B3
Kỹ thuật điện: 103 B1
Phân tích Môi trường: B7
Địa cơ nền móng: 107 B6
Sức Bền Kết cấu: 108 B6
Bộ môn Vật liệu năng lượng: 203 C4
Vật liệu Silicat: 105 C4
Tự động hóa: 207B C1
Thủy lực và Giám sát tình trạng: 104B C1
An ninh mạng: 304 B9
Hóa Đại Cương: 406 B2
Công nghệ Thực phẩm: 101 - 102  B2
Bảo dưỡng công nghiệp: C1
PTN Liên ngành: Tầng hầm H3
PTN Kỹ thuật số/Vi xử lý: 303 H6
Khu thực hành thí nghiệm của bộ môn Kỹ thuật Dệt May: B11
Nghiên cứu năng lượng sóng biển VIBE: 503 B4
Kỹ thuật Dầu khí: 201 B8
Kỹ thuật Y sinh - Công nghệ Laser: 202 - 204 B4"
533,Phòng thí nghiệm Liên ngành nằm ở toà nào?,,"Các Phòng thí nghiệm/xưởng khác
Tính toán nâng cao (Advanced Computing Lab): phòng 301 B9
Khoa học Dữ liệu: phòng 601 C6
Địa Kỹ thuật: Nhà C2 (bên hông tòa B8)
Thạch học: 202 B8
Tài nguyên Trái Đất và Môi trường: 110 B8
PTN Bộ môn Hóa Hữu cơ: 401 - 402 B2
Cơ học Ứng dụng: 201 B4
Vật lý Đại cương: 201 B6
Kỹ thuật Hàng không: 105 C5
Kỹ thuật Tàu thủy: 109 C3
Xưởng thực tập Ô tô: C3
Xưởng Cơ khí: C1
Khu thực hành thí nghiệm của bộ môn Công nghệ nhiệt lạnh: B5
Xưởng thực tập Điện tử: C2 
Xưởng thực tập Điện tử: 116 B1 
Điện tử: 202 B3
Kỹ thuật điện: 103 B1
Phân tích Môi trường: B7
Địa cơ nền móng: 107 B6
Sức Bền Kết cấu: 108 B6
Bộ môn Vật liệu năng lượng: 203 C4
Vật liệu Silicat: 105 C4
Tự động hóa: 207B C1
Thủy lực và Giám sát tình trạng: 104B C1
An ninh mạng: 304 B9
Hóa Đại Cương: 406 B2
Công nghệ Thực phẩm: 101 - 102  B2
Bảo dưỡng công nghiệp: C1
PTN Liên ngành: Tầng hầm H3
PTN Kỹ thuật số/Vi xử lý: 303 H6
Khu thực hành thí nghiệm của bộ môn Kỹ thuật Dệt May: B11
Nghiên cứu năng lượng sóng biển VIBE: 503 B4
Kỹ thuật Dầu khí: 201 B8
Kỹ thuật Y sinh - Công nghệ Laser: 202 - 204 B4"
534,"Muốn đến xưởng cơ khí, thì phải đi đến toà nào?",,"Các Phòng thí nghiệm/xưởng khác
Tính toán nâng cao (Advanced Computing Lab): phòng 301 B9
Khoa học Dữ liệu: phòng 601 C6
Địa Kỹ thuật: Nhà C2 (bên hông tòa B8)
Thạch học: 202 B8
Tài nguyên Trái Đất và Môi trường: 110 B8
PTN Bộ môn Hóa Hữu cơ: 401 - 402 B2
Cơ học Ứng dụng: 201 B4
Vật lý Đại cương: 201 B6
Kỹ thuật Hàng không: 105 C5
Kỹ thuật Tàu thủy: 109 C3
Xưởng thực tập Ô tô: C3
Xưởng Cơ khí: C1
Khu thực hành thí nghiệm của bộ môn Công nghệ nhiệt lạnh: B5
Xưởng thực tập Điện tử: C2"
535,Xưởng kĩ thuật của ngành Y sinh - Công nghệ Laser nằm ở vị trí nào?,,"Các Phòng thí nghiệm/xưởng khác
Tính toán nâng cao (Advanced Computing Lab): phòng 301 B9
Khoa học Dữ liệu: phòng 601 C6
Địa Kỹ thuật: Nhà C2 (bên hông tòa B8)
Thạch học: 202 B8
Tài nguyên Trái Đất và Môi trường: 110 B8
PTN Bộ môn Hóa Hữu cơ: 401 - 402 B2
Cơ học Ứng dụng: 201 B4
Vật lý Đại cương: 201 B6
Kỹ thuật Hàng không: 105 C5
Kỹ thuật Tàu thủy: 109 C3
Xưởng thực tập Ô tô: C3
Xưởng Cơ khí: C1
Khu thực hành thí nghiệm của bộ môn Công nghệ nhiệt lạnh: B5
Xưởng thực tập Điện tử: C2 
Xưởng thực tập Điện tử: 116 B1 
Điện tử: 202 B3
Kỹ thuật điện: 103 B1
Phân tích Môi trường: B7
Địa cơ nền móng: 107 B6
Sức Bền Kết cấu: 108 B6
Bộ môn Vật liệu năng lượng: 203 C4
Vật liệu Silicat: 105 C4
Tự động hóa: 207B C1
Thủy lực và Giám sát tình trạng: 104B C1
An ninh mạng: 304 B9
Hóa Đại Cương: 406 B2
Công nghệ Thực phẩm: 101 - 102  B2
Bảo dưỡng công nghiệp: C1
PTN Liên ngành: Tầng hầm H3
PTN Kỹ thuật số/Vi xử lý: 303 H6
Khu thực hành thí nghiệm của bộ môn Kỹ thuật Dệt May: B11
Nghiên cứu năng lượng sóng biển VIBE: 503 B4
Kỹ thuật Dầu khí: 201 B8
Kỹ thuật Y sinh - Công nghệ Laser: 202 - 204 B4"
10,"Thưa anh/chị, học phí các chương trình của trường dao động bao nhiêu?","15 đến 40 triệu đồng/HK, tùy chương trình. Nếu chuyển tiếp qua đại học đối tác thì có thể lên 91 triệu/HK (Nhật Bản) hoặc khoảng 560 \- 900 triệu đồng/năm (Úc, Mỹ, New Zealand)","Chương trình Tiêu chuẩn
Đào tạo 40 ngành/ chuyên ngành (các ngành tuyển sinh theo nhóm ngành sẽ phân ngành từ năm thứ 2 theo kết quả học tập), giảng dạy bằng tiếng Việt, học phí khoảng 15 triệu đồng/HK, kế hoạch đào tạo 4 năm, địa điểm học tại Cơ sở Dĩ An

Chương trình Tài năng
Đào tạo 15 nhóm ngành/ ngành, dạy bằng tiếng Việt (dựa trên chương trình Tiêu chuẩn với các môn cốt lõi dành cho chương trình Tài năng), học phí khoảng 15 triệu đồng/HK, xét tuyển sinh viên Giỏi từ năm thứ 2, kế hoạch đào tạo 4 năm.

Chương trình Tiên tiến
Đào tạo 1 ngành, dạy hoàn toàn bằng tiếng Anh, giáo trình chuyển giao từ ĐH Illinois Urbana Champaign, được cải tiến qua các năm để phù hợp với thực tiễn, học phí khoảng 40 triệu đồng/HK, kế hoạch đào tạo 4 năm, địa điểm học tại Cơ sở Lý Thường Kiệt. Chuẩn tiếng Anh đầu vào đạt IELTS (Academic) ≥ 6.0/ TOEFL iBT ≥ 79/ TOEIC Nghe - Đọc ≥ 730 & Nói - Viết ≥ 280. Bằng tốt nghiệp do Trường ĐH Bách khoa cấp.

Chương trình Kỹ sư Chất lượng cao Việt-Pháp (PFIEV)
Đào tạo 8 chuyên ngành kỹ sư hợp tác với 8 trường kỹ sư danh tiếng tại Pháp, học tập bằng tiếng Việt, học phí khoảng 15 triệu đồng/HK, xét tuyển tân sinh viên đã trúng tuyển (không phân biệt mã ngành), kế hoạch đào tạo 5 năm, địa điểm học tại Cơ sở Lý Thường Kiệt. Bằng kỹ sư - thạc sĩ do trường ĐH Bách khoa cấp (được công nhận tương đương bậc thạc sĩ Châu Âu), phụ lục bằng kỹ sư với trường đối tác Pháp."
18,Cho em hỏi ngành nào có chỉ tiêu cao nhất và ngành nào thấp nhất của chương trình giảng dạy bằng tiếng anh vậy ạ?,"Kỹ thuật hóa học nhiều nhất với 150 chỉ tiêu, còn thấp nhất thì rất nhiều ngành (đều có 40 chỉ tiêu)","Chương trình Dạy và học bằng tiếng Anh Đào tạo 27 ngành/ chuyên ngành (gồm 05 ngành/ chuyên ngành dự kiến), dạy hoàn toàn bằng tiếng Anh, học phí khoảng 40 triệu đồng/HK, kế hoạch đào tạo 4 năm, địa điểm học tại Cơ sở Lý Thường Kiệt. Chuẩn tiếng Anh đầu vào đạt IELTS (Academic) ≥ 6.0/ TOEFL iBT ≥ 79/ TOEIC Nghe - Đọc ≥ 730 & Nói - Viết ≥ 280. Bằng tốt nghiệp do Trường ĐH Bách khoa cấp."
97,Ai là người phụ trách đào tạo và công tác sinh viên ở Khoa Công nghệ Vật liệu?,"- Kỹ thuật Cơ khí: chuyên ngành: Kỹ thuật Cơ khí, Thiết kế khuôn; Kỹ thuật Chế tạo; Kỹ thuật Thiết kế  
    - Kỹ thuật Cơ Điện tử: chuyên ngành: Kỹ thuật Cơ điện tử, Kỹ thuật Robot  
    - Kỹ thuật Nhiệt: chuyên ngành: Kỹ thuật Nhiệt lạnh; Kỹ thuật nhiệt  
    - Dệt \- May: ngành/chuyên ngành: Công nghệ Dệt, May; Công nghệ May \- Thời trang; Kỹ thuật Dệt; Công nghệ Sợi dệt  
    - Kỹ thuật Hệ thống Công nghiệp  
    - Logistics và Quản lý chuỗi cung ứng  
    - Bảo dưỡng Công nghiệp","Giới thiệu

Vật liệu là sự lựa chọn lý tưởng cho những bạn đam mê Hóa học, Vật lý, Sinh học và liên ngành Khoa học tự nhiên; khám phá sự sống và vẻ đẹp mới mẻ của thế giới vật chất. Những bạn trẻ tò mò về thế giới vật chất rắn, quy trình công nghệ sản xuất, và chế tạo sản phẩm ứng dụng thiết thực sẽ tìm thấy trong ngành này nhiều cơ hội để phát triển kỹ năng và kiến thức. Học tập và nghiên cứu trong lĩnh vực khoa học Kỹ thuật Vật liệu góp phần thay đổi thế giới.

Nền tảng cơ sở của ngành Kỹ thuật Vật liệu cung cấp cơ hội cho việc tiếp thu kiến thức chuyên sâu và phát triển khả năng học tập ở trình độ cao. Đồng thời, kiến thức chuyên ngành bao gồm hệ thống công nghệ gia công, sản xuất sản phẩm vật liệu, cũng như khả năng nghiên cứu và phát triển vật liệu và sản phẩm mới. Người học được đào tạo với đủ năng lực để phát hiện và giải quyết các vấn đề công nghệ và kỹ thuật vật liệu. Ngoài ra, kỹ năng nghề nghiệp, giao tiếp, làm việc nhóm, kỹ năng giải quyết vấn đề, và tư duy sáng tạo được tích lũy với mục tiêu phát triển công việc trong môi trường liên ngành, quốc tế.

Mã ngành
Chương trình Tiêu chuẩn: 129
Chương trình Dạy và học bằng tiếng Anh: 229

Các điểm đặc biệt của ngành

NGÀNH KỸ THUẬT VẬT LIỆU (Tiếng Việt & Tiếng Anh)

Chương trình đào tạo phân bố trong 8 học kỳ (4 năm), với các kiến thức cơ sở nền tảng ngành nghề sản xuất, gia công, kiểm tra đánh giá tính chất cơ - lý - hóa - điện vật liệu. Đáng chú ý là khối kiến thức thực hành thí nghiệm trên các trang thiết bị hiện đại, khối kiến thức thực tập thực tế tại các nhà máy, doanh nghiệp sản xuất trong ngành công nghệ vật liệu như Kim loại - Hợp kim, Gốm - thủy tinh - xi măng, Cao su - nhựa - composite, Vật liệu năng lượng và các nhóm vật liệu công nghệ cao như bán dẫn điện tử, vật liệu thông minh tự lành, tự liền, tự cảm biến; vật liệu y tế, công nghệ nano, công nghệ in 3D vật liệu. Chương trình đạt chứng nhận kiểm định quốc tế AUN/QA năm 2022 và có thể liên kết học tập trao đổi với các trường đối tác nước ngoài, liên thông Thạc sĩ"
166,mình muốn liên hệ với trưởng bộ môn kiến trúc,thnhan@hcmut.edu.vn,"Liên hệ
Văn phòng Khoa Kỹ thuật Xây dựng, tòa nhà B6, Trường Đại học Bách khoa - ĐHQG-HCM.
268 Lý Thường Kiệt, Phường 14, Quận 10, TP. HCM
0909541280 (Ths. KTS Phạm Đức Thắng)
fwww.facebook.com/groups/112647045555501/
hcmut.edu.vn/tuyen-sinh-dh/dai-hoc-chinh-quy
thang.bmkt@hcmut.edu.vn"
217,Địa chỉ website của Khoa học Ứng dụng là gì vậy ạ?,https://cse.hcmut.edu.vn,"Khoa Khoa học Ứng dụng
Cơ cấu nhân sự: 
Ban Chủ nhiệm Khoa
Trưởng khoa: TS. Lê Xuân Đại (Email: ytkadai@hcmut.edu.vn)
Phó Trưởng khoa: PGS. TS. Trần Trung Nghĩa (Email: ttnghia@hcmut.edu.vn)
Phó Trưởng khoa: TS. Đào Thị Bích Hồng (Email: daobichhong@hcmut.edu.vn)
Phó Trưởng khoa: PGS. TS. Nguyễn Thanh Nhã (Email: nhanguyen@hcmut.edu.vn)
Bộ môn
Bộ môn Vật lý Kỹ thuật Y sinh
Trưởng bộ môn: PGS. TS. Trần Thị Thu Hạnh
Email: thuhanhsp@hcmut.edu.vn
Bộ môn Cơ kỹ thuật
Trưởng bộ môn: TS. Nguyễn Duy Khương
Email: ndkhuong@hcmut.edu.vn
Bộ môn Lý luận Chính trị
Trưởng bộ môn: TS. Đào Thị Bích Hồng
Email: daobichhong@hcmut.edu.vn
Bộ môn Toán ứng dụng
Trưởng bộ môn: TS. Nguyễn Tiến Dũng
Email: dungnt@hcmut.edu.vn
Bộ môn Vật lý Ứng dụng
Trưởng bộ môn: TS. Đậu Sỹ Hiếu
Email: dausyhieu@hcmut.edu.vn
Đào tạo:
Bậc Đại học: 
Chương trình Tiêu chuẩn: 
Vật lý Kỹ thuật: Chuyên ngành: Kỹ thuật Y sinh, Vật lý Tính toán, Vật lý Kỹ thuật
Cơ Kỹ thuật
Khoa học Dữ liệu
Chương trình Dạy và học bằng tiếng Anh: Vật lý Kỹ thuật: Chuyên ngành Kỹ thuật Y sinh
Chương trình Định hướng Nhật Bản: ngành Cơ Kỹ thuật
Bậc Thạc sĩ
Cơ Kỹ thuật
Vật lý Kỹ thuật
Toán Ứng dụng
Khoa học Tính toán
Bậc Tiến sĩ
Cơ Kỹ thuật
Vật lý Kỹ thuật
Toán Ứng dụng
Xưởng, Phòng thí nghiệm:
Phòng thí nghiệm trực thuộc khoa
PTN Cơ học Ứng dụng
Trưởng PTN: TS. Phạm Bảo Toàn
Email: baotoanbk@hcmut.edu.vn
PTN Vật lý Tính toán
Trưởng PTN: PGS. TS. Đỗ Ngọc Sơn
Email: dnson@hcmut.edu.vn
PTN Công nghệ Laser
Trưởng PTN: PGS. TS. Trần Trung Nghĩa
Email: ttnghia@hcmut.edu.vn
PTN Vật lý Đại cương
Trưởng PTN: TS. Trần Anh Tú
Email: tranatu@hcmut.edu.vn
Phòng thí nghiệm trực thuộc bộ môn
PTN Kỹ thuật Y sinh
PTN Tính toán Cơ học
PTN Tính toán Mô phỏng"
282,Vậy văn phòng đào tạo quốc tế có Youtube không?,0283 8645 134 – 0283 8647 256 \- 5302,"Văn phòng Khoa.
Bộ môn
Bộ môn Kỹ thuật hệ thống công nghiệp
Trưởng bộ môn: TS. Nguyễn Vạng Phúc Nguyên
Email: nguyennvp@hcmut.edu.vn
Bộ môn Thiết bị & Công nghệ Vật liệu cơ khí
Trưởng bộ môn: PGS. TS. Nguyễn Thanh Hải
Email: haint@hcmut.edu.vn
Bộ môn Cơ điện tử
Trưởng bộ môn: TS. Phùng Trí Công
Email: ptcong@hcmut.edu.vn
Bộ môn Thiết kế máy
Trưởng bộ môn: TS. Nguyễn Vũ Thịnh
Email: vuthinh.n@hcmut.edu.vn
Bộ môn Kỹ thuật dệt may
Trưởng bộ môn: TS. Lê Song Thanh Quỳnh
Email: lstquynh@hcmut.edu.vn
Bộ môn Chế tạo máy
Trưởng bộ môn: TS. Trần Hải Nam
Email: namth@hcmut.edu.vn
Bộ môn Kỹ thuật Máy xây dựng & Nâng chuyển
Trưởng bộ môn: PGS. TS. Lưu Thanh Tùng
Email: ttluu@hcmut.edu.vn
Bộ môn Công nghệ nhiệt lạnh
Trưởng bộ môn: TS. Hà Anh Tùng
Email: ha-tung@hcmut.edu.vn
Bộ môn Quản lý và kỹ thuật bảo trì
Trưởng bộ môn: PGS. TS. Nguyễn Thanh Trương
Email: thtruong@hcmut.edu.vn"
286,Ở trường đại học Bách khoa có Trung tâm Ngoại ngữ không?,"Điện thoại: 0283 866 6869 – 0909 625 988  
    Fax: 38 386666869  
    Email: bkenglish@hcmut.edu.vn","Khoa Khoa học và Kỹ thuật Máy tính
Cơ cấu nhân sự: 
Ban Chủ nhiệm Khoa
Trưởng khoa: PGS. TS. Quản Thành Thơ (Email: qttho@hcmut.edu.vn)
Phó Trưởng khoa: PGS. TS. Phạm Quốc Cường
Phó Trưởng khoa: PGS. TS. Phạm Hoàng Anh
Phó Trưởng khoa: PGS. TS. Trần Ngọc Thịnh
Bộ môn
Bộ môn Công nghệ Phần mềm: Trưởng bộ môn: TS. Trương Tuấn Anh
Bộ môn Hệ thống thông tin: Khoa trực tiếp phụ trách
Bộ môn Hệ thống và Mạng máy tính: Trưởng bộ môn: TS. Nguyễn Đức Thái
Bộ môn Khoa học Máy tính: Trưởng bộ môn: PGS. TS. Lê Hồng Trang
Bộ môn Kỹ thuật Máy tính: Khoa trực tiếp phụ trách
Đào tạo:
Bậc Đại học: 
Chương trình Tiêu chuẩn: 
Khoa học Máy tính: Chuyên ngành: Khoa học Máy tính, Công nghệ Dữ liệu và Dữ liệu lớn, An ninh Hệ thống và Mạng, Trí tuệ Nhân tạo, Công nghệ Phần mềm
Kỹ thuật Máy tính: Chuyên ngành: Kỹ thuật Máy tính, Hệ thống Tính toán Nâng cao, Internet Vạn vật, Thiết kế Vi mạch số
Chương trình Dạy và học bằng tiếng Anh: 
Khoa học Máy tính: Chuyên ngành: Khoa học Máy tính, Công nghệ Dữ liệu và Dữ liệu lớn, An ninh Hệ thống và Mạng, Trí tuệ Nhân tạo, Công nghệ Phần mềm
Kỹ thuật Máy tính: Chuyên ngành: Kỹ thuật Máy tính, Hệ thống Tính toán Nâng cao, Internet Vạn vật, Thiết kế Vi mạch số
Chương trình Định hướng Nhật Bản: Khoa học Máy tính: Chuyên ngành: Khoa học Máy tính, Công nghệ Dữ liệu và Dữ liệu lớn, An ninh Hệ thống và Mạng, Trí tuệ Nhân tạo, Công nghệ Phần mềm
Chương trình Chuyển tiếp Quốc tế: ngành Khoa học Máy tính, ngành Kỹ thuật Máy tính
Chương trình Liên kết Cử nhân Kỹ thuật Quốc tế: 
Trí tuệ nhân tạo
Công nghệ thông tin
Bậc Thạc sĩ
Khoa học Máy tính
Hệ thống Thông tin Quản lý
Xưởng, Phòng thí nghiệm:
PTN Tính toán hiệu năng cao
PTN Tính toán nâng cao
PTN HCMUT Renesas SuperH Lab
PTN An ninh mạng
PTN Trí tuệ nhân tạo
PTN Khoa học Dữ liệu
Trung tâm hợp tác nghiên cứu đổi mới và công nghệ HCMUT-UTS"
306,Bí thư của Đoàn Thanh niên là ai?,Đ/c Trần Ngọc Bảo Duy \- Email: duytnb@hcmut.edu.vn   \- SĐT: 0335474602,"Khoa Quản lý Công nghiệp
Cơ cấu nhân sự: 
Ban Chủ nhiệm Khoa
Trưởng khoa: TS. Dương Như Hùng (Email: duongnhuhung@hcmut.edu.vn)
Phó Trưởng khoa: TS. Nguyễn Vũ Quang (Email: nvquang@hcmut.edu.vn)
Phó Trưởng khoa: TS. Huỳnh Thị Minh Châu (Email: htmchau@hcmut.edu.vn)
Phó Trưởng khoa: ThS. Trần Duy Thanh (Email: tdthanh@hcmut.edu.vn)
Bộ môn
Hệ thống thông tin quản lý: 
Trưởng bộ môn: PGS. TS. Phạm Quốc Trung
Email: pqtrung@hcmut.edu.vn
Bộ môn Quản lý Sản xuất Vận hành:
Trưởng bộ môn: TS. Lê Phước Luông
Email: lpluong@hcmut.edu.vn
Bộ môn Tài chính: 
Trưởng bộ môn: TS. Nguyễn Thu Hiền
Email: nthuhien@hcmut.edu.vn
Bộ môn Tiếp thị và Quản lý: 
Trưởng bộ môn: TS. Lê Thị Thanh Xuân
Email: lttxuan@hcmut.edu.vn"
443,Cơ sở vất chất của hương trình Dạy và học bằng tiếng Anh ngành Quản lý TNMT có gì đặc biệt?,"Phần ""Vị trí việc làm"" và ""Quan hệ hợp tác và tuyển dụng"" trong file ngành Thiết kế vi mạch","Chương trình Dạy và học bằng tiếng Anh ngành Quản lý TNMT được tổ chức tại CS Lý Thường Kiệt (Quận 10) với những điểm nổi bật như: Được giảng dạy hoàn toàn bằng tiếng Anh, bởi đội ngũ giảng viên là giáo sư trong nước và quốc tế từ các Trường Đại học danh tiếng ở Châu Á, Châu Âu, Úc, Nhật, Mỹ.... Sinh viên có cơ hội tiếp cận dễ dàng với các đề tài nghiên cứu khoa học hoặc các dự án nghiên cứu hợp tác của các giảng viên và giáo sư. Điều kiện học tập tốt (phòng học, PTN, ...) với nhiều dịch vụ (thư viện, canteen, phòng tự học, và được quản lý bởi Văn phòng Đào tạo Quốc tế - OISP) có chất lượng cao. Nhiều cơ hội học tập nâng cao (học bổng Thạc sĩ, Tiến sĩ và trao đổi), công việc tương lai trong môi trường hội nhập quốc tế."
14,"Thưa anh/chị, cho em hỏi là năm nay Trường ĐH Bách khoa (QSB) có mở thêm ngành học nào mới so với năm trước không ạ? Nếu có thì đó là những ngành nào và dự kiến chỉ tiêu tuyển sinh là bao nhiêu?","Ngành Quản trị Kinh doanh (mã ngành 153, chỉ tiêu 40)
Ngành Thiết kế vi mạch (mã ngành 258, chỉ tiêu 40)
Ngành Năng lượng tái tạo (mã ngành 257, chỉ tiêu 40)
Ngành Công nghệ sinh học số (mã ngành 254, chỉ tiêu 40)
Ngành Kinh doanh số (mã ngành 253, chỉ tiêu 40)
Ngành Kinh tế tuần hoàn (mã ngành 255, chỉ tiêu 40)","2. NGÀNH TUYỂN SINH

3. PHƯƠNG THỨC TUYỂN SINH (DỰ KIẾN)
Xét tuyển thẳng (theo quy chế tuyển sinh của Bộ GD&ĐT), chỉ tiêu: 1% ~ 5% tổng chỉ tiêu.
Xét tuyển tổng hợp, chỉ tiêu: 95% ~ 99% tổng chỉ tiêu.
• Đối tượng 1: Trường hợp thí sinh có kết quả thi Đánh giá Năng lực ĐHQG-HCM năm 2025
• Đối tượng 2: Trường hợp thí sinh không có kết quả thi Đánh giá Năng lực ĐHQG-HCM năm 2025
• Đối tượng 3: Trường hợp thí sinh tốt nghiệp chương trình THPT nước ngoài
• Đối tượng 4: Trường hợp thí sinh dùng Chứng chỉ tuyển sinh Quốc tế
• Đối tượng 5: Trường hợp xét tuyển các thí sinh vào chương trình Chuyển tiếp Quốc tế Úc/ Mỹ/ New Zealand của Trường.
Đối tượng: 
Theo Quy chế tuyển sinh hiện hành của Bộ GD&ĐT, Đại học Quốc Gia TP.HCM và Trường Đại học Bách khoa - ĐHQG-HCM.
Ngoại trừ các thí sinh đã từng là sinh viên trường Đại học Bách khoa - ĐHQG-HCM đã bị kỷ luật buộc thôi học trong thời gian 05 năm (kể từ ngày đăng ký xét tuyển sinh năm 2025) hoặc đã bị kỷ luật buộc thôi học do thi hộ hoặc dùng các loại bằng cấp, chứng chỉ, giấy tờ giả mạo.
LƯU Ý:
Thí sinh có chứng chỉ IELTS ≥ 5.0/ TOEFL iBT ≥ 46/ TOEIC nghe - đọc ≥ 460 & nói - viết ≥ 200 sẽ được quy đổi sang điểm môn tiếng Anh trong điểm thi tốt nghiệp THPT và học lực THPT đối với các tổ hợp xét tuyển có dùng môn tiếng Anh.
Đối với TOEIC, để quy đổi ngang hàng thì cặp điểm thành phần nghe – đọc và nói – viết phải đạt đồng thời điểm CCTA theo yêu cầu. Nếu không đạt đồng thời thì điểm quy đổi môn Tiếng Anh sẽ lấy theo cặp điểm thành phần nào thấp hơn.
Thí sinh có thể tham gia xét tuyển bằng một hay nhiều đối tượng khác nhau và sẽ được dùng điểm xét tuyển cao nhất trong các đối tượng này để xét tuyển.
Đối với ngành Kiến trúc: thí sinh đã trúng tuyển và nhập học sẽ tham dự một buổi kiểm tra năng lực kiến trúc để lấy điểm xếp lớp.
Chỉ tiêu tuyển sinh của từng phương thức xét tuyển có thể được điều chỉnh theo tình hình tuyển sinh thực tế."
408,Ngành Kinh tế Xây dựng của Đại học Bách Khoa TP.HCM có gì đặc biệt?,"Phòng thí nghiệm Vật liệu Xây dựng nằm trong tòa nhà B6, Bộ môn Vật liệu Xây dựng, Khoa Kỹ thuật Xây dựng. Với tổng diện tích là 430 m², phòng thí nghiệm được trang bị các máy móc, thiết bị và dụng cụ thí nghiệm phù hợp theo tiêu chuẩn Việt Nam cũng như các tiêu chuẩn quốc tế khác nhằm phục vụ cho công tác đào tạo đại học và sau đại học và nghiên cứu khoa học. Phòng thí nghiệm luôn tạo điều kiện cho người học tìm hiểu và thực hành các thí nghiệm theo các tiêu chuẩn cũng như tiếp cận các kỹ thuật và công nghệ mới trong nước và trên thế giới trong lĩnh vực vật liệu công trình xây dựng.","Cơ sở vật chất chất lượng cao Phòng thí nghiệm hiện đại, đáp ứng việc học tập và nghiên cứu trong lĩnh vực xây dựng. Các phòng thí nghiệm này được trang bị các máy móc, thiết bị và dụng cụ thí nghiệm phù hợp theo tiêu chuẩn Việt Nam cũng như các tiêu chuẩn quốc tế khác nhằm phục vụ cho công tác đào tạo đại học, sau đại học và nghiên cứu khoa học. Phòng thí nghiệm luôn tạo điều kiện cho người học tìm hiểu và thực hành các thí nghiệm theo các tiêu chuẩn cũng như tiếp cận các kỹ thuật và công nghệ mới trong nước và trên thế giới trong lĩnh vực xây dựng."
438,Học kĩ thuật môi trường xong ra trường làm gì?,Có,"Vị trí việc làm
Sau khi tốt nghiệp, sinh viên ngành Kỹ thuật Môi trường có thể đảm nhiệm các vị trí và có hướng phát triển nghề nghiệp như sau:
Các công ty tư vấn thiết kế trong nước và quốc tế về cấp thoát nước, xử lý nước cấp – nước thải, khí thải và chất thải rắn
Các công ty thương mại về thiết bị quan trắc, kiểm soát ô nhiễm môi trường.
Các trung tâm, viện nghiên cứu và các trường đại học.
Các tổ chức tư nhân và công cộng trong lĩnh vực xử lý và kiểm soát ô nhiễm môi trường công nghiệp, đô thị và nông thôn."
441,Học kĩ thuật môi trường thì có cơ hội vào công ty VNEIC ko?,"Tiêu chuẩn: 108, Tiên tiến: 208","Quan hệ hợp tác và tuyển dụng
Các công ty, doanh nghiệp đã và đang hợp tác thường xuyên tuyển dụng sinh viên ngành Kỹ thuật Môi trường, gồm:
Công ty Cải Tiến Xanh.
Công ty TNHH Đầu tư Xây dựng và Công nghệ Môi trường Dương Nhật.
Công ty Grand.
Công ty TNHH Đầu tư và Môi trường Việt Nam (VNEIC).
Công ty Công nghệ và Dịch vụ Môi trường ECO.
Công ty TNHH Môi trường Dương Huỳnh.
Công ty TNHH Môi trường Công nghệ Công Thành,..."
442,Mã ngành của quản lý tài nguyên và môi trường?,File thông tin về ngành Thiết kế vi mạch,"Giới thiệu
Chương trình Đào tạo (CTĐT) ngành Quản lý Tài nguyên và Môi trường (Quản lý TNMT) được thiết kế giúp người học được trang bị các kiến thức và kỹ năng về quản lý môi trường và tài nguyên, bao gồm các lĩnh vực sau: Quản lý môi trường đô thị, khu công nghiệp và nông thôn, An toàn – Sức khỏe – Môi trường (HSE) tại các nhà máy/xínghiệp: Quản lý tài nguyên thiên nhiên (đất, nước, rừng, biển/ đới bờ); Quan trắc Môi trường; Đánh giá tác động và rủi ro môi trường: Ứng dụng Viễn thám và GIS trong quản lý tài nguyên môi trường và thiên tai; các giải pháp về công nghệ kiểm soát ô nhiễm môi trường và xử lý nước cấp, nước thải, khí thải và chất thải rắn; Biến đổi Khí hậu; Công nghệ Xanh,...

Chương trình học và hoạt động dạy - học - thực hành được xây dựng theo cách tiếp cận CDIO (Conceive Design Implement Operate), gắn kết và phù hợp khung năng lực trình độ quốc gia VQF (Vietnam Qualifications Framework). Từ năm 2022, CTĐT của ngành Quản lý TNMT đã đạt chuẩn kiểm định quốc tế ASIIN (Accreditation Agency for Study Programs in Engineering, Informatics, Natural Sciences and Mathematics).

Mã ngành
Chương trình Tiêu chuẩn: 125
Chương trình Dạy và học bằng tiếng Anh: 225"
